125090;Annamaria De Feo;0;Aquile Reali;Blu e Oro;Reali del Cielo
125091;Nello Loreto;0;Cavalieri d'Argento;Argento e Blu;
125092;Giovanna Palmizio;0;Serpenti Dorati;Oro e Rosso;Serpenti Dorati
125093;Michela Collina;0;Corvi della Tempesta;Grigio e Blu;Tempesta Oscura
125094;Mauro Maria Piccioni;0;Falchi Grigi;Grigio e Nero;Falchi del Vento
125095;Aventino Ripamonti;0;Delfini Argentati;Argento e Nero;Onde Argentate
125096;Rosa Angela Miglio;0;Cavalieri d'Argento;Argento e Blu;
125097;Dieter Stabile;0;Dragoni Rossi;Rosso e Nero;Fiamme Rosse
125098;Rosetta Enza Trentacoste;0;Leoni Dorati;Giallo e Nero;Leoni Ruggenti
125099;Maria Grazia Fazzone;0;Delfini Argentati;Argento e Nero;Onde Argentate
125100;Amintore Zuccherini;0;Cavalli Selvaggi;Rosso e Argento;Cavalieri Selvaggi
125101;Paola Pacifico;0;Fulmini Verdi;Verde e Giallo;Lampi Verdi
125102;Ersilia Sinisi;0;Fulmini Verdi;Verde e Giallo;Lampi Verdi
125103;Antonio Gianfranco De Santis;0;Squali Azzurri;Azzurro e Bianco;Predatori del Mare
125104;Patrizia Rotondi;0;Fulmini Verdi;Verde e Giallo;Lampi Verdi
125105;Angelo Wilde;0;Delfini Argentati;Argento e Nero;Onde Argentate
125106;Nitto Francesco Chiusoli;0;Volpi del Bosco;Blu e Rosso;Volpi Veloci
125107;Angelo Ronchi;0;Camaleonti Arcobaleno;Blu e Verde;Camaleonti Magici
125108;Alfredo Fede;0;Zebre Striate;Bianco e Rosso;Zebre Elettriche
125109;Antonio Gianfranco Centaro;0;Dragoni Rossi;Rosso e Nero;Fiamme Rosse
125110;Fulvia Michela D'urso;0;Zebre Striate;Bianco e Rosso;Zebre Elettriche
125111;Bartolomeo Battisti;0;Gatti Neri;Nero e Viola;
125112;Lucio Unterberger;0;Rinoceronti Blu;Verde e Argento;Rino Blu
125113;Giovanbattista Chirilli;0;Corvi della Tempesta;Grigio e Blu;Tempesta Oscura
125114;Erika Saltamartini;0;Cinghiali Selvaggi;Marrone e Verde;Cinghiali Ruggenti
125115;Augusto Chiaromonte;0;Cavalli Selvaggi;Rosso e Argento;Cavalieri Selvaggi
125116;Camilla Piccinelli;0;Elefanti Grigi;Nero e Bianco;Elefanti Titanici
125117;Carlo Azeglio Parrini;0;Elefanti Grigi;Nero e Bianco;Elefanti Titanici
125118;Raffaella Fiormaria Maninetti;0;Dragoni Rossi;Rosso e Nero;Fiamme Rosse
125119;Giuliomaria Pesco;0;Falchi Grigi;Grigio e Nero;Falchi del Vento
125120;Gavino Caligiuri;0;Cinghiali Selvaggi;Marrone e Verde;Cinghiali Ruggenti
125121;Liborio Caddeo;0;Fulmini Verdi;Verde e Giallo;Lampi Verdi
125122;Urania Giulia Rosina Anitori;0;Zebre Striate;Bianco e Rosso;Zebre Elettriche
125123;Orfeo Pucciarelli;0;Serpenti Dorati;Oro e Rosso;Serpenti Dorati
125124;Anna Maria Verini;0;Cavalieri d'Argento;Argento e Blu;
125125;Anna Rita Nocco;0;Orsi Polari;Bianco e Blu;
125126;Ricardo Antonio Turco;0;Delfini Argentati;Argento e Nero;Onde Argentate
125127;Silvestro Vaccari;0;Leoni Dorati;Giallo e Nero;Leoni Ruggenti
125128;Olimpia Robol;0;Camaleonti Arcobaleno;Blu e Verde;Camaleonti Magici
125129;Maurizio Caliendo;0;Tigri Nere;Nero e Arancione;Tigri Infuocate
125130;Nerina Floridia;0;Squali Azzurri;Azzurro e Bianco;Predatori del Mare
125131;Gelsomina Fuda;0;Cinghiali Selvaggi;Marrone e Verde;Cinghiali Ruggenti
125132;Daniele Fluttero;0;Cavalieri d'Argento;Argento e Blu;
125133;Flavio Negri;0;Corvi della Tempesta;Grigio e Blu;Tempesta Oscura
125134;Luis Alberto Boccia;0;Falchi Grigi;Grigio e Nero;Falchi del Vento
125135;Gabriele Garavini;0;Elefanti Grigi;Nero e Bianco;Elefanti Titanici
125136;Guido Lanzi;0;Scorpioni Rossi;Giallo e Verde;Scorpioni d'Acciaio
125137;Mariapia Del Roio;0;Cavalli Selvaggi;Rosso e Argento;Cavalieri Selvaggi
125138;Salvatore Tito Follini;0;Cavalli Selvaggi;Rosso e Argento;Cavalieri Selvaggi
125139;Aleandro De Falco;0;Scorpioni Rossi;Giallo e Verde;Scorpioni d'Acciaio
125140;Daniela Rauti;0;Cinghiali Selvaggi;Marrone e Verde;Cinghiali Ruggenti
125141;Guglielmo Chincarini;0;Camaleonti Arcobaleno;Blu e Verde;Camaleonti Magici
125142;Giulia Mininno;0;Aquile Blu;Blu e Bianco;Aquile Volanti
125143;Daisy Sbarbati;0;Pinguini Polari;Bianco e Nero;
125144;Carmela Ziccone;0;Serpenti Dorati;Oro e Rosso;Serpenti Dorati
125145;Maria Ida Falomi;0;Falchi Grigi;Grigio e Nero;Falchi del Vento
125146;Primo Kofler;0;Leoni Dorati;Giallo e Nero;Leoni Ruggenti
125147;Gregorio Salvi;0;Gufi Notturni;Viola e Grigio;Occhi nella Notte
125148;Raffaella Fiormaria Spilabotte;0;Coccodrilli Verdi;Verde e Marrone;Coccodrilli d'Acciaio
125149;Francesco Tabladini;0;Pantere Rosa;Rosa e Grigio;Pantere Fiere
125150;Michaela Piccinelli;0;Aquile Blu;Blu e Bianco;Aquile Volanti
125151;Elia Tarolli;0;Pinguini Polari;Bianco e Nero;
125152;Adele Candiani;0;Tigri Nere;Nero e Arancione;Tigri Infuocate
125153;Gustavo De Carlo;0;Falchi Grigi;Grigio e Nero;Falchi del Vento
125154;Rosaria Zanettin;0;Cavalli Selvaggi;Rosso e Argento;Cavalieri Selvaggi
125155;Beatrice Pera;0;Volpi del Bosco;Blu e Rosso;Volpi Veloci
125156;Silvia Del Barba;0;Cavalieri d'Argento;Argento e Blu;
125157;Raffaele Albano;0;Aquile Blu;Blu e Bianco;Aquile Volanti
125158;Euprepio Cherchi;0;Rinoceronti Blu;Verde e Argento;Rino Blu
125159;Guido Cesare Modena;0;Dragoni Rossi;Rosso e Nero;Fiamme Rosse
125160;Giovanni Vittorio Bucciero;0;Pantere Rosa;Rosa e Grigio;Pantere Fiere
125161;Maria Giuseppa Papini;0;Scorpioni Rossi;Giallo e Verde;Scorpioni d'Acciaio
125162;Grazia Pardi;0;Cinghiali Selvaggi;Marrone e Verde;Cinghiali Ruggenti
125163;Aleandro Jacchia;0;Leoni Dorati;Giallo e Nero;Leoni Ruggenti
125164;Vincenza Silvestri;0;Corvi della Tempesta;Grigio e Blu;Tempesta Oscura
125165;Maria Chiara Renzi;0;Aquile Blu;Blu e Bianco;Aquile Volanti
125166;Gaspare Antonio Cossutta;0;Pavoni Reali;Oro e Viola;Ali Reali
125167;Francesco Antonio Martini;0;Orsi Polari;Bianco e Blu;
125168;Achille Matrisciano;0;Aquile Reali;Blu e Oro;Reali del Cielo
125169;Corradino Mineo;0;Aquile Blu;Blu e Bianco;Aquile Volanti
125170;Euprepio Calderoli;0;Gufi Notturni;Viola e Grigio;Occhi nella Notte
125171;Mauro Pisanu;0;Volpi del Bosco;Blu e Rosso;Volpi Veloci
125172;Ivan Rojc;0;Scorpioni Rossi;Giallo e Verde;Scorpioni d'Acciaio
125173;Luigi Franceschelli;0;Leoni Dorati;Giallo e Nero;Leoni Ruggenti
125174;Filomeno Biagio Capelli;0;Tigri Nere;Nero e Arancione;Tigri Infuocate
125175;Ludovico Bonfrisco;0;Zebre Striate;Bianco e Rosso;Zebre Elettriche
125176;Giulio Mario Binetti;0;Dragoni Rossi;Rosso e Nero;Fiamme Rosse
125177;Felicia Berlusconi;0;Pavoni Reali;Oro e Viola;Ali Reali
125178;Gianpiero Carlo Colucci;0;Scorpioni Rossi;Giallo e Verde;Scorpioni d'Acciaio
125179;Filomeno Biagio Dondeynaz;0;Leoni Dorati;Giallo e Nero;Leoni Ruggenti
125180;William Gallicchio;0;Camaleonti Arcobaleno;Blu e Verde;Camaleonti Magici
125181;Vanna Dentamaro;0;Pavoni Reali;Oro e Viola;Ali Reali
125182;Guido Quintino Causin;0;Serpenti Dorati;Oro e Rosso;Serpenti Dorati
125183;Lido Corti;0;Scorpioni Rossi;Giallo e Verde;Scorpioni d'Acciaio
125184;Patty Pionati;0;Gatti Neri;Nero e Viola;
125185;Valentino Spinello;0;Coccodrilli Verdi;Verde e Marrone;Coccodrilli d'Acciaio
125186;Gianvittore Polidoro;0;Gufi Notturni;Viola e Grigio;Occhi nella Notte
125187;Michele Arcangelo Nugnes;0;Camaleonti Arcobaleno;Blu e Verde;Camaleonti Magici
125188;Bruno Favero;0;Camaleonti Arcobaleno;Blu e Verde;Camaleonti Magici
125189;Carlo Scarpinato;0;Lupi del Nord;Bianco e Grigio;Ululati del Nord
125190;Mino Semenzato;0;Falchi Grigi;Grigio e Nero;Falchi del Vento
125191;Dieter Paganella;0;Serpenti Dorati;Oro e Rosso;Serpenti Dorati
125192;Jonny Marinaro;0;Coccodrilli Verdi;Verde e Marrone;Coccodrilli d'Acciaio
125193;Anna Di Lello Finuoli;0;Cavalli Selvaggi;Rosso e Argento;Cavalieri Selvaggi
125194;Fulvia Michela Avogadro;0;Gatti Neri;Nero e Viola;
125195;Adelaide Di Giacomo;0;Serpenti Dorati;Oro e Rosso;Serpenti Dorati
125196;Vito Claudio Silvestri;0;Scorpioni Rossi;Giallo e Verde;Scorpioni d'Acciaio
125197;Francesco Maria Valpiana;0;Leoni Dorati;Giallo e Nero;Leoni Ruggenti
125198;Edoardo Tiraboschi;0;Pantere Rosa;Rosa e Grigio;Pantere Fiere
125199;Agnese Piredda;0;Aquile Reali;Blu e Oro;Reali del Cielo
125200;Giuseppina Scopelliti;0;Tigri Nere;Nero e Arancione;Tigri Infuocate
125201;Mariano La Mura;0;Rinoceronti Blu;Verde e Argento;Rino Blu
125202;Alessia Bo;0;Camaleonti Arcobaleno;Blu e Verde;Camaleonti Magici
125203;Orietta Bilotti;0;Cavalieri d'Argento;Argento e Blu;
125204;Peppe Messina;0;Falchi Grigi;Grigio e Nero;Falchi del Vento
125205;Felice Carlo Salvitti;0;Leoni Dorati;Giallo e Nero;Leoni Ruggenti
125206;Gianvittore Firrarello;0;Fulmini Verdi;Verde e Giallo;Lampi Verdi
125207;Urania Giulia Rosina Turroni;0;Corvi della Tempesta;Grigio e Blu;Tempesta Oscura
125208;Luigi Napoli;0;Corvi della Tempesta;Grigio e Blu;Tempesta Oscura
125209;Lucrezia Gaggio Giuliani;0;Coccodrilli Verdi;Verde e Marrone;Coccodrilli d'Acciaio
125210;Lorenzo Emilio Brisca Menapace;0;Pantere Rosa;Rosa e Grigio;Pantere Fiere
125211;Emanuele Passoni;0;Serpenti Dorati;Oro e Rosso;Serpenti Dorati
125212;Demetrio Zappacosta;0;Elefanti Grigi;Nero e Bianco;Elefanti Titanici
125213;Leonzio Sironi;0;Cavalli Selvaggi;Rosso e Argento;Cavalieri Selvaggi
125214;Rina Cortelloni;0;Coccodrilli Verdi;Verde e Marrone;Coccodrilli d'Acciaio
125215;Donato Tommaso Verducci;0;Cinghiali Selvaggi;Marrone e Verde;Cinghiali Ruggenti
125216;Cinzia Maria Granato;0;Pinguini Polari;Bianco e Nero;
125217;Meinhard Colla;0;Lupi del Nord;Bianco e Grigio;Ululati del Nord
125218;Lavinia Versace;0;Zebre Striate;Bianco e Rosso;Zebre Elettriche
125219;Mario Alejandro Pollastri;0;Squali Azzurri;Azzurro e Bianco;Predatori del Mare
125220;Elvio Rebuzzi;0;Ippopotami Viola;Viola e Oro;
125221;Erica Cantu';0;Serpenti Dorati;Oro e Rosso;Serpenti Dorati
125222;Arnaldo Santillo;0;Elefanti Grigi;Nero e Bianco;Elefanti Titanici
125223;Diana Storace;0;Aquile Reali;Blu e Oro;Reali del Cielo
125224;Angela Anna Bruna Labellarte;0;Cinghiali Selvaggi;Marrone e Verde;Cinghiali Ruggenti
125225;Rossella Mascitelli;0;Cinghiali Selvaggi;Marrone e Verde;Cinghiali Ruggenti
125226;Severino Petrocelli;0;Ippopotami Viola;Viola e Oro;
125227;Domenica Tredese;0;Cavalli Selvaggi;Rosso e Argento;Cavalieri Selvaggi
125228;Tony Chike Bertorotta;0;Orsi Polari;Bianco e Blu;
125229;Santo De Siano;0;Cavalieri d'Argento;Argento e Blu;
125230;Gianmarco Morri;0;Zebre Striate;Bianco e Rosso;Zebre Elettriche
125231;Michelina Bedin;0;Gufi Notturni;Viola e Grigio;Occhi nella Notte
125232;Daisy Sodano;0;Squali Azzurri;Azzurro e Bianco;Predatori del Mare
125233;Mauro Maria Adamo;0;Coccodrilli Verdi;Verde e Marrone;Coccodrilli d'Acciaio
125234;Stefania Gabriella Anastasia Montagna;0;Lupi del Nord;Bianco e Grigio;Ululati del Nord
125235;Simona Flavia Scurria;0;Falchi Grigi;Grigio e Nero;Falchi del Vento
125236;Felice Carlo Dolazza;0;Aquile Blu;Blu e Bianco;Aquile Volanti
125237;Nicodemo Francesco Bellini;0;Rinoceronti Blu;Verde e Argento;Rino Blu
125238;Emanuele Minasi;0;Coccodrilli Verdi;Verde e Marrone;Coccodrilli d'Acciaio
125239;Altero Michelini;0;Rinoceronti Blu;Verde e Argento;Rino Blu
125240;Patty Larizza;0;Ippopotami Viola;Viola e Oro;
125241;Mariarosaria Galan;0;Cinghiali Selvaggi;Marrone e Verde;Cinghiali Ruggenti
125242;Alberto Adalgisio Mirabelli;0;Fulmini Verdi;Verde e Giallo;Lampi Verdi
125243;Dolores Wilde;0;Dragoni Rossi;Rosso e Nero;Fiamme Rosse
125244;Giorgio Misserville;0;Cavalieri d'Argento;Argento e Blu;
125245;Massimiliano Spilabotte;0;Falchi Grigi;Grigio e Nero;Falchi del Vento
125246;Ombretta Maria Serena;0;Gufi Notturni;Viola e Grigio;Occhi nella Notte
125247;Gian Piero Verducci;0;Falchi Grigi;Grigio e Nero;Falchi del Vento
125248;Mariapia Fazzone;0;Cavalieri d'Argento;Argento e Blu;
125249;Patty Migliavacca;0;Elefanti Grigi;Nero e Bianco;Elefanti Titanici
125250;Alessandra Polito;0;Falchi Grigi;Grigio e Nero;Falchi del Vento
125251;Ivan Cangini;0;Fulmini Verdi;Verde e Giallo;Lampi Verdi
125252;Cesare Comincini;0;Aquile Reali;Blu e Oro;Reali del Cielo
125253;Rosetta Enza De Feo;0;Fulmini Verdi;Verde e Giallo;Lampi Verdi
125254;Domenico Mazzaracchio;0;Dragoni Rossi;Rosso e Nero;Fiamme Rosse
125255;Bachisio Silvio Pasetto;0;Elefanti Grigi;Nero e Bianco;Elefanti Titanici
125256;Gianrico Agogliati;0;Rinoceronti Blu;Verde e Argento;Rino Blu
125257;Rossella Napoli;0;Fulmini Verdi;Verde e Giallo;Lampi Verdi
125258;Agazio Patriarca;0;Pantere Rosa;Rosa e Grigio;Pantere Fiere
125259;Vincenzo Maria Versace;0;Leoni Dorati;Giallo e Nero;Leoni Ruggenti
125260;Giuseppe Luigi Salvatore Maninetti;0;Pavoni Reali;Oro e Viola;Ali Reali
125261;Esteban Juan Bobbio;0;Tigri Nere;Nero e Arancione;Tigri Infuocate
125262;Julia Massucco;0;Gatti Neri;Nero e Viola;
125263;Vladimiro Caridi;0;Pinguini Polari;Bianco e Nero;
125264;Vittorio Latorre;0;Camaleonti Arcobaleno;Blu e Verde;Camaleonti Magici
125265;Walter Patriarca;0;Volpi del Bosco;Blu e Rosso;Volpi Veloci
125266;Irene Rotondo;0;Aquile Reali;Blu e Oro;Reali del Cielo
125267;Lara Rotelli;0;Cavalieri d'Argento;Argento e Blu;
125268;Marinella Parola;0;Falchi Grigi;Grigio e Nero;Falchi del Vento
125269;Ivo Capelli;0;Cinghiali Selvaggi;Marrone e Verde;Cinghiali Ruggenti
125270;Guido Walter Cesare Caridi;0;Cavalli Selvaggi;Rosso e Argento;Cavalieri Selvaggi
125271;Basilio Licastro Scardino;0;Squali Azzurri;Azzurro e Bianco;Predatori del Mare
125272;Susanna Lina Giulia Polito;0;Fulmini Verdi;Verde e Giallo;Lampi Verdi
125273;Peppe De Biasi;0;Delfini Argentati;Argento e Nero;Onde Argentate
125274;Margherita Ramponi;0;Aquile Blu;Blu e Bianco;Aquile Volanti
125275;Sandro Di Bartolomeo;0;Gufi Notturni;Viola e Grigio;Occhi nella Notte
125276;Sante Ternullo;0;Zebre Striate;Bianco e Rosso;Zebre Elettriche
125277;Fernando Casolati;0;Volpi del Bosco;Blu e Rosso;Volpi Veloci
125278;Gianmarco Pellicini;0;Cavalieri d'Argento;Argento e Blu;
125279;Stefano Casson;0;Pinguini Polari;Bianco e Nero;
125280;Helga Dini;0;Camaleonti Arcobaleno;Blu e Verde;Camaleonti Magici
125281;Sabrina Stancanelli;0;Elefanti Grigi;Nero e Bianco;Elefanti Titanici
125282;Silvio Montani;0;Orsi Polari;Bianco e Blu;
125283;Maria Fortuna Abate;0;Elefanti Grigi;Nero e Bianco;Elefanti Titanici
125284;Maria Rosaria Cario;0;Delfini Argentati;Argento e Nero;Onde Argentate
125285;Vittorio Iannuzzi;0;Zebre Striate;Bianco e Rosso;Zebre Elettriche
125286;Gianvittorio Rigo;0;Ippopotami Viola;Viola e Oro;
125287;Christian Lo Moro;0;Cinghiali Selvaggi;Marrone e Verde;Cinghiali Ruggenti
125288;Stelio Bressa;0;Delfini Argentati;Argento e Nero;Onde Argentate
125289;Doris Rubinato;0;Pantere Rosa;Rosa e Grigio;Pantere Fiere
125290;Alan Occhetto;0;Cavalieri d'Argento;Argento e Blu;
125291;Maria Celeste Rosa;0;Rinoceronti Blu;Verde e Argento;Rino Blu
125292;Guido Walter Cesare Santangelo;0;Dragoni Rossi;Rosso e Nero;Fiamme Rosse
125293;Linda Semenzato;0;Cavalieri d'Argento;Argento e Blu;
125294;Gino Manca;0;Volpi del Bosco;Blu e Rosso;Volpi Veloci
125295;Armando Saponara;0;Falchi Grigi;Grigio e Nero;Falchi del Vento
125296;Maria Uras;0;Aquile Reali;Blu e Oro;Reali del Cielo
125297;Alessandro Parente;0;Ippopotami Viola;Viola e Oro;
125298;Maria Rosaria Segre;0;Delfini Argentati;Argento e Nero;Onde Argentate
125299;Emilio Scibona;0;Cinghiali Selvaggi;Marrone e Verde;Cinghiali Ruggenti
125300;Pasqualino Lorenzo Bettini;0;Cavalli Selvaggi;Rosso e Argento;Cavalieri Selvaggi
125301;Corradino Vallone;0;Volpi del Bosco;Blu e Rosso;Volpi Veloci
125302;Lidia Morri;0;Scorpioni Rossi;Giallo e Verde;Scorpioni d'Acciaio
125303;Gian Carlo Pinza;0;Orsi Polari;Bianco e Blu;
125304;Alessandra Rotondi;0;Scorpioni Rossi;Giallo e Verde;Scorpioni d'Acciaio
125305;Arturo Mario Richetti;0;Gatti Neri;Nero e Viola;
125306;Achille Archiutti;0;Rinoceronti Blu;Verde e Argento;Rino Blu
125307;Marcello Colla;0;Lupi del Nord;Bianco e Grigio;Ululati del Nord
125308;Francesco Bonadonna;0;Fulmini Verdi;Verde e Giallo;Lampi Verdi
125309;Ferdinando De Luca;0;Falchi Grigi;Grigio e Nero;Falchi del Vento
125310;Mariano Fausti;0;Dragoni Rossi;Rosso e Nero;Fiamme Rosse
125311;Filadelfio Guido De Petris;0;Lupi del Nord;Bianco e Grigio;Ululati del Nord
125312;Giovanni Pietro Rivolta;0;Aquile Reali;Blu e Oro;Reali del Cielo
125313;Luisa Galardi;0;Cavalieri d'Argento;Argento e Blu;
125314;Simonetta Pianasso;0;Dragoni Rossi;Rosso e Nero;Fiamme Rosse
125315;Maria Grazia Ventucci;0;Cavalieri d'Argento;Argento e Blu;
125316;Angela Anna Bruna Vallardi;0;Pinguini Polari;Bianco e Nero;
125317;Gustavo Fallucchi;0;Fulmini Verdi;Verde e Giallo;Lampi Verdi
125318;Filippo Manconi;0;Volpi del Bosco;Blu e Rosso;Volpi Veloci
125319;Lello Rando;0;Dragoni Rossi;Rosso e Nero;Fiamme Rosse
125320;Vera Liliana Vicini;0;Volpi del Bosco;Blu e Rosso;Volpi Veloci
125321;Angela Anna Bruna Bruzzone;0;Orsi Polari;Bianco e Blu;
125322;Massimo Perilli;0;Gatti Neri;Nero e Viola;
125323;Maria Claudia Pellegatta;0;Fulmini Verdi;Verde e Giallo;Lampi Verdi
125324;Assuntela Donati;0;Pinguini Polari;Bianco e Nero;
125325;Lucia Betta;0;Scorpioni Rossi;Giallo e Verde;Scorpioni d'Acciaio
125326;Gianpietro Cusumano;0;Falchi Grigi;Grigio e Nero;Falchi del Vento
125327;Alessia Gubetti;0;Falchi Grigi;Grigio e Nero;Falchi del Vento
125328;Elidio Taverna;0;Zebre Striate;Bianco e Rosso;Zebre Elettriche
125329;Aldo Candura;0;Elefanti Grigi;Nero e Bianco;Elefanti Titanici
125330;Oskar Zanoni;0;Tigri Nere;Nero e Arancione;Tigri Infuocate
125331;Giorgio Garavaglia;0;Elefanti Grigi;Nero e Bianco;Elefanti Titanici
125332;Cristano Malvano;0;Scorpioni Rossi;Giallo e Verde;Scorpioni d'Acciaio
125333;Egidio Enrico Losurdo;0;Orsi Polari;Bianco e Blu;
125334;Marcello Tomaselli;0;Rinoceronti Blu;Verde e Argento;Rino Blu
125335;Benedetto Pesco;0;Squali Azzurri;Azzurro e Bianco;Predatori del Mare
125336;Licia De Gregorio;0;Squali Azzurri;Azzurro e Bianco;Predatori del Mare
125337;Giuliano Rognoni;0;Gufi Notturni;Viola e Grigio;Occhi nella Notte
125338;Leana Bonadonna;0;Falchi Grigi;Grigio e Nero;Falchi del Vento
125339;Annamaria Vetrella;0;Camaleonti Arcobaleno;Blu e Verde;Camaleonti Magici
125340;Gianpietro Zullo;0;Delfini Argentati;Argento e Nero;Onde Argentate
125341;Ida Maria Pellegatta;0;Volpi del Bosco;Blu e Rosso;Volpi Veloci
125342;Nicola Scanu;0;Gufi Notturni;Viola e Grigio;Occhi nella Notte
125343;Mino Volpi;0;Leoni Dorati;Giallo e Nero;Leoni Ruggenti
125344;Sara Mascioni;0;Pavoni Reali;Oro e Viola;Ali Reali
125345;Agostino Biasco;0;Aquile Reali;Blu e Oro;Reali del Cielo
125346;Donella Irto;0;Cavalieri d'Argento;Argento e Blu;
125347;Giampaolo Vittorio Elio Federici;0;Cavalieri d'Argento;Argento e Blu;
125348;Vilma Bucciarelli;0;Aquile Reali;Blu e Oro;Reali del Cielo
125349;Giannicola Michelini;0;Leoni Dorati;Giallo e Nero;Leoni Ruggenti
125350;Lionello Marco Favero;0;Aquile Blu;Blu e Bianco;Aquile Volanti
125351;Luis Alberto Spinelli;0;Aquile Blu;Blu e Bianco;Aquile Volanti
125352;Orfeo Ternullo;0;Gufi Notturni;Viola e Grigio;Occhi nella Notte
125353;Gianpiero Carlo D'amico;0;Serpenti Dorati;Oro e Rosso;Serpenti Dorati
125354;Egidio Luigi Nerozzi;0;Zebre Striate;Bianco e Rosso;Zebre Elettriche
125355;Giovanbattista Bocca;0;Zebre Striate;Bianco e Rosso;Zebre Elettriche
125356;Livio D'onghia;0;Fenici Rosse;Rosso e Arancione;Ali di Fuoco
125357;Gabriella Ghedini;0;Gufi Notturni;Viola e Grigio;Occhi nella Notte
125358;Maria Grazia Boscetto;0;Orsi Polari;Bianco e Blu;
125359;Valeria Fravezzi;0;Zebre Striate;Bianco e Rosso;Zebre Elettriche
125360;Elio Massimo Rizzi;0;Cavalieri d'Argento;Argento e Blu;
125361;Giuseppina Pedica;0;Serpenti Dorati;Oro e Rosso;Serpenti Dorati
125362;Lucio Alessio Bassanini;0;Aquile Blu;Blu e Bianco;Aquile Volanti
125363;Mirella Passigli;0;Leoni Dorati;Giallo e Nero;Leoni Ruggenti
125364;Giuseppe Tommaso Vincenzo Vigevani;0;Coccodrilli Verdi;Verde e Marrone;Coccodrilli d'Acciaio
125365;Accursio Verducci;0;Cavalieri d'Argento;Argento e Blu;
125366;Ester Modena;0;Leoni Dorati;Giallo e Nero;Leoni Ruggenti
125367;Ivana Tomaselli;0;Aquile Reali;Blu e Oro;Reali del Cielo
125368;Esteban Juan La Marca;0;Fenici Rosse;Rosso e Arancione;Ali di Fuoco
125369;Pasquale Cerno;0;Falchi Grigi;Grigio e Nero;Falchi del Vento
125370;Tilde Mazzuca Poggiolini;0;Cavalli Selvaggi;Rosso e Argento;Cavalieri Selvaggi
125371;Carmelo Zilio;0;Camaleonti Arcobaleno;Blu e Verde;Camaleonti Magici
125372;Costantino Perduca;0;Pinguini Polari;Bianco e Nero;
125373;Magda Angela Paragone;0;Lupi del Nord;Bianco e Grigio;Ululati del Nord
125374;Simona Nunzia Ronchi;0;Dragoni Rossi;Rosso e Nero;Fiamme Rosse
125375;Gianrico Carpinelli;0;Orsi Polari;Bianco e Blu;
125376;Assuntela Mascitelli;0;Gatti Neri;Nero e Viola;
125377;Gianmarco Corti;0;Serpenti Dorati;Oro e Rosso;Serpenti Dorati
125378;Marta Longhi;0;Coccodrilli Verdi;Verde e Marrone;Coccodrilli d'Acciaio
125379;Giorgio Cassano;0;Ippopotami Viola;Viola e Oro;
125380;Maria Giuseppa Saviane;0;Aquile Blu;Blu e Bianco;Aquile Volanti
125381;Maria Claudia Manfredi;0;Cinghiali Selvaggi;Marrone e Verde;Cinghiali Ruggenti
125382;Luis Alberto Craxi;0;Dragoni Rossi;Rosso e Nero;Fiamme Rosse
125383;Tomaso Bobbio;0;Cavalieri d'Argento;Argento e Blu;
125384;Egidio Rastrelli;0;Zebre Striate;Bianco e Rosso;Zebre Elettriche
125385;Andrea Brignone;0;Cinghiali Selvaggi;Marrone e Verde;Cinghiali Ruggenti
125386;Giuseppe Tommaso Vincenzo Sironi;0;Cinghiali Selvaggi;Marrone e Verde;Cinghiali Ruggenti
125387;Furio Lenna;0;Tigri Nere;Nero e Arancione;Tigri Infuocate
125388;Cristiano Pertoldi;0;Corvi della Tempesta;Grigio e Blu;Tempesta Oscura
125389;Ortensio Romano;0;Gufi Notturni;Viola e Grigio;Occhi nella Notte
125390;Ester De Lucia;0;Aquile Reali;Blu e Oro;Reali del Cielo
125391;Renato Donise;0;Leoni Dorati;Giallo e Nero;Leoni Ruggenti
125392;Baldassare Cosenza;0;Fulmini Verdi;Verde e Giallo;Lampi Verdi
125393;Tullio Turci;0;Cavalli Selvaggi;Rosso e Argento;Cavalieri Selvaggi
125394;Alberto Felice Simone Ruta;0;Delfini Argentati;Argento e Nero;Onde Argentate
125395;Ferdinando Lenna;0;Dragoni Rossi;Rosso e Nero;Fiamme Rosse
125396;Umberto Murineddu;0;Fulmini Verdi;Verde e Giallo;Lampi Verdi
125397;Felice Ceruti;0;Corvi della Tempesta;Grigio e Blu;Tempesta Oscura
125398;Domenica Andreotti;0;Cinghiali Selvaggi;Marrone e Verde;Cinghiali Ruggenti
125399;Gustavo Budin;0;Gufi Notturni;Viola e Grigio;Occhi nella Notte
125400;Tancredi Basini;0;Aquile Reali;Blu e Oro;Reali del Cielo
125401;Elia Pittelli;0;Orsi Polari;Bianco e Blu;
125402;Simona Flavia Perosino;0;Gatti Neri;Nero e Viola;
125403;Rossana Giovanardi;0;Squali Azzurri;Azzurro e Bianco;Predatori del Mare
125404;Maria Alessandra Pardini;0;Zebre Striate;Bianco e Rosso;Zebre Elettriche
125405;Romualdo Vittorio Bertuzzi;0;Cinghiali Selvaggi;Marrone e Verde;Cinghiali Ruggenti
125406;Pippo Morelli;0;Gatti Neri;Nero e Viola;
125407;Giovanbattista Tonini;0;Fulmini Verdi;Verde e Giallo;Lampi Verdi
125408;Raoul Pegorer;0;Gatti Neri;Nero e Viola;
125409;Lorenzo D'elia;0;Fulmini Verdi;Verde e Giallo;Lampi Verdi
125410;Luciana Guerzoni;0;Fenici Rosse;Rosso e Arancione;Ali di Fuoco
125411;Liborio Magliocchetti;0;Tigri Nere;Nero e Arancione;Tigri Infuocate
125412;Gisella Misiani;0;Rinoceronti Blu;Verde e Argento;Rino Blu
125413;Andrea Carmine Battistoni;0;Delfini Argentati;Argento e Nero;Onde Argentate
125414;Rosaria Mucchetti;0;Fenici Rosse;Rosso e Arancione;Ali di Fuoco
125415;Valerio Divella;0;Coccodrilli Verdi;Verde e Marrone;Coccodrilli d'Acciaio
125416;Dario Mazzuconi;0;Fulmini Verdi;Verde e Giallo;Lampi Verdi
125417;Emilia Grazia Fregolent;0;Ippopotami Viola;Viola e Oro;
125418;Gianni Fissore;0;Coccodrilli Verdi;Verde e Marrone;Coccodrilli d'Acciaio
125419;Nicolo' Grillo;0;Volpi del Bosco;Blu e Rosso;Volpi Veloci
125420;Denis Zambrino;0;Falchi Grigi;Grigio e Nero;Falchi del Vento
125421;Susanna Lina Giulia Bulgarelli;0;Cavalli Selvaggi;Rosso e Argento;Cavalieri Selvaggi
125422;Goffredo Maria Mazzarello;0;Corvi della Tempesta;Grigio e Blu;Tempesta Oscura
125423;Graziano Del Turco;0;Cavalieri d'Argento;Argento e Blu;
125424;Guido Cesare Compagna;0;Squali Azzurri;Azzurro e Bianco;Predatori del Mare
125425;Carlo Castellone;0;Delfini Argentati;Argento e Nero;Onde Argentate
125426;Susy Camber;0;Pantere Rosa;Rosa e Grigio;Pantere Fiere
125427;Gianpaolo Pizzol;0;Scorpioni Rossi;Giallo e Verde;Scorpioni d'Acciaio
125428;Francesco Viespoli;0;Dragoni Rossi;Rosso e Nero;Fiamme Rosse
125429;Claudio Candiani;0;Corvi della Tempesta;Grigio e Blu;Tempesta Oscura
125430;Sergio Erroi;0;Fenici Rosse;Rosso e Arancione;Ali di Fuoco
125431;Sara Saltamartini;0;Rinoceronti Blu;Verde e Argento;Rino Blu
125432;Maria Claudia Pavanelli;0;Gufi Notturni;Viola e Grigio;Occhi nella Notte
125433;Silvia Zanoletti;0;Squali Azzurri;Azzurro e Bianco;Predatori del Mare
125434;Italo Donise;0;Gatti Neri;Nero e Viola;
125435;Lucrezia Pace;0;Elefanti Grigi;Nero e Bianco;Elefanti Titanici
125436;Tatjana Lunardi;0;Zebre Striate;Bianco e Rosso;Zebre Elettriche
125437;Donato Donati;0;Rinoceronti Blu;Verde e Argento;Rino Blu
125438;Antonio Adolfo Maria Fissore;0;Orsi Polari;Bianco e Blu;
125439;Camilla Ortolani;0;Scorpioni Rossi;Giallo e Verde;Scorpioni d'Acciaio
125440;Ettore Pietro Perosino;0;Ippopotami Viola;Viola e Oro;
125441;Achille Evangelista;0;Delfini Argentati;Argento e Nero;Onde Argentate
125442;Maria Celeste Emprin Gilardini;0;Elefanti Grigi;Nero e Bianco;Elefanti Titanici
125443;Gianmarco Latorre;0;Pavoni Reali;Oro e Viola;Ali Reali
125444;Vidmer Cosenza;0;Pantere Rosa;Rosa e Grigio;Pantere Fiere
125445;Filadelfio Guido Lucherini;0;Pinguini Polari;Bianco e Nero;
125446;Vito Mucchetti;0;Aquile Reali;Blu e Oro;Reali del Cielo
125447;Tiziana Vimercati;0;Cavalieri d'Argento;Argento e Blu;
125448;Gavino Maran;0;Coccodrilli Verdi;Verde e Marrone;Coccodrilli d'Acciaio
125449;Nicola Serafini;0;Falchi Grigi;Grigio e Nero;Falchi del Vento
125450;Nedo Lorenzo Cicolani;0;Cavalieri d'Argento;Argento e Blu;
125451;Renzo Travaglia;0;Rinoceronti Blu;Verde e Argento;Rino Blu
125452;Giannicola Pappalardo;0;Fulmini Verdi;Verde e Giallo;Lampi Verdi
125453;Fulvia Michela Smuraglia;0;Cavalieri d'Argento;Argento e Blu;
125454;Agostino Castiglione;0;Serpenti Dorati;Oro e Rosso;Serpenti Dorati
125455;Lucrezia Giannini;0;Zebre Striate;Bianco e Rosso;Zebre Elettriche
125456;Carlo Luigi Langella;0;Elefanti Grigi;Nero e Bianco;Elefanti Titanici
125457;Fosco Zanetta;0;Volpi del Bosco;Blu e Rosso;Volpi Veloci
125458;Silvia Taddei;0;Serpenti Dorati;Oro e Rosso;Serpenti Dorati
125459;Antonino Cardinali;0;Falchi Grigi;Grigio e Nero;Falchi del Vento
125460;Camilla De Feo;0;Squali Azzurri;Azzurro e Bianco;Predatori del Mare
125461;Melchiorre Saia;0;Camaleonti Arcobaleno;Blu e Verde;Camaleonti Magici
125462;Maria Agostina Granaiola;0;Pantere Rosa;Rosa e Grigio;Pantere Fiere
125463;Michele Arcangelo Delogu;0;Cavalli Selvaggi;Rosso e Argento;Cavalieri Selvaggi
125464;Bianca Laura Bianco;0;Cavalieri d'Argento;Argento e Blu;
125465;Dolores Solinas;0;Aquile Reali;Blu e Oro;Reali del Cielo
125466;Vilma Ronchi;0;Elefanti Grigi;Nero e Bianco;Elefanti Titanici
125467;Cosimo Palombo;0;Volpi del Bosco;Blu e Rosso;Volpi Veloci
125468;Adriana Zecchino;0;Aquile Blu;Blu e Bianco;Aquile Volanti
125469;Antonino Zangrillo;0;Pavoni Reali;Oro e Viola;Ali Reali
125470;Valentino Tonini;0;Tigri Nere;Nero e Arancione;Tigri Infuocate
125471;Orietta Iuliano;0;Pavoni Reali;Oro e Viola;Ali Reali
125472;Gian Pietro Camerini;0;Pantere Rosa;Rosa e Grigio;Pantere Fiere
125473;Vincenzo Ruggero Barozzino;0;Zebre Striate;Bianco e Rosso;Zebre Elettriche
125474;Rosario Libe';0;Cavalli Selvaggi;Rosso e Argento;Cavalieri Selvaggi
125475;Riccardo Peruzzotti;0;Elefanti Grigi;Nero e Bianco;Elefanti Titanici
125476;Fausto Grillo;0;Rinoceronti Blu;Verde e Argento;Rino Blu
125477;Ombretta Maria Rotelli;0;Dragoni Rossi;Rosso e Nero;Fiamme Rosse
125478;Pasquale Bettamio;0;Coccodrilli Verdi;Verde e Marrone;Coccodrilli d'Acciaio
125479;Rosa Maria Sanciu;0;Lupi del Nord;Bianco e Grigio;Ululati del Nord
125480;Vladimiro Spagnolli;0;Fenici Rosse;Rosso e Arancione;Ali di Fuoco
125481;Giovanna Auricchio;0;Cinghiali Selvaggi;Marrone e Verde;Cinghiali Ruggenti
125482;Mino Salvini;0;Serpenti Dorati;Oro e Rosso;Serpenti Dorati
125483;Maria Elisabetta Cociancich;0;Serpenti Dorati;Oro e Rosso;Serpenti Dorati
125484;Fedele Agnelli;0;Zebre Striate;Bianco e Rosso;Zebre Elettriche
125485;Roberto Torri;0;Falchi Grigi;Grigio e Nero;Falchi del Vento
125486;Donato Tommaso Maggi;0;Volpi del Bosco;Blu e Rosso;Volpi Veloci
125487;Fabrizio Spadoni Urbani;0;Cinghiali Selvaggi;Marrone e Verde;Cinghiali Ruggenti
125488;Mariangela Zanoni;0;Coccodrilli Verdi;Verde e Marrone;Coccodrilli d'Acciaio
125489;Altero Pisanu;0;Gatti Neri;Nero e Viola;
125490;Caterina Simeoni;0;Dragoni Rossi;Rosso e Nero;Fiamme Rosse
125491;Battista Morelli;0;Scorpioni Rossi;Giallo e Verde;Scorpioni d'Acciaio
125492;Nerina Tonini;0;Squali Azzurri;Azzurro e Bianco;Predatori del Mare
125493;Ettore Pietro Leddi;0;Falchi Grigi;Grigio e Nero;Falchi del Vento
125494;Sandro Mario Capaldi;0;Orsi Polari;Bianco e Blu;
125495;Ciro Damante;0;Volpi del Bosco;Blu e Rosso;Volpi Veloci
125496;Magda Nerozzi;0;Cavalli Selvaggi;Rosso e Argento;Cavalieri Selvaggi
125497;Fulvio Leonardi;0;Cavalli Selvaggi;Rosso e Argento;Cavalieri Selvaggi
125498;Luciano Naccarato;0;Serpenti Dorati;Oro e Rosso;Serpenti Dorati
125499;Dario Lauro;0;Ippopotami Viola;Viola e Oro;
125500;Denis Irto;0;Corvi della Tempesta;Grigio e Blu;Tempesta Oscura
125501;Caterina Mongiello;0;Cavalli Selvaggi;Rosso e Argento;Cavalieri Selvaggi
125502;Gabriele Cassinelli;0;Rinoceronti Blu;Verde e Argento;Rino Blu
125503;Walter Gallone;0;Fulmini Verdi;Verde e Giallo;Lampi Verdi
125504;Sandra Di Marzio;0;Delfini Argentati;Argento e Nero;Onde Argentate
125505;Marilena Muzio;0;Orsi Polari;Bianco e Blu;
125506;Lidia Iervolino;0;Ippopotami Viola;Viola e Oro;
125507;Guido Betta;0;Coccodrilli Verdi;Verde e Marrone;Coccodrilli d'Acciaio
125508;Dino Minasi;0;Dragoni Rossi;Rosso e Nero;Fiamme Rosse
125509;Edoardo Aimi;0;Delfini Argentati;Argento e Nero;Onde Argentate
125510;Basilio Monticone;0;Pantere Rosa;Rosa e Grigio;Pantere Fiere
125511;Susanna Lina Giulia Guerzoni;0;Cinghiali Selvaggi;Marrone e Verde;Cinghiali Ruggenti
125512;Iunio Valerio Padua;0;Rinoceronti Blu;Verde e Argento;Rino Blu
125513;Felice Bonadonna;0;Squali Azzurri;Azzurro e Bianco;Predatori del Mare
125514;Elvira Lucia Pezzopane;0;Aquile Blu;Blu e Bianco;Aquile Volanti
125515;Karl Loiero;0;Pavoni Reali;Oro e Viola;Ali Reali
125516;Giampaolo Vittorio Elio Agoni;0;Dragoni Rossi;Rosso e Nero;Fiamme Rosse
125517;Calogero Morra;0;Coccodrilli Verdi;Verde e Marrone;Coccodrilli d'Acciaio
125518;Lara Cursi;0;Aquile Reali;Blu e Oro;Reali del Cielo
125519;Anna Carmela Zanetta;0;Serpenti Dorati;Oro e Rosso;Serpenti Dorati
125520;Stanislao Alessandro Unterberger;0;Serpenti Dorati;Oro e Rosso;Serpenti Dorati
125521;Venera Murelli;0;Volpi del Bosco;Blu e Rosso;Volpi Veloci
125522;Michele Arcangelo Borghesi;0;Cavalli Selvaggi;Rosso e Argento;Cavalieri Selvaggi
125523;Armin Diana;0;Aquile Blu;Blu e Bianco;Aquile Volanti
125524;Manfredi Tubetti;0;Serpenti Dorati;Oro e Rosso;Serpenti Dorati
125525;Rosario Sbarbati;0;Aquile Reali;Blu e Oro;Reali del Cielo
125526;Vita Maria Bossi;0;Corvi della Tempesta;Grigio e Blu;Tempesta Oscura
125527;Erminia Pionati;0;Pavoni Reali;Oro e Viola;Ali Reali
125528;Tancredi Viespoli;0;Cavalli Selvaggi;Rosso e Argento;Cavalieri Selvaggi
125529;Costantino Staniscia;0;Aquile Reali;Blu e Oro;Reali del Cielo
125530;Silvana Fabris;0;Fulmini Verdi;Verde e Giallo;Lampi Verdi
125531;Vittoria Francesca Maria Gallo;0;Pinguini Polari;Bianco e Nero;
125532;Mariangela Dini;0;Delfini Argentati;Argento e Nero;Onde Argentate
125533;Gianni Pietro Merloni;0;Lupi del Nord;Bianco e Grigio;Ululati del Nord
125534;Alberto Felice Simone Rizzotti;0;Orsi Polari;Bianco e Blu;
125535;Maria Alessandra Steger;0;Cavalli Selvaggi;Rosso e Argento;Cavalieri Selvaggi
125536;Lucia Marcenaro;0;Serpenti Dorati;Oro e Rosso;Serpenti Dorati
125537;Hans Polledri;0;Pantere Rosa;Rosa e Grigio;Pantere Fiere
125538;Willer Finocchiaro;0;Aquile Reali;Blu e Oro;Reali del Cielo
125539;Marilena Forcieri;0;Aquile Blu;Blu e Bianco;Aquile Volanti
125540;Bartolomeo Pardi;0;Zebre Striate;Bianco e Rosso;Zebre Elettriche
125541;Gaetano Lo Giudice;0;Fenici Rosse;Rosso e Arancione;Ali di Fuoco
125542;Renzo Chiaromonte;0;Delfini Argentati;Argento e Nero;Onde Argentate
125543;Ferdinando Gubetti;0;Lupi del Nord;Bianco e Grigio;Ululati del Nord
125544;Isabella Cortiana;0;Cinghiali Selvaggi;Marrone e Verde;Cinghiali Ruggenti
125545;Giuseppe Botto;0;Pavoni Reali;Oro e Viola;Ali Reali
125546;Gian Giacomo Tronti;0;Volpi del Bosco;Blu e Rosso;Volpi Veloci
125547;Elvira Lucia Marsilio;0;Zebre Striate;Bianco e Rosso;Zebre Elettriche
125548;Tiziana Carmela Rosaria Vanin;0;Gatti Neri;Nero e Viola;
125549;Santo Tecce;0;Serpenti Dorati;Oro e Rosso;Serpenti Dorati
125550;Amintore Migliavacca;0;Delfini Argentati;Argento e Nero;Onde Argentate
125551;Caterina Urso;0;Elefanti Grigi;Nero e Bianco;Elefanti Titanici
125552;Rina Di Benedetto;0;Scorpioni Rossi;Giallo e Verde;Scorpioni d'Acciaio
125553;Giampaolo Vittorio Elio Jacchia;0;Leoni Dorati;Giallo e Nero;Leoni Ruggenti
125554;Donato Tommaso Stefano;0;Rinoceronti Blu;Verde e Argento;Rino Blu
125555;Antonino Giovanelli;0;Scorpioni Rossi;Giallo e Verde;Scorpioni d'Acciaio
125556;Goffredo Maria Piredda;0;Tigri Nere;Nero e Arancione;Tigri Infuocate
125557;Virginia Petrocelli;0;Squali Azzurri;Azzurro e Bianco;Predatori del Mare
125558;Maria Chiara Casson;0;Pinguini Polari;Bianco e Nero;
125559;Venera Manassero;0;Cavalieri d'Argento;Argento e Blu;
125560;Vita Maria Lombardi Satriani;0;Gufi Notturni;Viola e Grigio;Occhi nella Notte
125561;Demetrio Grasso;0;Serpenti Dorati;Oro e Rosso;Serpenti Dorati
125562;Amintore Mussini;0;Tigri Nere;Nero e Arancione;Tigri Infuocate
125563;Loris Giuseppe Corbetta;0;Gufi Notturni;Viola e Grigio;Occhi nella Notte
125564;Angelo Michele Vicini;0;Pantere Rosa;Rosa e Grigio;Pantere Fiere
125565;Nicola Adamo;0;Coccodrilli Verdi;Verde e Marrone;Coccodrilli d'Acciaio
125566;Franca Campari;0;Elefanti Grigi;Nero e Bianco;Elefanti Titanici
125567;Cinzia Maria Valdinosi;0;Squali Azzurri;Azzurro e Bianco;Predatori del Mare
125568;Luca Piarulli;0;Serpenti Dorati;Oro e Rosso;Serpenti Dorati
125569;Costanzo Gelmetti;0;Aquile Reali;Blu e Oro;Reali del Cielo
125570;Stanislao Alessandro Michelini;0;Gufi Notturni;Viola e Grigio;Occhi nella Notte
125571;Andrea Paravia;0;Fulmini Verdi;Verde e Giallo;Lampi Verdi
125572;Maria Claudia Di Giacomo;0;Elefanti Grigi;Nero e Bianco;Elefanti Titanici
125573;Angela Anna Bruna Cassano;0;Pantere Rosa;Rosa e Grigio;Pantere Fiere
125574;Leopoldo Biasco;0;Orsi Polari;Bianco e Blu;
125575;Monica Cesaro;0;Fenici Rosse;Rosso e Arancione;Ali di Fuoco
125576;Raffaella Biancofiore;0;Gatti Neri;Nero e Viola;
125577;Vincenzo De Toni;0;Pavoni Reali;Oro e Viola;Ali Reali
125578;Antonio Gianfranco Grassi;0;Lupi del Nord;Bianco e Grigio;Ululati del Nord
125579;Aleandro Flammia;0;Leoni Dorati;Giallo e Nero;Leoni Ruggenti
125580;Rocco Cavallaro;0;Dragoni Rossi;Rosso e Nero;Fiamme Rosse
125581;Diana Salvini;0;Delfini Argentati;Argento e Nero;Onde Argentate
125582;Livia Mazzuconi;0;Dragoni Rossi;Rosso e Nero;Fiamme Rosse
125583;Gianclaudio Bevilacqua;0;Tigri Nere;Nero e Arancione;Tigri Infuocate
125584;Carla Turco;0;Cavalli Selvaggi;Rosso e Argento;Cavalieri Selvaggi
125585;Rosa Silvana Di Pietro;0;Volpi del Bosco;Blu e Rosso;Volpi Veloci
125586;Agazio Fruscio;0;Gufi Notturni;Viola e Grigio;Occhi nella Notte
125587;Ada Salini;0;Fulmini Verdi;Verde e Giallo;Lampi Verdi
125588;Adriana Palma;0;Lupi del Nord;Bianco e Grigio;Ululati del Nord
125589;Felice Barbolini;0;Delfini Argentati;Argento e Nero;Onde Argentate
125590;Cristano Sileri;0;Ippopotami Viola;Viola e Oro;
125591;Giuliano Floridia;0;Squali Azzurri;Azzurro e Bianco;Predatori del Mare
125592;Amintore Astorre;0;Pinguini Polari;Bianco e Nero;
125593;Dolores Quagliariello;0;Ippopotami Viola;Viola e Oro;
125594;Marco Menardi;0;Gufi Notturni;Viola e Grigio;Occhi nella Notte
125595;Simona Rigo;0;Pantere Rosa;Rosa e Grigio;Pantere Fiere
125596;Nerina Campagna;0;Pantere Rosa;Rosa e Grigio;Pantere Fiere
125597;Bernabo' Perosino;0;Cinghiali Selvaggi;Marrone e Verde;Cinghiali Ruggenti
125598;Mariangela Ruggeri;0;Fenici Rosse;Rosso e Arancione;Ali di Fuoco
125599;Mariapia Bianconi;0;Cavalieri d'Argento;Argento e Blu;
125600;Annamaria Bottici;0;Tigri Nere;Nero e Arancione;Tigri Infuocate
125601;Cinzia Maria Forte;0;Falchi Grigi;Grigio e Nero;Falchi del Vento
125602;Giacinto Grassi;0;Lupi del Nord;Bianco e Grigio;Ululati del Nord
125603;Lido Burani Procaccini;0;Volpi del Bosco;Blu e Rosso;Volpi Veloci
125604;Lavinia Polidoro;0;Camaleonti Arcobaleno;Blu e Verde;Camaleonti Magici
125605;Mario Alejandro Bodini;0;Leoni Dorati;Giallo e Nero;Leoni Ruggenti
125606;Michelino Comaroli;0;Orsi Polari;Bianco e Blu;
125607;Ottaviano Mazzoni;0;Coccodrilli Verdi;Verde e Marrone;Coccodrilli d'Acciaio
125608;Gianpiero Taviani;0;Tigri Nere;Nero e Arancione;Tigri Infuocate
125609;Alberto Sibilia;0;Falchi Grigi;Grigio e Nero;Falchi del Vento
125610;Liliana Marinello;0;Orsi Polari;Bianco e Blu;
125611;Daniele Gaetano Tesei;0;Lupi del Nord;Bianco e Grigio;Ululati del Nord
125612;Tancredi De Biasi;0;Dragoni Rossi;Rosso e Nero;Fiamme Rosse
125613;Gelsomina Patton;0;Serpenti Dorati;Oro e Rosso;Serpenti Dorati
125614;Meinhard Franceschelli;0;Lupi del Nord;Bianco e Grigio;Ululati del Nord
125615;Giacomo Lauria;0;Aquile Reali;Blu e Oro;Reali del Cielo
125616;Fosco Cusimano;0;Leoni Dorati;Giallo e Nero;Leoni Ruggenti
125617;Ivan Bergamo;0;Pavoni Reali;Oro e Viola;Ali Reali
125618;Nico Cuffaro;0;Coccodrilli Verdi;Verde e Marrone;Coccodrilli d'Acciaio
125619;Valentino Stancanelli;0;Orsi Polari;Bianco e Blu;
125620;Ombretta Maria De Angelis;0;Gufi Notturni;Viola e Grigio;Occhi nella Notte
125621;Niccolo' Vitali;0;Camaleonti Arcobaleno;Blu e Verde;Camaleonti Magici
125622;Accursio Carpinelli;0;Scorpioni Rossi;Giallo e Verde;Scorpioni d'Acciaio
125623;Egidio Luigi Franceschini;0;Cavalli Selvaggi;Rosso e Argento;Cavalieri Selvaggi
125624;Gianni Pietro Bini;0;Lupi del Nord;Bianco e Grigio;Ululati del Nord
125625;Luis Alberto Delogu;0;Gufi Notturni;Viola e Grigio;Occhi nella Notte
125626;Laura Sibilia;0;Rinoceronti Blu;Verde e Argento;Rino Blu
125627;Filomeno Biagio Vimercati;0;Gatti Neri;Nero e Viola;
125628;Raffaella Fiormaria Stanca;0;Elefanti Grigi;Nero e Bianco;Elefanti Titanici
125629;Emilio Nicola Terracini;0;Dragoni Rossi;Rosso e Nero;Fiamme Rosse
125630;Bianca Maria Stanca;0;Elefanti Grigi;Nero e Bianco;Elefanti Titanici
125631;Fiorenza Saltamartini;0;Camaleonti Arcobaleno;Blu e Verde;Camaleonti Magici
125632;Adriano Sciascia;0;Falchi Grigi;Grigio e Nero;Falchi del Vento
125633;Nando Vano;0;Gatti Neri;Nero e Viola;
125634;Niccolo' Della Seta;0;Lupi del Nord;Bianco e Grigio;Ululati del Nord
125635;Cinzia Pittoni;0;Volpi del Bosco;Blu e Rosso;Volpi Veloci
125636;Tiziano Bilardi;0;Zebre Striate;Bianco e Rosso;Zebre Elettriche
125637;Dario Bongiorno;0;Rinoceronti Blu;Verde e Argento;Rino Blu
125638;Manfredi Sudano;0;Zebre Striate;Bianco e Rosso;Zebre Elettriche
125639;Salvo Bulgarelli;0;Volpi del Bosco;Blu e Rosso;Volpi Veloci
125640;Gian Pietro Giai;0;Rinoceronti Blu;Verde e Argento;Rino Blu
125641;Maria Giuseppa Paravia;0;Cavalli Selvaggi;Rosso e Argento;Cavalieri Selvaggi
125642;Maria Claudia Benvenuto;0;Ippopotami Viola;Viola e Oro;
125643;Simone Carpi;0;Fenici Rosse;Rosso e Arancione;Ali di Fuoco
125644;Daniela Ceroni;0;Gufi Notturni;Viola e Grigio;Occhi nella Notte
125645;Antonio Stefano Tunis;0;Gatti Neri;Nero e Viola;
125646;Silvana Scarpetti;0;Leoni Dorati;Giallo e Nero;Leoni Ruggenti
125647;Umberto Micele;0;Rinoceronti Blu;Verde e Argento;Rino Blu
125648;Lino Flammia;0;Aquile Blu;Blu e Bianco;Aquile Volanti
125649;Lanfranco Barba;0;Delfini Argentati;Argento e Nero;Onde Argentate
125650;Armando Verducci;0;Leoni Dorati;Giallo e Nero;Leoni Ruggenti
125651;Filomeno Biagio Magnolfi;0;Gufi Notturni;Viola e Grigio;Occhi nella Notte
125652;Silvana Andreina Baratella;0;Falchi Grigi;Grigio e Nero;Falchi del Vento
125653;Nitto Francesco Piccone;0;Pantere Rosa;Rosa e Grigio;Pantere Fiere
125654;Gianrico Cirinna';0;Cavalieri d'Argento;Argento e Blu;
125655;Rosanna Giovanelli;0;Squali Azzurri;Azzurro e Bianco;Predatori del Mare
125656;Vannino Occhetto;0;Orsi Polari;Bianco e Blu;
125657;Vilma Rossomando;0;Gatti Neri;Nero e Viola;
125658;Gregorio Albertini;0;Cavalli Selvaggi;Rosso e Argento;Cavalieri Selvaggi
125659;Dorina Borioli;0;Coccodrilli Verdi;Verde e Marrone;Coccodrilli d'Acciaio
125660;Stefania Casoli;0;Delfini Argentati;Argento e Nero;Onde Argentate
125661;Pasqualino Lorenzo Maggiore;0;Leoni Dorati;Giallo e Nero;Leoni Ruggenti
125662;Bartolo Vita;0;Squali Azzurri;Azzurro e Bianco;Predatori del Mare
125663;Carla Carlino;0;Cavalieri d'Argento;Argento e Blu;
125664;Laura Cazzaro;0;Elefanti Grigi;Nero e Bianco;Elefanti Titanici
125665;Mario Pardi;0;Pantere Rosa;Rosa e Grigio;Pantere Fiere
125666;Federica Della Monica;0;Ippopotami Viola;Viola e Oro;
125667;Doris Taricco;0;Scorpioni Rossi;Giallo e Verde;Scorpioni d'Acciaio
125668;Ada Magliocchetti;0;Gatti Neri;Nero e Viola;
125669;Francesco Saverio Demasi;0;Delfini Argentati;Argento e Nero;Onde Argentate
125670;Liliana Della Porta;0;Pinguini Polari;Bianco e Nero;
125671;Emilia Grazia Iwobi;0;Gatti Neri;Nero e Viola;
125672;Orfeo Rusconi;0;Tigri Nere;Nero e Arancione;Tigri Infuocate
125673;Angela Cervellini;0;Aquile Reali;Blu e Oro;Reali del Cielo
125674;Manfredi Cossutta;0;Volpi del Bosco;Blu e Rosso;Volpi Veloci
125675;Ombretta Maria Camerini;0;Scorpioni Rossi;Giallo e Verde;Scorpioni d'Acciaio
125676;Alessio Astorre;0;Gatti Neri;Nero e Viola;
125677;Gaetano Spelgatti;0;Fulmini Verdi;Verde e Giallo;Lampi Verdi
125678;Lara Galioto;0;Squali Azzurri;Azzurro e Bianco;Predatori del Mare
125679;Ivan Burgaretta Aparo;0;Falchi Grigi;Grigio e Nero;Falchi del Vento
125680;Marina Solinas;0;Serpenti Dorati;Oro e Rosso;Serpenti Dorati
125681;Natale Firrarello;0;Aquile Blu;Blu e Bianco;Aquile Volanti
125682;Furio Paragone;0;Pavoni Reali;Oro e Viola;Ali Reali
125683;Romano Liuzzi;0;Fenici Rosse;Rosso e Arancione;Ali di Fuoco
125684;Natale Maria Alfonso Ruvolo;0;Squali Azzurri;Azzurro e Bianco;Predatori del Mare
125685;Livia Pasquini;0;Leoni Dorati;Giallo e Nero;Leoni Ruggenti
125686;Maria Giuseppa Galimberti;0;Fenici Rosse;Rosso e Arancione;Ali di Fuoco
125687;Ettore Pietro Bellanova;0;Cavalieri d'Argento;Argento e Blu;
125688;Francesco Giuliano;0;Cavalieri d'Argento;Argento e Blu;
125689;Luigi Amorena;0;Gatti Neri;Nero e Viola;
125690;Martino Auddino;0;Cavalli Selvaggi;Rosso e Argento;Cavalieri Selvaggi
125691;Rossella Ruotolo;0;Camaleonti Arcobaleno;Blu e Verde;Camaleonti Magici
125692;Eugenio Danieli;0;Fulmini Verdi;Verde e Giallo;Lampi Verdi
125693;Elia Grasso;0;Fulmini Verdi;Verde e Giallo;Lampi Verdi
125694;Oskar Grillo;0;Pinguini Polari;Bianco e Nero;
125695;Dafne Sanciu;0;Delfini Argentati;Argento e Nero;Onde Argentate
125696;Giacomo Wilde;0;Squali Azzurri;Azzurro e Bianco;Predatori del Mare
125697;Baldassare Cucca;0;Pantere Rosa;Rosa e Grigio;Pantere Fiere
125698;Rosa Piglionica;0;Rinoceronti Blu;Verde e Argento;Rino Blu
125699;Elisa Ciarrapico;0;Fenici Rosse;Rosso e Arancione;Ali di Fuoco
125700;Mariangela Spinelli;0;Gatti Neri;Nero e Viola;
125701;Roberto Tomaselli;0;Volpi del Bosco;Blu e Rosso;Volpi Veloci
125702;Rosanna Augello;0;Dragoni Rossi;Rosso e Nero;Fiamme Rosse
125703;Daniela Botto;0;Pinguini Polari;Bianco e Nero;
125704;Rosanna Milo;0;Orsi Polari;Bianco e Blu;
125705;Bachisio Silvio Giacobbe;0;Pinguini Polari;Bianco e Nero;
125706;Walter Astorre;0;Orsi Polari;Bianco e Blu;
125707;Silvana Andreina Taverna;0;Pantere Rosa;Rosa e Grigio;Pantere Fiere
125708;Giovanbattista Filippin;0;Orsi Polari;Bianco e Blu;
125709;Patrizia Borea;0;Volpi del Bosco;Blu e Rosso;Volpi Veloci
125710;Vasco Pisani;0;Volpi del Bosco;Blu e Rosso;Volpi Veloci
125711;Leonzio Lisi;0;Leoni Dorati;Giallo e Nero;Leoni Ruggenti
125712;Lido Giordano;0;Cavalieri d'Argento;Argento e Blu;
125713;Nicodemo Francesco Ossicini;0;Cavalli Selvaggi;Rosso e Argento;Cavalieri Selvaggi
125714;Beppe Poli Bortone;0;Camaleonti Arcobaleno;Blu e Verde;Camaleonti Magici
125715;Nicolo' Speziali;0;Scorpioni Rossi;Giallo e Verde;Scorpioni d'Acciaio
125716;Carmine Ghedini;0;Pavoni Reali;Oro e Viola;Ali Reali
125717;Salvatore Boldi;0;Rinoceronti Blu;Verde e Argento;Rino Blu
125718;Amintore Chiaromonte;0;Corvi della Tempesta;Grigio e Blu;Tempesta Oscura
125719;Vincenza Colucci;0;Volpi del Bosco;Blu e Rosso;Volpi Veloci
125720;Livio Giambrone;0;Falchi Grigi;Grigio e Nero;Falchi del Vento
125721;Alfonso Battistoni;0;Leoni Dorati;Giallo e Nero;Leoni Ruggenti
125722;Calogero Pizzol;0;Cavalieri d'Argento;Argento e Blu;
125723;Antonio Gianfranco Biscardini;0;Orsi Polari;Bianco e Blu;
125724;Aleandro D'ambrosio Lettieri;0;Serpenti Dorati;Oro e Rosso;Serpenti Dorati
125725;Albertina Iwobi;0;Lupi del Nord;Bianco e Grigio;Ululati del Nord
125726;Liborio Carpi;0;Lupi del Nord;Bianco e Grigio;Ululati del Nord
125727;Emiddio Debenedetti;0;Falchi Grigi;Grigio e Nero;Falchi del Vento
125728;William Fuda;0;Cavalli Selvaggi;Rosso e Argento;Cavalieri Selvaggi
125729;Melchiorre Pegorer;0;Cavalli Selvaggi;Rosso e Argento;Cavalieri Selvaggi
125730;Domenico Di Lello Finuoli;0;Serpenti Dorati;Oro e Rosso;Serpenti Dorati
125731;Giuliano Iori;0;Cinghiali Selvaggi;Marrone e Verde;Cinghiali Ruggenti
125732;Gianpietro Gawronski;0;Corvi della Tempesta;Grigio e Blu;Tempesta Oscura
125733;Palmiro Mantovano;0;Volpi del Bosco;Blu e Rosso;Volpi Veloci
125734;Donato Tommaso Magliocchetti;0;Aquile Blu;Blu e Bianco;Aquile Volanti
125735;Gian Guido Barrile;0;Camaleonti Arcobaleno;Blu e Verde;Camaleonti Magici
125736;Lucrezia Pogliese;0;Orsi Polari;Bianco e Blu;
125737;Albertina D'onghia;0;Dragoni Rossi;Rosso e Nero;Fiamme Rosse
125738;Albert Ferrara;0;Delfini Argentati;Argento e Nero;Onde Argentate
125739;Giampaolo Vittorio Elio Lunesu;0;Elefanti Grigi;Nero e Bianco;Elefanti Titanici
125740;Federico Pallaro;0;Aquile Blu;Blu e Bianco;Aquile Volanti
125741;Vita Maria Bastianoni;0;Camaleonti Arcobaleno;Blu e Verde;Camaleonti Magici
125742;Arturo Mario Ichino;0;Lupi del Nord;Bianco e Grigio;Ululati del Nord
125743;Cataldo Bernasconi;0;Aquile Reali;Blu e Oro;Reali del Cielo
125744;Denis Langella;0;Corvi della Tempesta;Grigio e Blu;Tempesta Oscura
125745;Santo Lavagnini;0;Tigri Nere;Nero e Arancione;Tigri Infuocate
125746;Livia Mascitelli;0;Cavalieri d'Argento;Argento e Blu;
125747;Angela Anna Bruna Fusco;0;Elefanti Grigi;Nero e Bianco;Elefanti Titanici
125748;Angelo Chincarini;0;Gufi Notturni;Viola e Grigio;Occhi nella Notte
125749;Francesco Taviani;0;Falchi Grigi;Grigio e Nero;Falchi del Vento
125750;Ylenia Del Turco;0;Pinguini Polari;Bianco e Nero;
125751;Giuliano Piarulli;0;Tigri Nere;Nero e Arancione;Tigri Infuocate
125752;Valeria Arlacchi;0;Leoni Dorati;Giallo e Nero;Leoni Ruggenti
125753;Vincenzo Ruggero Mazzarello;0;Coccodrilli Verdi;Verde e Marrone;Coccodrilli d'Acciaio
125754;Lamberto Cicolani;0;Fenici Rosse;Rosso e Arancione;Ali di Fuoco
125755;Carlo Dalla Zuanna;0;Volpi del Bosco;Blu e Rosso;Volpi Veloci
125756;Lara Vattuone;0;Elefanti Grigi;Nero e Bianco;Elefanti Titanici
125757;Vincenzo Maria Castellone;0;Aquile Reali;Blu e Oro;Reali del Cielo
125758;Giovanbattista Crucioli;0;Coccodrilli Verdi;Verde e Marrone;Coccodrilli d'Acciaio
125759;Maria Fortuna Gnutti;0;Falchi Grigi;Grigio e Nero;Falchi del Vento
125760;Angela Anna Bruna Siliquini;0;Dragoni Rossi;Rosso e Nero;Fiamme Rosse
125761;Michelina Centaro;0;Scorpioni Rossi;Giallo e Verde;Scorpioni d'Acciaio
125762;Teresa Boscetto;0;Ippopotami Viola;Viola e Oro;
125763;Vincenzo Ruggero De Feo;0;Zebre Striate;Bianco e Rosso;Zebre Elettriche
125764;Amedeo Maceratini;0;Squali Azzurri;Azzurro e Bianco;Predatori del Mare
125765;Davide Urraro;0;Corvi della Tempesta;Grigio e Blu;Tempesta Oscura
125766;Emanuele Naro;0;Fenici Rosse;Rosso e Arancione;Ali di Fuoco
125767;Stanislao Alessandro Cantini;0;Fenici Rosse;Rosso e Arancione;Ali di Fuoco
125768;Armin Turini;0;Cinghiali Selvaggi;Marrone e Verde;Cinghiali Ruggenti
125769;Aleandro Crema;0;Aquile Blu;Blu e Bianco;Aquile Volanti
125770;Angela Anna Bruna Marcenaro;0;Fulmini Verdi;Verde e Giallo;Lampi Verdi
125771;Stelio Amoruso;0;Leoni Dorati;Giallo e Nero;Leoni Ruggenti
125772;Mauro Antonio Donato Pavanelli;0;Aquile Reali;Blu e Oro;Reali del Cielo
125773;Carla Battista;0;Scorpioni Rossi;Giallo e Verde;Scorpioni d'Acciaio
125774;Erminia Confalonieri;0;Tigri Nere;Nero e Arancione;Tigri Infuocate
125775;Esterino Dolazza;0;Gufi Notturni;Viola e Grigio;Occhi nella Notte
125776;Rosario Giorgio Berger;0;Aquile Reali;Blu e Oro;Reali del Cielo
125777;Emanuele Pellicini;0;Lupi del Nord;Bianco e Grigio;Ululati del Nord
125778;Concetta Nocco;0;Dragoni Rossi;Rosso e Nero;Fiamme Rosse
125779;Maria Luisa Quarto;0;Pinguini Polari;Bianco e Nero;
125780;Valerio Mininno;0;Ippopotami Viola;Viola e Oro;
125781;Oreste Volpi;0;Dragoni Rossi;Rosso e Nero;Fiamme Rosse
125782;Alberto Biasotti;0;Cavalli Selvaggi;Rosso e Argento;Cavalieri Selvaggi
125783;Bachisio Silvio Di Benedetto;0;Pavoni Reali;Oro e Viola;Ali Reali
125784;Ottaviano Robol;0;Delfini Argentati;Argento e Nero;Onde Argentate
125785;Goffredo Maria Falomi;0;Cinghiali Selvaggi;Marrone e Verde;Cinghiali Ruggenti
125786;Angelica Marti;0;Ippopotami Viola;Viola e Oro;
125787;Ulisse Malabarba;0;Serpenti Dorati;Oro e Rosso;Serpenti Dorati
125788;Diodato (darko) Cecchi Gori;0;Aquile Blu;Blu e Bianco;Aquile Volanti
125789;Guido Quintino Uras;0;Pinguini Polari;Bianco e Nero;
125790;Mariarosaria Sestini;0;Rinoceronti Blu;Verde e Argento;Rino Blu
125791;Martino Zanda;0;Pinguini Polari;Bianco e Nero;
125792;Nicola Rotondi;0;Aquile Reali;Blu e Oro;Reali del Cielo
125793;Nazario Pirro;0;Squali Azzurri;Azzurro e Bianco;Predatori del Mare
125794;Martino Malan;0;Fenici Rosse;Rosso e Arancione;Ali di Fuoco
125795;Bianca Maria Budin;0;Falchi Grigi;Grigio e Nero;Falchi del Vento
125796;Daniele Manzi;0;Orsi Polari;Bianco e Blu;
125797;Sebastiano Enriques;0;Pantere Rosa;Rosa e Grigio;Pantere Fiere
125798;Valeria Bo;0;Pantere Rosa;Rosa e Grigio;Pantere Fiere
125799;Gianvittore Vaccaro;0;Aquile Blu;Blu e Bianco;Aquile Volanti
125800;Giulia Smuraglia;0;Cavalieri d'Argento;Argento e Blu;
125801;Aniello Borghesi;0;Volpi del Bosco;Blu e Rosso;Volpi Veloci
125802;Nicolo' Falanga;0;Leoni Dorati;Giallo e Nero;Leoni Ruggenti
125803;Guglielmo Forlani;0;Aquile Reali;Blu e Oro;Reali del Cielo
125804;Mirella Vedovato;0;Leoni Dorati;Giallo e Nero;Leoni Ruggenti
125805;Pier Ferdinando Lorefice;0;Pantere Rosa;Rosa e Grigio;Pantere Fiere
125806;Tiziana Carmela Rosaria Banti;0;Gufi Notturni;Viola e Grigio;Occhi nella Notte
125807;Remigio Sbarbati;0;Scorpioni Rossi;Giallo e Verde;Scorpioni d'Acciaio
125808;Francesco Vaccaro;0;Orsi Polari;Bianco e Blu;
125809;Valerio Rapani;0;Corvi della Tempesta;Grigio e Blu;Tempesta Oscura
125810;Jas Scanu;0;Lupi del Nord;Bianco e Grigio;Ululati del Nord
125811;Josefa Butti;0;Cinghiali Selvaggi;Marrone e Verde;Cinghiali Ruggenti
125812;Leopoldo Cervellini;0;Gufi Notturni;Viola e Grigio;Occhi nella Notte
125813;Valeria Grasso;0;Orsi Polari;Bianco e Blu;
125814;Saverio Albano;0;Rinoceronti Blu;Verde e Argento;Rino Blu
125815;Rosa Silvana Villone;0;Leoni Dorati;Giallo e Nero;Leoni Ruggenti
125816;Vilma Mundi;0;Coccodrilli Verdi;Verde e Marrone;Coccodrilli d'Acciaio
125817;Livio Stancanelli;0;Orsi Polari;Bianco e Blu;
125818;Fiammetta Soliani;0;Delfini Argentati;Argento e Nero;Onde Argentate
125819;Calogero Errani;0;Gatti Neri;Nero e Viola;
125820;Manuel Mercatali;0;Cavalieri d'Argento;Argento e Blu;
125821;Giuliano Spagnolli;0;Elefanti Grigi;Nero e Bianco;Elefanti Titanici
125822;Anna Cinzia Rojc;0;Cavalieri d'Argento;Argento e Blu;
125823;Dafne Minuto;0;Serpenti Dorati;Oro e Rosso;Serpenti Dorati
125824;Simona Nunzia Occhipinti;0;Pinguini Polari;Bianco e Nero;
125825;Giuliomaria Burgaretta Aparo;0;Serpenti Dorati;Oro e Rosso;Serpenti Dorati
125826;Emiliano Loiero;0;Pantere Rosa;Rosa e Grigio;Pantere Fiere
125827;Orietta Treu;0;Tigri Nere;Nero e Arancione;Tigri Infuocate
125828;Aldo Bossi;0;Cinghiali Selvaggi;Marrone e Verde;Cinghiali Ruggenti
125829;Graziano Debenedetti;0;Squali Azzurri;Azzurro e Bianco;Predatori del Mare
125830;Lidia Misserville;0;Volpi del Bosco;Blu e Rosso;Volpi Veloci
125831;Gaspare Antonio Giuliano;0;Orsi Polari;Bianco e Blu;
125832;Giulio Mario Versace;0;Scorpioni Rossi;Giallo e Verde;Scorpioni d'Acciaio
125833;Margherita De Biasi;0;Pantere Rosa;Rosa e Grigio;Pantere Fiere
125834;Arturo Mario Pezzopane;0;Gatti Neri;Nero e Viola;
125835;Francesco Enrico Valente;0;Cinghiali Selvaggi;Marrone e Verde;Cinghiali Ruggenti
125836;Graziano Muzio;0;Cavalieri d'Argento;Argento e Blu;
125837;Anna Rita Mercatali;0;Gufi Notturni;Viola e Grigio;Occhi nella Notte
125838;Gianrico Puppato;0;Fenici Rosse;Rosso e Arancione;Ali di Fuoco
125839;Maria Domenica Lombardo;0;Aquile Blu;Blu e Bianco;Aquile Volanti
125840;Leonzio Pettinato;0;Gufi Notturni;Viola e Grigio;Occhi nella Notte
125841;Vittoria Francesca Maria Maggi;0;Ippopotami Viola;Viola e Oro;
125842;Giulio Mario Galioto;0;Squali Azzurri;Azzurro e Bianco;Predatori del Mare
125843;Silvia Pessina;0;Cinghiali Selvaggi;Marrone e Verde;Cinghiali Ruggenti
125844;Lucia Manieri;0;Serpenti Dorati;Oro e Rosso;Serpenti Dorati
125845;Jose' Luiz Peterlini;0;Aquile Blu;Blu e Bianco;Aquile Volanti
125846;Bruno Cirinna';0;Camaleonti Arcobaleno;Blu e Verde;Camaleonti Magici
125847;Felice Carlo Basso;0;Elefanti Grigi;Nero e Bianco;Elefanti Titanici
125848;Cinzia La Pietra;0;Cavalli Selvaggi;Rosso e Argento;Cavalieri Selvaggi
125849;Antonio Salvatore La Pietra;0;Corvi della Tempesta;Grigio e Blu;Tempesta Oscura
125850;Corrado Fassone;0;Camaleonti Arcobaleno;Blu e Verde;Camaleonti Magici
125851;Liborio Moles;0;Scorpioni Rossi;Giallo e Verde;Scorpioni d'Acciaio
125852;Fiammetta Zeller;0;Coccodrilli Verdi;Verde e Marrone;Coccodrilli d'Acciaio
125853;Ombretta Maria Gelmini;0;Rinoceronti Blu;Verde e Argento;Rino Blu
125854;Helga Marini;0;Delfini Argentati;Argento e Nero;Onde Argentate
125855;Antonella Taddei;0;Cinghiali Selvaggi;Marrone e Verde;Cinghiali Ruggenti
125856;Vittorio Demasi;0;Camaleonti Arcobaleno;Blu e Verde;Camaleonti Magici
125857;Sandra Pizzol;0;Fulmini Verdi;Verde e Giallo;Lampi Verdi
125858;Martino Iorio;0;Gufi Notturni;Viola e Grigio;Occhi nella Notte
125859;Lamberto Moscardelli;0;Zebre Striate;Bianco e Rosso;Zebre Elettriche
125860;Maria Grazia Calderoli;0;Pavoni Reali;Oro e Viola;Ali Reali
125861;Francesco Perduca;0;Falchi Grigi;Grigio e Nero;Falchi del Vento
125862;Roberto Moles;0;Camaleonti Arcobaleno;Blu e Verde;Camaleonti Magici
125863;Fabiola Doria;0;Fenici Rosse;Rosso e Arancione;Ali di Fuoco
125864;Aurelio Giuseppe Crema;0;Serpenti Dorati;Oro e Rosso;Serpenti Dorati
125865;Sante Ichino;0;Aquile Blu;Blu e Bianco;Aquile Volanti
125866;Erminia Magoni;0;Cavalieri d'Argento;Argento e Blu;
125867;Silvia Guerra;0;Lupi del Nord;Bianco e Grigio;Ululati del Nord
125868;Guido D'urso;0;Elefanti Grigi;Nero e Bianco;Elefanti Titanici
125869;Maria Fortuna Bodini;0;Fenici Rosse;Rosso e Arancione;Ali di Fuoco
125870;Gaspare Antonio Abate;0;Falchi Grigi;Grigio e Nero;Falchi del Vento
125871;Elvira Lucia Vono;0;Cinghiali Selvaggi;Marrone e Verde;Cinghiali Ruggenti
125872;Guglielmo Pecoraro Scanio;0;Camaleonti Arcobaleno;Blu e Verde;Camaleonti Magici
125873;Giulia Bucciarelli;0;Leoni Dorati;Giallo e Nero;Leoni Ruggenti
125874;Elena Petrenga;0;Scorpioni Rossi;Giallo e Verde;Scorpioni d'Acciaio
125875;Marina Nencini;0;Rinoceronti Blu;Verde e Argento;Rino Blu
125876;Maria Giuseppa Lai;0;Corvi della Tempesta;Grigio e Blu;Tempesta Oscura
125877;Alberto Adalgisio Losurdo;0;Leoni Dorati;Giallo e Nero;Leoni Ruggenti
125878;Ida Rojc;0;Aquile Blu;Blu e Bianco;Aquile Volanti
125879;Alberto Felice Simone Mauro;0;Fenici Rosse;Rosso e Arancione;Ali di Fuoco
125880;Giulio Fanfani;0;Ippopotami Viola;Viola e Oro;
125881;Goffredo Maria Cociancich;0;Falchi Grigi;Grigio e Nero;Falchi del Vento
125882;Gianmauro La Pietra;0;Aquile Blu;Blu e Bianco;Aquile Volanti
125883;Adele Agnelli;0;Camaleonti Arcobaleno;Blu e Verde;Camaleonti Magici
125884;Fabrizio Finocchiaro;0;Cavalli Selvaggi;Rosso e Argento;Cavalieri Selvaggi
125885;Antonio Franco Nocerino;0;Serpenti Dorati;Oro e Rosso;Serpenti Dorati
125886;Alan Cosenza;0;Cavalieri d'Argento;Argento e Blu;
125887;Tiziana Carmela Rosaria Crimi;0;Tigri Nere;Nero e Arancione;Tigri Infuocate
125888;Gabriella Ioannucci;0;Gufi Notturni;Viola e Grigio;Occhi nella Notte
125889;Tiziana Carmela Rosaria Fucksia;0;Delfini Argentati;Argento e Nero;Onde Argentate
125890;Nico Figurelli;0;Pinguini Polari;Bianco e Nero;
125891;Elvira Lucia Senese;0;Falchi Grigi;Grigio e Nero;Falchi del Vento
125892;Sandro Occhipinti;0;Aquile Reali;Blu e Oro;Reali del Cielo
125893;Michaela Merlo;0;Dragoni Rossi;Rosso e Nero;Fiamme Rosse
125894;Renzo Spagnolli;0;Orsi Polari;Bianco e Blu;
125895;Michela Pieroni;0;Serpenti Dorati;Oro e Rosso;Serpenti Dorati
125896;Alfredo Russo;0;Cavalli Selvaggi;Rosso e Argento;Cavalieri Selvaggi
125897;Aurelio Giuseppe Occhipinti;0;Cavalli Selvaggi;Rosso e Argento;Cavalieri Selvaggi
125898;Elvio Vedani;0;Cavalli Selvaggi;Rosso e Argento;Cavalieri Selvaggi
125899;Sandro Chiti;0;Lupi del Nord;Bianco e Grigio;Ululati del Nord
125900;Doris Mieli;0;Gatti Neri;Nero e Viola;
125901;Tommaso Agnelli;0;Zebre Striate;Bianco e Rosso;Zebre Elettriche
125902;Felice Carlo Occhetto;0;Pantere Rosa;Rosa e Grigio;Pantere Fiere
125903;Christian Tabladini;0;Ippopotami Viola;Viola e Oro;
125904;Aurora Cusimano;0;Coccodrilli Verdi;Verde e Marrone;Coccodrilli d'Acciaio
125905;Livio Aloisio;0;Pinguini Polari;Bianco e Nero;
125906;Lino Dalla Tor;0;Coccodrilli Verdi;Verde e Marrone;Coccodrilli d'Acciaio
125907;Gabriella Manunza;0;Dragoni Rossi;Rosso e Nero;Fiamme Rosse
125908;Filippo Di Maggio;0;Aquile Reali;Blu e Oro;Reali del Cielo
125909;Anna Cinzia Mangialavori;0;Zebre Striate;Bianco e Rosso;Zebre Elettriche
125910;Orietta Mura;0;Cavalieri d'Argento;Argento e Blu;
125911;Bernabo' Lucidi;0;Camaleonti Arcobaleno;Blu e Verde;Camaleonti Magici
125912;Vladimiro Marano;0;Tigri Nere;Nero e Arancione;Tigri Infuocate
125913;Guido Tocci;0;Falchi Grigi;Grigio e Nero;Falchi del Vento
125914;Erica Albano;0;Gatti Neri;Nero e Viola;
125915;Fabiola Furlan;0;Volpi del Bosco;Blu e Rosso;Volpi Veloci
125916;Elidio Romano;0;Pavoni Reali;Oro e Viola;Ali Reali
125917;Valeria Dirindin;0;Volpi del Bosco;Blu e Rosso;Volpi Veloci
125918;Silvia Misiani;0;Dragoni Rossi;Rosso e Nero;Fiamme Rosse
125919;Rosario Giorgio Donno;0;Camaleonti Arcobaleno;Blu e Verde;Camaleonti Magici
125920;Helga Crema;0;Tigri Nere;Nero e Arancione;Tigri Infuocate
125921;Maria Agostina Testor;0;Cavalieri d'Argento;Argento e Blu;
125922;Stanislao Alessandro Lo Curzio;0;Zebre Striate;Bianco e Rosso;Zebre Elettriche
125923;Willer Contini;0;Zebre Striate;Bianco e Rosso;Zebre Elettriche
125924;Margherita Laniece;0;Cavalieri d'Argento;Argento e Blu;
125925;Giuseppe Contini;0;Serpenti Dorati;Oro e Rosso;Serpenti Dorati
125926;Annalisa Murelli;0;Cinghiali Selvaggi;Marrone e Verde;Cinghiali Ruggenti
125927;Giuseppe Tommaso Vincenzo Scavone;0;Scorpioni Rossi;Giallo e Verde;Scorpioni d'Acciaio
125928;Guglielmo Manconi;0;Elefanti Grigi;Nero e Bianco;Elefanti Titanici
125929;Anna Maria Ruspandini;0;Rinoceronti Blu;Verde e Argento;Rino Blu
125930;Maria Alessandra Licheri;0;Coccodrilli Verdi;Verde e Marrone;Coccodrilli d'Acciaio
125931;Patty Arlacchi;0;Cavalli Selvaggi;Rosso e Argento;Cavalieri Selvaggi
125932;Fernando Frau;0;Fulmini Verdi;Verde e Giallo;Lampi Verdi
125933;Eva Gualdani;0;Coccodrilli Verdi;Verde e Marrone;Coccodrilli d'Acciaio
125934;Melchiorre Morando;0;Fenici Rosse;Rosso e Arancione;Ali di Fuoco
125935;Gian Giacomo Gubert;0;Orsi Polari;Bianco e Blu;
125936;Ombretta Maria Ichino;0;Aquile Reali;Blu e Oro;Reali del Cielo
125937;Ulisse Iannuzzi;0;Scorpioni Rossi;Giallo e Verde;Scorpioni d'Acciaio
125938;Martino Poretti;0;Rinoceronti Blu;Verde e Argento;Rino Blu
125939;Julia Ostellari;0;Camaleonti Arcobaleno;Blu e Verde;Camaleonti Magici
125940;Carlo Bitonci;0;Lupi del Nord;Bianco e Grigio;Ululati del Nord
125941;Tamara Gnutti;0;Dragoni Rossi;Rosso e Nero;Fiamme Rosse
125942;Jas Cioffi;0;Aquile Blu;Blu e Bianco;Aquile Volanti
125943;Maria Cristina Salvi;0;Gufi Notturni;Viola e Grigio;Occhi nella Notte
125944;Aldo Mazzarello;0;Falchi Grigi;Grigio e Nero;Falchi del Vento
125945;Renato Guerino Barbato;0;Falchi Grigi;Grigio e Nero;Falchi del Vento
125946;Erica Simeoni;0;Tigri Nere;Nero e Arancione;Tigri Infuocate
125947;Giovanbattista Mannino;0;Rinoceronti Blu;Verde e Argento;Rino Blu
125948;Daisy Cintola;0;Pinguini Polari;Bianco e Nero;
125949;Fiorello Scalfarotto;0;Fulmini Verdi;Verde e Giallo;Lampi Verdi
125950;Antonio Michele Callegaro;0;Elefanti Grigi;Nero e Bianco;Elefanti Titanici
125951;Willer Doria;0;Tigri Nere;Nero e Arancione;Tigri Infuocate
125952;Silvia Matrisciano;0;Camaleonti Arcobaleno;Blu e Verde;Camaleonti Magici
125953;Amintore Moncada;0;Volpi del Bosco;Blu e Rosso;Volpi Veloci
125954;Anna Rita Aiello;0;Cavalieri d'Argento;Argento e Blu;
125955;Sauro Ronchi;0;Leoni Dorati;Giallo e Nero;Leoni Ruggenti
125956;Battista Corti;0;Pinguini Polari;Bianco e Nero;
125957;Nicoletta Pergreffi;0;Zebre Striate;Bianco e Rosso;Zebre Elettriche
125958;Aurora Lorenzi;0;Pantere Rosa;Rosa e Grigio;Pantere Fiere
125959;Libero Grillotti;0;Ippopotami Viola;Viola e Oro;
125960;Ruggiero Presutto;0;Elefanti Grigi;Nero e Bianco;Elefanti Titanici
125961;Vita Maria Astore;0;Pinguini Polari;Bianco e Nero;
125962;Iunio Valerio Righetti;0;Dragoni Rossi;Rosso e Nero;Fiamme Rosse
125963;Manfred Anastasi;0;Leoni Dorati;Giallo e Nero;Leoni Ruggenti
125964;Leana Filippin;0;Aquile Blu;Blu e Bianco;Aquile Volanti
125965;Dario Taviani;0;Squali Azzurri;Azzurro e Bianco;Predatori del Mare
125966;Linda Florino;0;Leoni Dorati;Giallo e Nero;Leoni Ruggenti
125967;Vittoria Cossiga;0;Pantere Rosa;Rosa e Grigio;Pantere Fiere
125968;Lodovico Urso;0;Delfini Argentati;Argento e Nero;Onde Argentate
125969;Massimo Candura;0;Zebre Striate;Bianco e Rosso;Zebre Elettriche
125970;Valter De Castro;0;Fenici Rosse;Rosso e Arancione;Ali di Fuoco
125971;Gaetano Tredese;0;Cinghiali Selvaggi;Marrone e Verde;Cinghiali Ruggenti
125972;Patrizia Maturani;0;Orsi Polari;Bianco e Blu;
125973;Dorina Modica;0;Pinguini Polari;Bianco e Nero;
125974;Willer Spadoni Urbani;0;Serpenti Dorati;Oro e Rosso;Serpenti Dorati
125975;Ylenia Loiero;0;Pavoni Reali;Oro e Viola;Ali Reali
125976;Niccolo' Ronconi;0;Delfini Argentati;Argento e Nero;Onde Argentate
125977;Ida Maria Scoma;0;Pantere Rosa;Rosa e Grigio;Pantere Fiere
125978;Josefa Speziali;0;Zebre Striate;Bianco e Rosso;Zebre Elettriche
125979;Francesco Enrico Danzi;0;Volpi del Bosco;Blu e Rosso;Volpi Veloci
125980;Giuseppe Maria Preda;0;Corvi della Tempesta;Grigio e Blu;Tempesta Oscura
125981;Ignazio Serra;0;Leoni Dorati;Giallo e Nero;Leoni Ruggenti
125982;Cesarino Digilio;0;Tigri Nere;Nero e Arancione;Tigri Infuocate
125983;Marino Germano Lauricella;0;Falchi Grigi;Grigio e Nero;Falchi del Vento
125984;Aventino D'ubaldo;0;Rinoceronti Blu;Verde e Argento;Rino Blu
125985;Nico Lo Curzio;0;Falchi Grigi;Grigio e Nero;Falchi del Vento
125986;Silvestro De Vecchis;0;Gufi Notturni;Viola e Grigio;Occhi nella Notte
125987;Aniello Preioni;0;Aquile Reali;Blu e Oro;Reali del Cielo
125988;Silvana Fisichella;0;Lupi del Nord;Bianco e Grigio;Ululati del Nord
125989;Stefania Cerno;0;Coccodrilli Verdi;Verde e Marrone;Coccodrilli d'Acciaio
125990;Eugenio Pelella;0;Pavoni Reali;Oro e Viola;Ali Reali
125991;Lidia Senese;0;Zebre Striate;Bianco e Rosso;Zebre Elettriche
125992;Sauro La Loggia;0;Pavoni Reali;Oro e Viola;Ali Reali
125993;Maria Luisa Della Vedova;0;Aquile Reali;Blu e Oro;Reali del Cielo
125994;Lara Misiani;0;Aquile Blu;Blu e Bianco;Aquile Volanti
125995;Tiziana Latronico;0;Falchi Grigi;Grigio e Nero;Falchi del Vento
125996;Alberto Pietro Maria Semenzato;0;Serpenti Dorati;Oro e Rosso;Serpenti Dorati
125997;Jas Caselli;0;Pavoni Reali;Oro e Viola;Ali Reali
125998;Tiziana Carmela Rosaria Fabbri;0;Squali Azzurri;Azzurro e Bianco;Predatori del Mare
125999;Eugenio Pedrazzini;0;Delfini Argentati;Argento e Nero;Onde Argentate
126000;Filadelfio Guido Crescenzio;0;Cavalli Selvaggi;Rosso e Argento;Cavalieri Selvaggi
126001;Emanuele Papini;0;Dragoni Rossi;Rosso e Nero;Fiamme Rosse
126002;Guido Quintino Cociancich;0;Lupi del Nord;Bianco e Grigio;Ululati del Nord
126003;Franco Costantino Pirondini;0;Tigri Nere;Nero e Arancione;Tigri Infuocate
126004;Irene Corrao;0;Coccodrilli Verdi;Verde e Marrone;Coccodrilli d'Acciaio
126005;Lara Messina;0;Falchi Grigi;Grigio e Nero;Falchi del Vento
126006;Amedeo Strano;0;Coccodrilli Verdi;Verde e Marrone;Coccodrilli d'Acciaio
126007;Nicolo' Giuliano;0;Orsi Polari;Bianco e Blu;
126008;Calogero Bressa;0;Leoni Dorati;Giallo e Nero;Leoni Ruggenti
126009;Giusy Nespoli;0;Fulmini Verdi;Verde e Giallo;Lampi Verdi
126010;Pierantonio Bobba;0;Ippopotami Viola;Viola e Oro;
126011;Silvana Bulgarelli;0;Serpenti Dorati;Oro e Rosso;Serpenti Dorati
126012;Patty Ghigo;0;Cinghiali Selvaggi;Marrone e Verde;Cinghiali Ruggenti
126013;Etelwardo Corrado;0;Orsi Polari;Bianco e Blu;
126014;Emilio Nicola Potenti;0;Lupi del Nord;Bianco e Grigio;Ululati del Nord
126015;Lucio Vano;0;Delfini Argentati;Argento e Nero;Onde Argentate
126016;Lucio Zampa;0;Lupi del Nord;Bianco e Grigio;Ululati del Nord
126017;Marcello Meloni;0;Aquile Blu;Blu e Bianco;Aquile Volanti
126018;Antonio Michele Mussini;0;Pantere Rosa;Rosa e Grigio;Pantere Fiere
126019;Rosa Maria Angrisani;0;Cavalieri d'Argento;Argento e Blu;
126020;Antonio Salvatore Palombo;0;Leoni Dorati;Giallo e Nero;Leoni Ruggenti
126021;Francesco Maria D'alessandro Prisco;0;Lupi del Nord;Bianco e Grigio;Ululati del Nord
126022;Ernesto Caridi;0;Rinoceronti Blu;Verde e Argento;Rino Blu
126023;Antonello Casson;0;Camaleonti Arcobaleno;Blu e Verde;Camaleonti Magici
126024;Licia Cicolani;0;Leoni Dorati;Giallo e Nero;Leoni Ruggenti
126025;Rocco Vito Caruso;0;Lupi del Nord;Bianco e Grigio;Ululati del Nord
126026;Susanna Lina Giulia Donati;0;Cinghiali Selvaggi;Marrone e Verde;Cinghiali Ruggenti
126027;Cosimo Formisano;0;Rinoceronti Blu;Verde e Argento;Rino Blu
126028;Furio Borgonzoni;0;Squali Azzurri;Azzurro e Bianco;Predatori del Mare
126029;Nico Cappelletti;0;Pinguini Polari;Bianco e Nero;
126030;Magda Angela Fattorini;0;Fulmini Verdi;Verde e Giallo;Lampi Verdi
126031;Simonetta Crucioli;0;Cavalieri d'Argento;Argento e Blu;
126032;Manuela La Pietra;0;Pavoni Reali;Oro e Viola;Ali Reali
126033;Stefano Fassone;0;Pantere Rosa;Rosa e Grigio;Pantere Fiere
126034;Gianmauro Donise;0;Corvi della Tempesta;Grigio e Blu;Tempesta Oscura
126035;Romualdo Vittorio Di Stefano;0;Leoni Dorati;Giallo e Nero;Leoni Ruggenti
126036;Romualdo Vittorio Bettoni Brandani;0;Camaleonti Arcobaleno;Blu e Verde;Camaleonti Magici
126037;Euprepio Lunesu;0;Gufi Notturni;Viola e Grigio;Occhi nella Notte
126038;Anna Maria Faraone;0;Rinoceronti Blu;Verde e Argento;Rino Blu
126039;Luca Cervellini;0;Ippopotami Viola;Viola e Oro;
126040;Ada Sangalli;0;Leoni Dorati;Giallo e Nero;Leoni Ruggenti
126041;Saverio Zaffini;0;Cavalieri d'Argento;Argento e Blu;
126042;Paola Lumia;0;Squali Azzurri;Azzurro e Bianco;Predatori del Mare
126043;Felicia Del Vecchio;0;Elefanti Grigi;Nero e Bianco;Elefanti Titanici
126044;Daniele Presutto;0;Cavalieri d'Argento;Argento e Blu;
126045;Beppe Folloni;0;Volpi del Bosco;Blu e Rosso;Volpi Veloci
126046;Fernando Vetrella;0;Cinghiali Selvaggi;Marrone e Verde;Cinghiali Ruggenti
126047;Cristiano Giaretta;0;Fenici Rosse;Rosso e Arancione;Ali di Fuoco
126048;Emilia Grazia Pecoraro Scanio;0;Cavalli Selvaggi;Rosso e Argento;Cavalieri Selvaggi
126049;Alessandrina Caridi;0;Corvi della Tempesta;Grigio e Blu;Tempesta Oscura
126050;Emanuela De Vecchis;0;Falchi Grigi;Grigio e Nero;Falchi del Vento
126051;Luca Salvato;0;Rinoceronti Blu;Verde e Argento;Rino Blu
126052;Fabiola Cursi;0;Delfini Argentati;Argento e Nero;Onde Argentate
126053;Fabrizio Sollo;0;Dragoni Rossi;Rosso e Nero;Fiamme Rosse
126054;Peppe Mazzaracchio;0;Gatti Neri;Nero e Viola;
126055;Vita Maria Perosino;0;Falchi Grigi;Grigio e Nero;Falchi del Vento
126056;Lara Piscitelli;0;Pinguini Polari;Bianco e Nero;
126057;Rocco Murelli;0;Fenici Rosse;Rosso e Arancione;Ali di Fuoco
126058;Niccolo' Greco;0;Pavoni Reali;Oro e Viola;Ali Reali
126059;Fiorenza Pistorio;0;Fulmini Verdi;Verde e Giallo;Lampi Verdi
126060;Liborio Pizzinato;0;Lupi del Nord;Bianco e Grigio;Ululati del Nord
126061;Adelaide Candiani;0;Fulmini Verdi;Verde e Giallo;Lampi Verdi
126062;Tarcisio Cardinali;0;Camaleonti Arcobaleno;Blu e Verde;Camaleonti Magici
126063;Maria Agostina Brignone;0;Orsi Polari;Bianco e Blu;
126064;Manuel Lombardo;0;Aquile Blu;Blu e Bianco;Aquile Volanti
126065;Gianluca Dal Mas;0;Rinoceronti Blu;Verde e Argento;Rino Blu
126066;Fulvio Scotti;0;Cavalli Selvaggi;Rosso e Argento;Cavalieri Selvaggi
126067;Vilma Terracini;0;Zebre Striate;Bianco e Rosso;Zebre Elettriche
126068;Vincenzo Digilio;0;Orsi Polari;Bianco e Blu;
126069;Liliana Modica;0;Cinghiali Selvaggi;Marrone e Verde;Cinghiali Ruggenti
126070;Ludovico Livi Bacci;0;Cavalli Selvaggi;Rosso e Argento;Cavalieri Selvaggi
126071;Cosimo Giaretta;0;Leoni Dorati;Giallo e Nero;Leoni Ruggenti
126072;Maria Domenica Leddi;0;Orsi Polari;Bianco e Blu;
126073;Vera Liliana Cozzolino;0;Falchi Grigi;Grigio e Nero;Falchi del Vento
126074;Silvia Centaro;0;Pavoni Reali;Oro e Viola;Ali Reali
126075;Ilaria Abate;0;Tigri Nere;Nero e Arancione;Tigri Infuocate
126076;Leonzio Barbato;0;Lupi del Nord;Bianco e Grigio;Ululati del Nord
126077;Tilde Amorena;0;Corvi della Tempesta;Grigio e Blu;Tempesta Oscura
126078;Guido Cesare Ucchielli;0;Scorpioni Rossi;Giallo e Verde;Scorpioni d'Acciaio
126079;Julia Toninelli;0;Falchi Grigi;Grigio e Nero;Falchi del Vento
126080;Barbara Ucchielli;0;Pinguini Polari;Bianco e Nero;
126081;Antonino Toia;0;Ippopotami Viola;Viola e Oro;
126082;Davide Tajani;0;Gatti Neri;Nero e Viola;
126083;Massimiliano Garavaglia;0;Scorpioni Rossi;Giallo e Verde;Scorpioni d'Acciaio
126084;Raffaella Mennuni;0;Lupi del Nord;Bianco e Grigio;Ululati del Nord
126085;Gregorio Pinotti;0;Serpenti Dorati;Oro e Rosso;Serpenti Dorati
126086;Patrizio Giacomo Albertini;0;Gufi Notturni;Viola e Grigio;Occhi nella Notte
126087;Costanzo Buccarella;0;Pantere Rosa;Rosa e Grigio;Pantere Fiere
126088;Maria Adduce;0;Tigri Nere;Nero e Arancione;Tigri Infuocate
126089;Tiziano Monticone;0;Aquile Blu;Blu e Bianco;Aquile Volanti
126090;Carlo Azeglio Avogadro;0;Coccodrilli Verdi;Verde e Marrone;Coccodrilli d'Acciaio
126091;Santo Poli;0;Zebre Striate;Bianco e Rosso;Zebre Elettriche
126092;Emilio Gatti;0;Serpenti Dorati;Oro e Rosso;Serpenti Dorati
126093;Lionello Marco Borea;0;Gatti Neri;Nero e Viola;
126094;Isabella Speranzon;0;Squali Azzurri;Azzurro e Bianco;Predatori del Mare
126095;Lucio Alessio Fregolent;0;Cavalieri d'Argento;Argento e Blu;
126096;Davide Salvitti;0;Pinguini Polari;Bianco e Nero;
126097;Fulvio Fedeli;0;Camaleonti Arcobaleno;Blu e Verde;Camaleonti Magici
126098;Ylenia Pirondini;0;Squali Azzurri;Azzurro e Bianco;Predatori del Mare
126099;Silvano Milana;0;Pantere Rosa;Rosa e Grigio;Pantere Fiere
126100;Elio Rocchi;0;Ippopotami Viola;Viola e Oro;
126101;Laura Moncada;0;Coccodrilli Verdi;Verde e Marrone;Coccodrilli d'Acciaio
126102;Maria Teresa Sambin;0;Gatti Neri;Nero e Viola;
126103;Bianca Laura D'angelo;0;Zebre Striate;Bianco e Rosso;Zebre Elettriche
126104;Pietro Nastri;0;Cavalieri d'Argento;Argento e Blu;
126105;Adolfo Fucksia;0;Squali Azzurri;Azzurro e Bianco;Predatori del Mare
126106;Niccolo' Sudano;0;Squali Azzurri;Azzurro e Bianco;Predatori del Mare
126107;Benedetto Alicata;0;Serpenti Dorati;Oro e Rosso;Serpenti Dorati
126108;Michela Agostinelli;0;Tigri Nere;Nero e Arancione;Tigri Infuocate
126109;Giorgio Maria Sallemi;0;Falchi Grigi;Grigio e Nero;Falchi del Vento
126110;Beatrice Divina;0;Gufi Notturni;Viola e Grigio;Occhi nella Notte
126111;Danilo Carpinelli;0;Camaleonti Arcobaleno;Blu e Verde;Camaleonti Magici
126112;Benedetto Tosato;0;Aquile Blu;Blu e Bianco;Aquile Volanti
126113;Cesarino Pezzopane;0;Fulmini Verdi;Verde e Giallo;Lampi Verdi
126114;Pippo Ricchiuti;0;Cavalieri d'Argento;Argento e Blu;
126115;Anna Cinzia Provera;0;Ippopotami Viola;Viola e Oro;
126116;Fedele Scivoletto;0;Elefanti Grigi;Nero e Bianco;Elefanti Titanici
126117;Peppe Curto;0;Fenici Rosse;Rosso e Arancione;Ali di Fuoco
126118;Antonio Franco Scarpetti;0;Orsi Polari;Bianco e Blu;
126119;Aurora Saccone;0;Fulmini Verdi;Verde e Giallo;Lampi Verdi
126120;Lucia Monteleone;0;Aquile Reali;Blu e Oro;Reali del Cielo
126121;Elvio Aimi;0;Scorpioni Rossi;Giallo e Verde;Scorpioni d'Acciaio
126122;Giuseppe Francesco Maria Maggi;0;Elefanti Grigi;Nero e Bianco;Elefanti Titanici
126123;Michaela Orsi;0;Fulmini Verdi;Verde e Giallo;Lampi Verdi
126124;Rossana Lauria;0;Aquile Reali;Blu e Oro;Reali del Cielo
126125;Egidio Luigi Polledri;0;Volpi del Bosco;Blu e Rosso;Volpi Veloci
126126;Cesarino Cintola;0;Coccodrilli Verdi;Verde e Marrone;Coccodrilli d'Acciaio
126127;Sabina Durigon;0;Ippopotami Viola;Viola e Oro;
126128;Martino Crescenzio;0;Coccodrilli Verdi;Verde e Marrone;Coccodrilli d'Acciaio
126129;Angela Anna Bruna Toniolli;0;Fulmini Verdi;Verde e Giallo;Lampi Verdi
126130;Gianrico Durigon;0;Squali Azzurri;Azzurro e Bianco;Predatori del Mare
126131;Rossella Mangialavori;0;Aquile Reali;Blu e Oro;Reali del Cielo
126132;Fiorenza Sbarbati;0;Cinghiali Selvaggi;Marrone e Verde;Cinghiali Ruggenti
126133;Cinzia Maria Oliva;0;Zebre Striate;Bianco e Rosso;Zebre Elettriche
126134;Gian Carlo Minasi;0;Delfini Argentati;Argento e Nero;Onde Argentate
126135;Cristina Manzione;0;Dragoni Rossi;Rosso e Nero;Fiamme Rosse
126136;Simona Nunzia Moncada;0;Fenici Rosse;Rosso e Arancione;Ali di Fuoco
126137;Umberto Favero;0;Aquile Blu;Blu e Bianco;Aquile Volanti
126138;Gaspare Antonio Procacci;0;Tigri Nere;Nero e Arancione;Tigri Infuocate
126139;Gregorio Riccardi;0;Coccodrilli Verdi;Verde e Marrone;Coccodrilli d'Acciaio
126140;Giulia Mura;0;Zebre Striate;Bianco e Rosso;Zebre Elettriche
126141;Elvio Morgoni;0;Aquile Blu;Blu e Bianco;Aquile Volanti
126142;Maria Rosaria Centinaio;0;Aquile Blu;Blu e Bianco;Aquile Volanti
126143;Ivo Ceccato;0;Camaleonti Arcobaleno;Blu e Verde;Camaleonti Magici
126144;Tarcisio Adragna;0;Lupi del Nord;Bianco e Grigio;Ululati del Nord
126145;Bruno Morando;0;Corvi della Tempesta;Grigio e Blu;Tempesta Oscura
126146;Ada Gabana;0;Aquile Blu;Blu e Bianco;Aquile Volanti
126147;Eva Piloni;0;Cavalli Selvaggi;Rosso e Argento;Cavalieri Selvaggi
126148;Emilia Grazia Musolino;0;Tigri Nere;Nero e Arancione;Tigri Infuocate
126149;Vincenzo Maria Burani Procaccini;0;Cinghiali Selvaggi;Marrone e Verde;Cinghiali Ruggenti
126150;Lidia Gasperini;0;Fulmini Verdi;Verde e Giallo;Lampi Verdi
126151;Adele Lopreiato;0;Gatti Neri;Nero e Viola;
126152;Patrizio Cosenza;0;Squali Azzurri;Azzurro e Bianco;Predatori del Mare
126153;Anna Puglia;0;Delfini Argentati;Argento e Nero;Onde Argentate
126154;Gianpaolo Trevisi;0;Cavalli Selvaggi;Rosso e Argento;Cavalieri Selvaggi
126155;Giulia Corsini;0;Pantere Rosa;Rosa e Grigio;Pantere Fiere
126156;Tancredi Serra;0;Gatti Neri;Nero e Viola;
126157;Gennaro Donno;0;Corvi della Tempesta;Grigio e Blu;Tempesta Oscura
126158;Francesco Saverio Saia;0;Dragoni Rossi;Rosso e Nero;Fiamme Rosse
126159;Hans Gabana;0;Orsi Polari;Bianco e Blu;
126160;Elidio Barba;0;Gufi Notturni;Viola e Grigio;Occhi nella Notte
126161;Filippo Maria Fina;0;Pinguini Polari;Bianco e Nero;
126162;Erika Lauria;0;Cavalli Selvaggi;Rosso e Argento;Cavalieri Selvaggi
126163;Sabrina Labellarte;0;Dragoni Rossi;Rosso e Nero;Fiamme Rosse
126164;Learco La Mura;0;Lupi del Nord;Bianco e Grigio;Ululati del Nord
126165;Saverio Salvatore Basini;0;Falchi Grigi;Grigio e Nero;Falchi del Vento
126166;Sebastiano Rufa;0;Elefanti Grigi;Nero e Bianco;Elefanti Titanici
126167;Willer Taverna;0;Squali Azzurri;Azzurro e Bianco;Predatori del Mare
126168;Candido Gruosso;0;Squali Azzurri;Azzurro e Bianco;Predatori del Mare
126169;Valerio Benvenuto;0;Lupi del Nord;Bianco e Grigio;Ululati del Nord
126170;Elvio Senese;0;Gufi Notturni;Viola e Grigio;Occhi nella Notte
126171;Fedele Bocchino;0;Corvi della Tempesta;Grigio e Blu;Tempesta Oscura
126172;Pierluigi Botto;0;Elefanti Grigi;Nero e Bianco;Elefanti Titanici
126173;Francesco Enrico Travaglia;0;Pinguini Polari;Bianco e Nero;
126174;Mario Alejandro Cucca;0;Fenici Rosse;Rosso e Arancione;Ali di Fuoco
126175;Italo Mastella;0;Pavoni Reali;Oro e Viola;Ali Reali
126176;Giulio Mario Provera;0;Rinoceronti Blu;Verde e Argento;Rino Blu
126177;Lanfranco Fazzone;0;Ippopotami Viola;Viola e Oro;
126178;Mariastella Cirami;0;Pinguini Polari;Bianco e Nero;
126179;Raffaella Fiormaria Maraventano;0;Pantere Rosa;Rosa e Grigio;Pantere Fiere
126180;Giulio Ortolani;0;Squali Azzurri;Azzurro e Bianco;Predatori del Mare
126181;Simona Flavia Borghi;0;Delfini Argentati;Argento e Nero;Onde Argentate
126182;Carlo Ricchiuti;0;Orsi Polari;Bianco e Blu;
126183;Stanislao Quagliariello;0;Corvi della Tempesta;Grigio e Blu;Tempesta Oscura
126184;Mario Alejandro Petrucci;0;Volpi del Bosco;Blu e Rosso;Volpi Veloci
126185;Giovanni Vittorio Federici;0;Gufi Notturni;Viola e Grigio;Occhi nella Notte
126186;Raffaela Taviani;0;Corvi della Tempesta;Grigio e Blu;Tempesta Oscura
126187;Tino De Paoli;0;Leoni Dorati;Giallo e Nero;Leoni Ruggenti
126188;Felicia Stradiotto;0;Squali Azzurri;Azzurro e Bianco;Predatori del Mare
126189;Albert Battisti;0;Elefanti Grigi;Nero e Bianco;Elefanti Titanici
126190;Julia Borghesi;0;Cinghiali Selvaggi;Marrone e Verde;Cinghiali Ruggenti
126191;Michele Razzi;0;Volpi del Bosco;Blu e Rosso;Volpi Veloci
126192;Giovanbattista Crosio;0;Cavalli Selvaggi;Rosso e Argento;Cavalieri Selvaggi
126193;Tiziana Cortelloni;0;Pavoni Reali;Oro e Viola;Ali Reali
126194;Marco Maiorino;0;Aquile Reali;Blu e Oro;Reali del Cielo
126195;Cinzia Dalla Zuanna;0;Lupi del Nord;Bianco e Grigio;Ululati del Nord
126196;Eugenio Mario Veraldi;0;Zebre Striate;Bianco e Rosso;Zebre Elettriche
126197;Giuseppe Maria Stucchi;0;Gatti Neri;Nero e Viola;
126198;Corrado Zeffirelli;0;Scorpioni Rossi;Giallo e Verde;Scorpioni d'Acciaio
126199;Simona Flavia Adduce;0;Lupi del Nord;Bianco e Grigio;Ululati del Nord
126200;Albertina Parola;0;Volpi del Bosco;Blu e Rosso;Volpi Veloci
126201;Vito Claudio Casoli;0;Squali Azzurri;Azzurro e Bianco;Predatori del Mare
126202;Gaetano Scarabosio;0;Cavalli Selvaggi;Rosso e Argento;Cavalieri Selvaggi
126203;Michelina Bellini;0;Dragoni Rossi;Rosso e Nero;Fiamme Rosse
126204;Anna Rita Carpi;0;Squali Azzurri;Azzurro e Bianco;Predatori del Mare
126205;Giampaolo Saro;0;Serpenti Dorati;Oro e Rosso;Serpenti Dorati
126206;Nico Gabana;0;Scorpioni Rossi;Giallo e Verde;Scorpioni d'Acciaio
126207;Simone Biondi;0;Squali Azzurri;Azzurro e Bianco;Predatori del Mare
126208;Giuliano La Pietra;0;Cavalieri d'Argento;Argento e Blu;
126209;Gianvittorio Vedani;0;Corvi della Tempesta;Grigio e Blu;Tempesta Oscura
126210;Giovanni Pietro Ricciardi;0;Aquile Blu;Blu e Bianco;Aquile Volanti
126211;Walter Vacciano;0;Gufi Notturni;Viola e Grigio;Occhi nella Notte
126212;Susy Puppato;0;Serpenti Dorati;Oro e Rosso;Serpenti Dorati
126213;Maria Laura Puglisi;0;Ippopotami Viola;Viola e Oro;
126214;Salvatore Tito Gagliardi;0;Coccodrilli Verdi;Verde e Marrone;Coccodrilli d'Acciaio
126215;Gian Carlo Gustavino;0;Gufi Notturni;Viola e Grigio;Occhi nella Notte
126216;Esterino Saltamartini;0;Squali Azzurri;Azzurro e Bianco;Predatori del Mare
126217;Elidio Longo;0;Pinguini Polari;Bianco e Nero;
126218;Egidio Enrico Marchetti;0;Gufi Notturni;Viola e Grigio;Occhi nella Notte
126219;Anna Bratina;0;Gatti Neri;Nero e Viola;
126220;Saverio Lombardi Satriani;0;Cavalieri d'Argento;Argento e Blu;
126221;Eva Fantola;0;Gufi Notturni;Viola e Grigio;Occhi nella Notte
126222;Tilde Mascioni;0;Leoni Dorati;Giallo e Nero;Leoni Ruggenti
126223;Erica Gamba;0;Fenici Rosse;Rosso e Arancione;Ali di Fuoco
126224;Egidio Enrico Nannicini;0;Fenici Rosse;Rosso e Arancione;Ali di Fuoco
126225;Ignazio Rapani;0;Tigri Nere;Nero e Arancione;Tigri Infuocate
126226;Elio Massimo Ayala;0;Pantere Rosa;Rosa e Grigio;Pantere Fiere
126227;Maria Ida Renzi;0;Aquile Blu;Blu e Bianco;Aquile Volanti
126228;Eugenio Mario Barbolini;0;Orsi Polari;Bianco e Blu;
126229;Bianca Laura Vicini;0;Fulmini Verdi;Verde e Giallo;Lampi Verdi
126230;Annamaria Berrino;0;Ippopotami Viola;Viola e Oro;
126231;Accursio Benvenuto;0;Corvi della Tempesta;Grigio e Blu;Tempesta Oscura
126232;Simona Battista;0;Volpi del Bosco;Blu e Rosso;Volpi Veloci
126233;Costanzo Castellone;0;Cinghiali Selvaggi;Marrone e Verde;Cinghiali Ruggenti
126234;Guido Quintino Lonardo;0;Orsi Polari;Bianco e Blu;
126235;Alfonso Scoma;0;Delfini Argentati;Argento e Nero;Onde Argentate
126236;Silvio Emilio De Santis;0;Coccodrilli Verdi;Verde e Marrone;Coccodrilli d'Acciaio
126237;Aurelio Giuseppe Cintola;0;Pinguini Polari;Bianco e Nero;
126238;Ludovico Magnolfi;0;Aquile Reali;Blu e Oro;Reali del Cielo
126239;Meinhard Maiorino;0;Tigri Nere;Nero e Arancione;Tigri Infuocate
126240;Vittoria Francesca Maria Borghesi;0;Cavalli Selvaggi;Rosso e Argento;Cavalieri Selvaggi
126241;Mara Sangalli;0;Serpenti Dorati;Oro e Rosso;Serpenti Dorati
126242;Corrado Guasti;0;Leoni Dorati;Giallo e Nero;Leoni Ruggenti
126243;Mino Barbato;0;Dragoni Rossi;Rosso e Nero;Fiamme Rosse
126244;Jonny Marchetti;0;Cinghiali Selvaggi;Marrone e Verde;Cinghiali Ruggenti
126245;Pierpaolo Zanettin;0;Cavalieri d'Argento;Argento e Blu;
126246;Albert Fazio;0;Gufi Notturni;Viola e Grigio;Occhi nella Notte
126247;Pierluigi Mirabelli;0;Aquile Reali;Blu e Oro;Reali del Cielo
126248;Stanislao Scalfarotto;0;Pantere Rosa;Rosa e Grigio;Pantere Fiere
126249;Enzo Mandelli;0;Rinoceronti Blu;Verde e Argento;Rino Blu
126250;Giorgio Musi;0;Cinghiali Selvaggi;Marrone e Verde;Cinghiali Ruggenti
126251;Mariastella Mancino;0;Aquile Blu;Blu e Bianco;Aquile Volanti
126252;Felice Carlo Visentin;0;Pinguini Polari;Bianco e Nero;
126253;Hans Bosi;0;Gatti Neri;Nero e Viola;
126254;Lorenzo Emilio Galioto;0;Volpi del Bosco;Blu e Rosso;Volpi Veloci
126255;Angelo D'alia;0;Camaleonti Arcobaleno;Blu e Verde;Camaleonti Magici
126256;Lionello Marco Crescenzio;0;Aquile Reali;Blu e Oro;Reali del Cielo
126257;Vito Rosario Abbado;0;Pinguini Polari;Bianco e Nero;
126258;Sara Rotondi;0;Ippopotami Viola;Viola e Oro;
126259;Giulio Di Giorgi;0;Pantere Rosa;Rosa e Grigio;Pantere Fiere
126260;Alessandrina Alessandrini;0;Cinghiali Selvaggi;Marrone e Verde;Cinghiali Ruggenti
126261;Eugenio Mario Morgoni;0;Squali Azzurri;Azzurro e Bianco;Predatori del Mare
126262;Lucio Alessio Forcieri;0;Delfini Argentati;Argento e Nero;Onde Argentate
126263;Vincenzo Maria Losurdo;0;Cavalieri d'Argento;Argento e Blu;
126264;Guglielmo Tesei;0;Orsi Polari;Bianco e Blu;
126265;Fulvio Toia;0;Leoni Dorati;Giallo e Nero;Leoni Ruggenti
126266;Nazario Bordon;0;Orsi Polari;Bianco e Blu;
126267;Edo Scibona;0;Lupi del Nord;Bianco e Grigio;Ululati del Nord
126268;Assuntela Legnini;0;Camaleonti Arcobaleno;Blu e Verde;Camaleonti Magici
126269;Massimo Vittorio Turano;0;Cavalieri d'Argento;Argento e Blu;
126270;Cesarino Crema;0;Squali Azzurri;Azzurro e Bianco;Predatori del Mare
126271;Antonio Salvatore Piccone;0;Camaleonti Arcobaleno;Blu e Verde;Camaleonti Magici
126272;Elio Massimo Masini;0;Volpi del Bosco;Blu e Rosso;Volpi Veloci
126273;Oreste Bianchi;0;Orsi Polari;Bianco e Blu;
126274;Gabriele Baccini;0;Volpi del Bosco;Blu e Rosso;Volpi Veloci
126275;Salvo Santini;0;Elefanti Grigi;Nero e Bianco;Elefanti Titanici
126276;Ettore Randazzo;0;Pinguini Polari;Bianco e Nero;
126277;Cristiano Cario;0;Volpi del Bosco;Blu e Rosso;Volpi Veloci
126278;Goffredo Maria Togni;0;Ippopotami Viola;Viola e Oro;
126279;Stanislao Capaldi;0;Fenici Rosse;Rosso e Arancione;Ali di Fuoco
126280;Beppe Pedrini;0;Rinoceronti Blu;Verde e Argento;Rino Blu
126281;Maria Chiara Scarpa Bonazza Buora;0;Gatti Neri;Nero e Viola;
126282;Ettore Minzolini;0;Scorpioni Rossi;Giallo e Verde;Scorpioni d'Acciaio
126283;Barbara Borghi;0;Rinoceronti Blu;Verde e Argento;Rino Blu
126284;Mariapia Saia;0;Gatti Neri;Nero e Viola;
126285;Donatella Martone;0;Leoni Dorati;Giallo e Nero;Leoni Ruggenti
126286;Roberta Sircana;0;Orsi Polari;Bianco e Blu;
126287;Susanna Donatella Di Piazza;0;Orsi Polari;Bianco e Blu;
126288;Adriana Caddeo;0;Squali Azzurri;Azzurro e Bianco;Predatori del Mare
126289;Milos Tedesco;0;Squali Azzurri;Azzurro e Bianco;Predatori del Mare
126290;Raffaele Messina;0;Squali Azzurri;Azzurro e Bianco;Predatori del Mare
126291;Sonia Giacobbe;0;Corvi della Tempesta;Grigio e Blu;Tempesta Oscura
126292;Adele Poretti;0;Orsi Polari;Bianco e Blu;
126293;Stefania Petrocelli;0;Zebre Striate;Bianco e Rosso;Zebre Elettriche
126294;Maria Elisabetta Piatti;0;Tigri Nere;Nero e Arancione;Tigri Infuocate
126295;Rossana Bonifazi;0;Cavalieri d'Argento;Argento e Blu;
126296;Tana Veronesi;0;Cavalieri d'Argento;Argento e Blu;
126297;Giulio Ponzo;0;Rinoceronti Blu;Verde e Argento;Rino Blu
126298;Giusy Stancanelli;0;Elefanti Grigi;Nero e Bianco;Elefanti Titanici
126299;Mario Crisafulli;0;Aquile Reali;Blu e Oro;Reali del Cielo
126300;Mariangela Minasi;0;Pavoni Reali;Oro e Viola;Ali Reali
126301;Ylenia Sarro;0;Volpi del Bosco;Blu e Rosso;Volpi Veloci
126302;Raffaele Lunardi;0;Volpi del Bosco;Blu e Rosso;Volpi Veloci
126303;Elena Castelli;0;Cinghiali Selvaggi;Marrone e Verde;Cinghiali Ruggenti
126304;Michaela Papaevangeliu;0;Ippopotami Viola;Viola e Oro;
126305;Sandro Mario Brignone;0;Pavoni Reali;Oro e Viola;Ali Reali
126306;Milziade Ciccanti;0;Volpi del Bosco;Blu e Rosso;Volpi Veloci
126307;Valerio Piano;0;Serpenti Dorati;Oro e Rosso;Serpenti Dorati
126308;Lavinia Ranieri;0;Fenici Rosse;Rosso e Arancione;Ali di Fuoco
126309;Giuseppe Cossiga;0;Squali Azzurri;Azzurro e Bianco;Predatori del Mare
126310;Marina Forcieri;0;Leoni Dorati;Giallo e Nero;Leoni Ruggenti
126311;Tino Federici;0;Lupi del Nord;Bianco e Grigio;Ululati del Nord
126312;Lorenzo Emilio Barrile;0;Elefanti Grigi;Nero e Bianco;Elefanti Titanici
126313;Stanislao Alessandro De Feo;0;Delfini Argentati;Argento e Nero;Onde Argentate
126314;Caterina Terzi Di Sant'agata;0;Aquile Blu;Blu e Bianco;Aquile Volanti
126315;Clemente Gamba;0;Fulmini Verdi;Verde e Giallo;Lampi Verdi
126316;Cristiano Botto;0;Gufi Notturni;Viola e Grigio;Occhi nella Notte
126317;Leonardo Pezzopane;0;Gufi Notturni;Viola e Grigio;Occhi nella Notte
126318;Emanuela Ceccanti;0;Gufi Notturni;Viola e Grigio;Occhi nella Notte
126319;Alberto Adalgisio Marchetti;0;Cavalli Selvaggi;Rosso e Argento;Cavalieri Selvaggi
126320;Dafne Ranieri;0;Pavoni Reali;Oro e Viola;Ali Reali
126321;Alberto Pietro Maria Collino;0;Gatti Neri;Nero e Viola;
126322;Pippo Bellini;0;Leoni Dorati;Giallo e Nero;Leoni Ruggenti
126323;Bernabo' Bedin;0;Delfini Argentati;Argento e Nero;Onde Argentate
126324;Manfredi Cintola;0;Pantere Rosa;Rosa e Grigio;Pantere Fiere
126325;Vincenzo Curto;0;Pavoni Reali;Oro e Viola;Ali Reali
126326;Maria Domenica Ceruti;0;Aquile Blu;Blu e Bianco;Aquile Volanti
126327;Nando Capelli;0;Dragoni Rossi;Rosso e Nero;Fiamme Rosse
126328;Umberto De Eccher;0;Corvi della Tempesta;Grigio e Blu;Tempesta Oscura
126329;Bianca Laura Mastrangeli;0;Pantere Rosa;Rosa e Grigio;Pantere Fiere
126330;Gisella Presutto;0;Ippopotami Viola;Viola e Oro;
126331;Gian Pietro D'onghia;0;Aquile Reali;Blu e Oro;Reali del Cielo
126332;Lodovico De Carolis;0;Ippopotami Viola;Viola e Oro;
126333;Ivo Lucherini;0;Gufi Notturni;Viola e Grigio;Occhi nella Notte
126334;Antonio Ronconi;0;Coccodrilli Verdi;Verde e Marrone;Coccodrilli d'Acciaio
126335;Nicolo' Mangialavori;0;Serpenti Dorati;Oro e Rosso;Serpenti Dorati
126336;Elio Nannicini;0;Lupi del Nord;Bianco e Grigio;Ululati del Nord
126337;Renato Guerino Nerozzi;0;Fenici Rosse;Rosso e Arancione;Ali di Fuoco
126338;Tommaso Dalla Chiesa;0;Fulmini Verdi;Verde e Giallo;Lampi Verdi
126339;Vincenza Malentacchi;0;Gufi Notturni;Viola e Grigio;Occhi nella Notte
126340;Piergiorgio Barbato;0;Orsi Polari;Bianco e Blu;
126341;Furio Galimberti;0;Elefanti Grigi;Nero e Bianco;Elefanti Titanici
126342;Aurelio Giuseppe Magri;0;Aquile Blu;Blu e Bianco;Aquile Volanti
126343;Cesarino Biancofiore;0;Squali Azzurri;Azzurro e Bianco;Predatori del Mare
126344;Tatjana Liuzzi;0;Ippopotami Viola;Viola e Oro;
126345;Ivo Giordano;0;Aquile Reali;Blu e Oro;Reali del Cielo
126346;Silvana Ventucci;0;Serpenti Dorati;Oro e Rosso;Serpenti Dorati
126347;Gianvittore Vanin;0;Pinguini Polari;Bianco e Nero;
126348;Mirella Bertacco;0;Dragoni Rossi;Rosso e Nero;Fiamme Rosse
126349;Tullio Torrisi;0;Gufi Notturni;Viola e Grigio;Occhi nella Notte
126350;Vittoria Francesca Maria Spinelli;0;Rinoceronti Blu;Verde e Argento;Rino Blu
126351;Saverio Salvatore Lisei;0;Corvi della Tempesta;Grigio e Blu;Tempesta Oscura
126352;Gino Fina;0;Volpi del Bosco;Blu e Rosso;Volpi Veloci
126353;Vito Claudio Pogliese;0;Aquile Reali;Blu e Oro;Reali del Cielo
126354;Romano Tajani;0;Pavoni Reali;Oro e Viola;Ali Reali
126355;Leonardo Castiello;0;Rinoceronti Blu;Verde e Argento;Rino Blu
126356;Lavinia Licastro Scardino;0;Tigri Nere;Nero e Arancione;Tigri Infuocate
126357;Magda Angela Bubbico;0;Pinguini Polari;Bianco e Nero;
126358;Manuel Pasquali;0;Squali Azzurri;Azzurro e Bianco;Predatori del Mare
126359;Giulio Mario Pogliese;0;Dragoni Rossi;Rosso e Nero;Fiamme Rosse
126360;Urania Giulia Rosina Procacci;0;Fulmini Verdi;Verde e Giallo;Lampi Verdi
126361;Ferdinando Misiani;0;Fenici Rosse;Rosso e Arancione;Ali di Fuoco
126362;Palmiro Davico;0;Tigri Nere;Nero e Arancione;Tigri Infuocate
126363;Daniele Gaetano Morselli;0;Gatti Neri;Nero e Viola;
126364;Angelica Tocci;0;Fulmini Verdi;Verde e Giallo;Lampi Verdi
126365;Maria Battisti;0;Coccodrilli Verdi;Verde e Marrone;Coccodrilli d'Acciaio
126366;Angelica Mazzuconi;0;Squali Azzurri;Azzurro e Bianco;Predatori del Mare
126367;Anna Cinzia Perosino;0;Leoni Dorati;Giallo e Nero;Leoni Ruggenti
126368;Baldassare Burani Procaccini;0;Aquile Blu;Blu e Bianco;Aquile Volanti
126369;Grazia Meduri;0;Camaleonti Arcobaleno;Blu e Verde;Camaleonti Magici
126370;Bernabo' Astorre;0;Pantere Rosa;Rosa e Grigio;Pantere Fiere
126371;Hans Grasso;0;Volpi del Bosco;Blu e Rosso;Volpi Veloci
126372;Albertina Migone;0;Cinghiali Selvaggi;Marrone e Verde;Cinghiali Ruggenti
126373;Libero Brisca Menapace;0;Zebre Striate;Bianco e Rosso;Zebre Elettriche
126374;Maria Luisa Allegrini;0;Pinguini Polari;Bianco e Nero;
126375;Ivana Lopreiato;0;Elefanti Grigi;Nero e Bianco;Elefanti Titanici
126376;Concetta Maraventano;0;Orsi Polari;Bianco e Blu;
126377;Elvira Lucia Padua;0;Aquile Reali;Blu e Oro;Reali del Cielo
126378;Gianpaolo Pittella;0;Ippopotami Viola;Viola e Oro;
126379;Gaspare Antonio Fontana;0;Rinoceronti Blu;Verde e Argento;Rino Blu
126380;Nedo Lorenzo Pergreffi;0;Serpenti Dorati;Oro e Rosso;Serpenti Dorati
126381;Niccolo' Modica;0;Ippopotami Viola;Viola e Oro;
126382;Esteban Juan De Guidi;0;Pantere Rosa;Rosa e Grigio;Pantere Fiere
126383;Pasquale Bugnano;0;Volpi del Bosco;Blu e Rosso;Volpi Veloci
126384;Agnese Leone;0;Tigri Nere;Nero e Arancione;Tigri Infuocate
126385;Giorgio Aloisio;0;Gufi Notturni;Viola e Grigio;Occhi nella Notte
126386;Gelsomina D'ambrosio;0;Rinoceronti Blu;Verde e Argento;Rino Blu
126387;Pasquale Dato;0;Gatti Neri;Nero e Viola;
126388;Josefa Buemi;0;Pavoni Reali;Oro e Viola;Ali Reali
126389;Ida Maria Follieri;0;Tigri Nere;Nero e Arancione;Tigri Infuocate
126390;Tancredi Lonardo;0;Corvi della Tempesta;Grigio e Blu;Tempesta Oscura
126391;Lello Licastro Scardino;0;Pavoni Reali;Oro e Viola;Ali Reali
126392;Michelina La Pietra;0;Fenici Rosse;Rosso e Arancione;Ali di Fuoco
126393;Emilia Grazia Fabbri;0;Tigri Nere;Nero e Arancione;Tigri Infuocate
126394;Ivana Chiurazzi;0;Pinguini Polari;Bianco e Nero;
126395;Cristina Tubetti;0;Rinoceronti Blu;Verde e Argento;Rino Blu
126396;Gianrico Vescovi;0;Leoni Dorati;Giallo e Nero;Leoni Ruggenti
126397;Luisa Micheloni;0;Corvi della Tempesta;Grigio e Blu;Tempesta Oscura
126398;Fosco Toia;0;Gatti Neri;Nero e Viola;
126399;Sara Carraro;0;Leoni Dorati;Giallo e Nero;Leoni Ruggenti
126400;Lucio De Pin;0;Lupi del Nord;Bianco e Grigio;Ululati del Nord
126401;Michela Maccanico;0;Cavalli Selvaggi;Rosso e Argento;Cavalieri Selvaggi
126402;Felicia Treu;0;Lupi del Nord;Bianco e Grigio;Ululati del Nord
126403;Tony Chike Vallardi;0;Delfini Argentati;Argento e Nero;Onde Argentate
126404;Guido Walter Cesare Nardini;0;Tigri Nere;Nero e Arancione;Tigri Infuocate
126405;Giuseppina Vescovi;0;Aquile Reali;Blu e Oro;Reali del Cielo
126406;Ludovico Razzi;0;Fenici Rosse;Rosso e Arancione;Ali di Fuoco
126407;Tino Cociancich;0;Elefanti Grigi;Nero e Bianco;Elefanti Titanici
126408;Arnaldo Piccinelli;0;Fenici Rosse;Rosso e Arancione;Ali di Fuoco
126409;Edoardo Papatheu;0;Scorpioni Rossi;Giallo e Verde;Scorpioni d'Acciaio
126410;Roberto Torrisi;0;Pinguini Polari;Bianco e Nero;
126411;Olimpia Giordano;0;Cinghiali Selvaggi;Marrone e Verde;Cinghiali Ruggenti
126412;Livia Galioto;0;Scorpioni Rossi;Giallo e Verde;Scorpioni d'Acciaio
126413;Giacinto Gaudiano;0;Pavoni Reali;Oro e Viola;Ali Reali
126414;Diodato (darko) Pirro;0;Cinghiali Selvaggi;Marrone e Verde;Cinghiali Ruggenti
126415;Eugenio Guzzanti;0;Ippopotami Viola;Viola e Oro;
126416;Graziano Carcarino;0;Delfini Argentati;Argento e Nero;Onde Argentate
126417;Armando Pecoraro Scanio;0;Pavoni Reali;Oro e Viola;Ali Reali
126418;Luca Rigoni;0;Serpenti Dorati;Oro e Rosso;Serpenti Dorati
126419;Barbara Viviani;0;Fulmini Verdi;Verde e Giallo;Lampi Verdi
126420;Candido De Rigo;0;Tigri Nere;Nero e Arancione;Tigri Infuocate
126421;Guglielmo Lanzillotta;0;Gufi Notturni;Viola e Grigio;Occhi nella Notte
126422;Daniela Guerrieri Paleotti;0;Aquile Reali;Blu e Oro;Reali del Cielo
126423;Luigi Carrara;0;Aquile Blu;Blu e Bianco;Aquile Volanti
126424;Maria Laura Bassanini;0;Gufi Notturni;Viola e Grigio;Occhi nella Notte
126425;Helga Piglionica;0;Volpi del Bosco;Blu e Rosso;Volpi Veloci
126426;Tino Cario;0;Orsi Polari;Bianco e Blu;
126427;Rita Camusso;0;Squali Azzurri;Azzurro e Bianco;Predatori del Mare
126428;Silvana Marcucci;0;Gatti Neri;Nero e Viola;
126429;Giovanni Lorenzo Rigo;0;Pavoni Reali;Oro e Viola;Ali Reali
126430;Anna Rita Papatheu;0;Pinguini Polari;Bianco e Nero;
126431;Nello Irto;0;Pinguini Polari;Bianco e Nero;
126432;Angelica Rizzotti;0;Volpi del Bosco;Blu e Rosso;Volpi Veloci
126433;Lorenzo Bottici;0;Aquile Reali;Blu e Oro;Reali del Cielo
126434;Alberto Felice Simone Candura;0;Elefanti Grigi;Nero e Bianco;Elefanti Titanici
126435;Lido Ortolani;0;Dragoni Rossi;Rosso e Nero;Fiamme Rosse
126436;Antonio Tirelli;0;Falchi Grigi;Grigio e Nero;Falchi del Vento
126437;Walter Cappelletti;0;Gufi Notturni;Viola e Grigio;Occhi nella Notte
126438;Nerina Elia;0;Lupi del Nord;Bianco e Grigio;Ululati del Nord
126439;Marino Germano Durigon;0;Fenici Rosse;Rosso e Arancione;Ali di Fuoco
126440;Julia Serra;0;Tigri Nere;Nero e Arancione;Tigri Infuocate
126441;Giuliano Donaggio;0;Gufi Notturni;Viola e Grigio;Occhi nella Notte
126442;Francesca Ragno;0;Pavoni Reali;Oro e Viola;Ali Reali
126443;Marina Gamba;0;Dragoni Rossi;Rosso e Nero;Fiamme Rosse
126444;Gianni Pietro Pacifico;0;Fulmini Verdi;Verde e Giallo;Lampi Verdi
126445;Elvira Lucia Ruvolo;0;Aquile Blu;Blu e Bianco;Aquile Volanti
126446;Gabriella Ternullo;0;Pavoni Reali;Oro e Viola;Ali Reali
126447;Nuccio Veronesi;0;Cinghiali Selvaggi;Marrone e Verde;Cinghiali Ruggenti
126448;Ferdinando Toffanin;0;Volpi del Bosco;Blu e Rosso;Volpi Veloci
126449;Candido Garavaglia;0;Aquile Blu;Blu e Bianco;Aquile Volanti
126450;Livio Gawronski;0;Cavalli Selvaggi;Rosso e Argento;Cavalieri Selvaggi
126451;Italo Ria;0;Gufi Notturni;Viola e Grigio;Occhi nella Notte
126452;Antonio Salvatore Crisafulli;0;Leoni Dorati;Giallo e Nero;Leoni Ruggenti
126453;Julia Bodega;0;Gufi Notturni;Viola e Grigio;Occhi nella Notte
126454;Walter Tirelli;0;Dragoni Rossi;Rosso e Nero;Fiamme Rosse
126455;Liborio Conzatti;0;Zebre Striate;Bianco e Rosso;Zebre Elettriche
126456;Giampaolo Cardiello;0;Fenici Rosse;Rosso e Arancione;Ali di Fuoco
126457;Giulio Dessi';0;Aquile Reali;Blu e Oro;Reali del Cielo
126458;Gianluigi Castagnetti;0;Pinguini Polari;Bianco e Nero;
126459;Ivan Giannuzzi;0;Pavoni Reali;Oro e Viola;Ali Reali
126460;Gilberto Confalonieri;0;Aquile Reali;Blu e Oro;Reali del Cielo
126461;Michaela Lavagnini;0;Serpenti Dorati;Oro e Rosso;Serpenti Dorati
126462;Michele Arcangelo Stefani;0;Gufi Notturni;Viola e Grigio;Occhi nella Notte
126463;Egidio Enrico Modena;0;Ippopotami Viola;Viola e Oro;
126464;Gianni Fuda;0;Orsi Polari;Bianco e Blu;
126465;Agnese Toia;0;Pavoni Reali;Oro e Viola;Ali Reali
126466;Emilio Nicola Scanu;0;Aquile Reali;Blu e Oro;Reali del Cielo
126467;Simone Tronti;0;Cinghiali Selvaggi;Marrone e Verde;Cinghiali Ruggenti
126468;Ivo Chiaromonte;0;Lupi del Nord;Bianco e Grigio;Ululati del Nord
126469;Calogero Villari;0;Dragoni Rossi;Rosso e Nero;Fiamme Rosse
126470;Natale Maria Alfonso Vedovato;0;Lupi del Nord;Bianco e Grigio;Ululati del Nord
126471;Maria Antonietta Spinelli;0;Lupi del Nord;Bianco e Grigio;Ululati del Nord
126472;Nerina Borroni;0;Leoni Dorati;Giallo e Nero;Leoni Ruggenti
126473;Corrado Cicolani;0;Fulmini Verdi;Verde e Giallo;Lampi Verdi
126474;Marzia Mirabelli;0;Aquile Reali;Blu e Oro;Reali del Cielo
126475;Federica Vattuone;0;Falchi Grigi;Grigio e Nero;Falchi del Vento
126476;Ettore Antonio Valli;0;Dragoni Rossi;Rosso e Nero;Fiamme Rosse
126477;Ester Lucidi;0;Delfini Argentati;Argento e Nero;Onde Argentate
126478;Filomeno Biagio Ostellari;0;Squali Azzurri;Azzurro e Bianco;Predatori del Mare
126479;Mauro Antonio Donato Biasco;0;Camaleonti Arcobaleno;Blu e Verde;Camaleonti Magici
126480;Davide Bosello;0;Aquile Blu;Blu e Bianco;Aquile Volanti
126481;Ettore Barcaiuolo;0;Serpenti Dorati;Oro e Rosso;Serpenti Dorati
126482;Valentino Marcenaro;0;Coccodrilli Verdi;Verde e Marrone;Coccodrilli d'Acciaio
126483;Tiziano Amato;0;Pavoni Reali;Oro e Viola;Ali Reali
126484;Massimo Cazzaro;0;Delfini Argentati;Argento e Nero;Onde Argentate
126485;Danila Mineo;0;Lupi del Nord;Bianco e Grigio;Ululati del Nord
126486;Palmiro Pagliarulo;0;Corvi della Tempesta;Grigio e Blu;Tempesta Oscura
126487;Raoul Pesco;0;Serpenti Dorati;Oro e Rosso;Serpenti Dorati
126488;Carlo Luigi Simeoni;0;Rinoceronti Blu;Verde e Argento;Rino Blu
126489;Clemente Perosino;0;Ippopotami Viola;Viola e Oro;
126490;Giampaolo Villari;0;Aquile Reali;Blu e Oro;Reali del Cielo
126491;Elena Serafini;0;Leoni Dorati;Giallo e Nero;Leoni Ruggenti
126492;Guglielmo Antonione;0;Pinguini Polari;Bianco e Nero;
126493;Simone Lorenzin;0;Scorpioni Rossi;Giallo e Verde;Scorpioni d'Acciaio
126494;Adriano Cioffi;0;Serpenti Dorati;Oro e Rosso;Serpenti Dorati
126495;Antonio Franco Boldrini;0;Orsi Polari;Bianco e Blu;
126496;Luigi Rotelli;0;Cinghiali Selvaggi;Marrone e Verde;Cinghiali Ruggenti
126497;Armando Giovanardi;0;Zebre Striate;Bianco e Rosso;Zebre Elettriche
126498;Michela Marcheschi;0;Gufi Notturni;Viola e Grigio;Occhi nella Notte
126499;Antonio Livi Bacci;0;Cavalli Selvaggi;Rosso e Argento;Cavalieri Selvaggi
126500;Liborio Del Pennino;0;Camaleonti Arcobaleno;Blu e Verde;Camaleonti Magici
126501;Nello Padua;0;Cinghiali Selvaggi;Marrone e Verde;Cinghiali Ruggenti
126502;Giuseppe Francesco Maria Di Stefano;0;Scorpioni Rossi;Giallo e Verde;Scorpioni d'Acciaio
126503;Roberto Comincioli;0;Volpi del Bosco;Blu e Rosso;Volpi Veloci
126504;Gianluigi Bignami;0;Leoni Dorati;Giallo e Nero;Leoni Ruggenti
126505;Maria Claudia Orru';0;Squali Azzurri;Azzurro e Bianco;Predatori del Mare
126506;Natale Maria Alfonso Bonfrisco;0;Pantere Rosa;Rosa e Grigio;Pantere Fiere
126507;Vera Liliana Occhipinti;0;Gatti Neri;Nero e Viola;
126508;Amintore Passigli;0;Aquile Blu;Blu e Bianco;Aquile Volanti
126509;Pamela Giacoma Giovanna Di Lello Finuoli;0;Cavalieri d'Argento;Argento e Blu;
126510;Vito Claudio Bruno Ganeri;0;Scorpioni Rossi;Giallo e Verde;Scorpioni d'Acciaio
126511;Daisy Compagna;0;Scorpioni Rossi;Giallo e Verde;Scorpioni d'Acciaio
126512;Vidmer Naro;0;Cinghiali Selvaggi;Marrone e Verde;Cinghiali Ruggenti
126513;Giannicola Manconi;0;Aquile Blu;Blu e Bianco;Aquile Volanti
126514;Gaspare Antonio Cursi;0;Fenici Rosse;Rosso e Arancione;Ali di Fuoco
126515;Gian Marco Barbolini;0;Elefanti Grigi;Nero e Bianco;Elefanti Titanici
126516;Bianca Laura Valli;0;Delfini Argentati;Argento e Nero;Onde Argentate
126517;Stanislao Bergamo;0;Cavalli Selvaggi;Rosso e Argento;Cavalieri Selvaggi
126518;Alessia Briziarelli;0;Leoni Dorati;Giallo e Nero;Leoni Ruggenti
126519;Nino Merlo;0;Corvi della Tempesta;Grigio e Blu;Tempesta Oscura
126520;Barbara Vitali;0;Cinghiali Selvaggi;Marrone e Verde;Cinghiali Ruggenti
126521;Federico Perrin;0;Tigri Nere;Nero e Arancione;Tigri Infuocate
126522;Salvatore Amorena;0;Fenici Rosse;Rosso e Arancione;Ali di Fuoco
126523;Piergiorgio Cutrufo;0;Leoni Dorati;Giallo e Nero;Leoni Ruggenti
126524;Giovanni Pietro Floris;0;Pantere Rosa;Rosa e Grigio;Pantere Fiere
126525;Massimo Bodega;0;Gatti Neri;Nero e Viola;
126526;Alessandra Paita;0;Fulmini Verdi;Verde e Giallo;Lampi Verdi
126527;Filomeno Biagio Scoma;0;Falchi Grigi;Grigio e Nero;Falchi del Vento
126528;Adriana Puglisi;0;Corvi della Tempesta;Grigio e Blu;Tempesta Oscura
126529;Fabrizio Cerno;0;Pinguini Polari;Bianco e Nero;
126530;Dorina Vallone;0;Rinoceronti Blu;Verde e Argento;Rino Blu
126531;Piergiorgio Barelli;0;Cavalieri d'Argento;Argento e Blu;
126532;Nando Mundi;0;Squali Azzurri;Azzurro e Bianco;Predatori del Mare
126533;Nando Vallardi;0;Lupi del Nord;Bianco e Grigio;Ululati del Nord
126534;Ersilia Marti;0;Cinghiali Selvaggi;Marrone e Verde;Cinghiali Ruggenti
126535;Furio Stefano;0;Corvi della Tempesta;Grigio e Blu;Tempesta Oscura
126536;Mauro Tesei;0;Falchi Grigi;Grigio e Nero;Falchi del Vento
126537;Stelio Chirilli;0;Leoni Dorati;Giallo e Nero;Leoni Ruggenti
126538;Giulia Buccarella;0;Cavalli Selvaggi;Rosso e Argento;Cavalieri Selvaggi
126539;Claudio Di Maggio;0;Squali Azzurri;Azzurro e Bianco;Predatori del Mare
126540;Maurizio Volcic;0;Delfini Argentati;Argento e Nero;Onde Argentate
126541;Fabio Quagliariello;0;Serpenti Dorati;Oro e Rosso;Serpenti Dorati
126542;Carmelo Sbrana;0;Fulmini Verdi;Verde e Giallo;Lampi Verdi
126543;Davide Monti;0;Volpi del Bosco;Blu e Rosso;Volpi Veloci
126544;Antonio Salvatore Terracini;0;Aquile Reali;Blu e Oro;Reali del Cielo
126545;Albert Crisanti;0;Pantere Rosa;Rosa e Grigio;Pantere Fiere
126546;Giuseppe Francesco Maria Bucalo;0;Ippopotami Viola;Viola e Oro;
126547;Sante Bettini;0;Delfini Argentati;Argento e Nero;Onde Argentate
126548;Franca Cursi;0;Coccodrilli Verdi;Verde e Marrone;Coccodrilli d'Acciaio
126549;Maria Paola Ciarrapico;0;Gatti Neri;Nero e Viola;
126550;Santo Buccico;0;Pavoni Reali;Oro e Viola;Ali Reali
126551;Sergio Lanzi;0;Camaleonti Arcobaleno;Blu e Verde;Camaleonti Magici
126552;Virginia Ognibene;0;Falchi Grigi;Grigio e Nero;Falchi del Vento
126553;Raffaele Angius;0;Elefanti Grigi;Nero e Bianco;Elefanti Titanici
126554;Piergiorgio Farolfi;0;Cavalieri d'Argento;Argento e Blu;
126555;Remigio Gambini;0;Scorpioni Rossi;Giallo e Verde;Scorpioni d'Acciaio
126556;Agnese Mineo;0;Orsi Polari;Bianco e Blu;
126557;Baldassare Melchiorre;0;Corvi della Tempesta;Grigio e Blu;Tempesta Oscura
126558;Natale Maria Alfonso Tecce;0;Leoni Dorati;Giallo e Nero;Leoni Ruggenti
126559;Lino Morra;0;Cavalieri d'Argento;Argento e Blu;
126560;Antonio Michele Carpinelli;0;Scorpioni Rossi;Giallo e Verde;Scorpioni d'Acciaio
126561;Andrea Carmine Lisi;0;Squali Azzurri;Azzurro e Bianco;Predatori del Mare
126562;Raffaela Blundo;0;Pantere Rosa;Rosa e Grigio;Pantere Fiere
126563;Candido Magni;0;Tigri Nere;Nero e Arancione;Tigri Infuocate
126564;Clemente Patriarca;0;Orsi Polari;Bianco e Blu;
126565;Susanna Donatella Sudano;0;Delfini Argentati;Argento e Nero;Onde Argentate
126566;Angelica Lago;0;Ippopotami Viola;Viola e Oro;
126567;Nunzia D'alessandro Prisco;0;Corvi della Tempesta;Grigio e Blu;Tempesta Oscura
126568;Enrico Marcenaro;0;Leoni Dorati;Giallo e Nero;Leoni Ruggenti
126569;Vanna Rapani;0;Fulmini Verdi;Verde e Giallo;Lampi Verdi
126570;Marino Germano Mussini;0;Pantere Rosa;Rosa e Grigio;Pantere Fiere
126571;Marta Menia;0;Aquile Blu;Blu e Bianco;Aquile Volanti
126572;Jonny Forlani;0;Orsi Polari;Bianco e Blu;
126573;Sergio Borghesi;0;Aquile Blu;Blu e Bianco;Aquile Volanti
126574;Adelaide Dettori;0;Scorpioni Rossi;Giallo e Verde;Scorpioni d'Acciaio
126575;Rossano Pagliarulo;0;Ippopotami Viola;Viola e Oro;
126576;Giovanbattista Gagliardi;0;Tigri Nere;Nero e Arancione;Tigri Infuocate
126577;Vittoria Della Monica;0;Pantere Rosa;Rosa e Grigio;Pantere Fiere
126578;Elisa Levi-montalcini;0;Ippopotami Viola;Viola e Oro;
126579;Pierfrancesco Emilio Romano Fabbri;0;Pantere Rosa;Rosa e Grigio;Pantere Fiere
126580;Milziade Buemi;0;Cavalli Selvaggi;Rosso e Argento;Cavalieri Selvaggi
126581;Emma Gualdani;0;Fenici Rosse;Rosso e Arancione;Ali di Fuoco
126582;Tony Chike Campanella;0;Tigri Nere;Nero e Arancione;Tigri Infuocate
126583;Mario Pignedoli;0;Cavalli Selvaggi;Rosso e Argento;Cavalieri Selvaggi
126584;Guglielmo Pergreffi;0;Serpenti Dorati;Oro e Rosso;Serpenti Dorati
126585;Sabrina Forcieri;0;Orsi Polari;Bianco e Blu;
126586;Francesca Davico;0;Leoni Dorati;Giallo e Nero;Leoni Ruggenti
126587;Sante Bitonci;0;Cavalieri d'Argento;Argento e Blu;
126588;Maria Alessandra Nannicini;0;Corvi della Tempesta;Grigio e Blu;Tempesta Oscura
126589;Antonio Franco Morra;0;Delfini Argentati;Argento e Nero;Onde Argentate
126590;Sara Degennaro;0;Delfini Argentati;Argento e Nero;Onde Argentate
126591;Susanna Lina Giulia Trentacoste;0;Corvi della Tempesta;Grigio e Blu;Tempesta Oscura
126592;Adriana Battisti;0;Pinguini Polari;Bianco e Nero;
126593;Vito Claudio Siclari;0;Dragoni Rossi;Rosso e Nero;Fiamme Rosse
126594;Lionello De Corato;0;Cinghiali Selvaggi;Marrone e Verde;Cinghiali Ruggenti
126595;Rina Misserville;0;Volpi del Bosco;Blu e Rosso;Volpi Veloci
126596;Donato Sarto;0;Volpi del Bosco;Blu e Rosso;Volpi Veloci
126597;Emiddio Di Biagio;0;Fulmini Verdi;Verde e Giallo;Lampi Verdi
126598;Antonino Versace;0;Cavalli Selvaggi;Rosso e Argento;Cavalieri Selvaggi
126599;Bruno Pace;0;Leoni Dorati;Giallo e Nero;Leoni Ruggenti
126600;Susanna Lina Giulia Berutti;0;Corvi della Tempesta;Grigio e Blu;Tempesta Oscura
126601;Agazio Tomaselli;0;Coccodrilli Verdi;Verde e Marrone;Coccodrilli d'Acciaio
126602;Pasquale Del Vecchio;0;Fulmini Verdi;Verde e Giallo;Lampi Verdi
126603;Jonny Massucco;0;Gufi Notturni;Viola e Grigio;Occhi nella Notte
126604;Linda Lo Curzio;0;Serpenti Dorati;Oro e Rosso;Serpenti Dorati
126605;Nunzia Berlusconi;0;Squali Azzurri;Azzurro e Bianco;Predatori del Mare
126606;Dario Boldi;0;Orsi Polari;Bianco e Blu;
126607;Pierantonio Conzatti;0;Lupi del Nord;Bianco e Grigio;Ululati del Nord
126608;Tommaso Aloisio;0;Cinghiali Selvaggi;Marrone e Verde;Cinghiali Ruggenti
126609;Alberto Adalgisio Caforio;0;Cavalli Selvaggi;Rosso e Argento;Cavalieri Selvaggi
126610;Pasquale Alderisi;0;Zebre Striate;Bianco e Rosso;Zebre Elettriche
126611;Corrado Daniele Galdi;0;Aquile Reali;Blu e Oro;Reali del Cielo
126612;Massimiliano Pera;0;Cavalieri d'Argento;Argento e Blu;
126613;Maurizio Lunardi;0;Gufi Notturni;Viola e Grigio;Occhi nella Notte
126614;Nicoletta Alfonzi;0;Leoni Dorati;Giallo e Nero;Leoni Ruggenti
126615;Alan Galimberti;0;Pantere Rosa;Rosa e Grigio;Pantere Fiere
126616;Giuseppe Onorato Benito Crema;0;Orsi Polari;Bianco e Blu;
126617;Filomeno Biagio Lomuti;0;Serpenti Dorati;Oro e Rosso;Serpenti Dorati
126618;Guglielmo Garavaglia;0;Cavalieri d'Argento;Argento e Blu;
126619;Giuliana Sensi;0;Cinghiali Selvaggi;Marrone e Verde;Cinghiali Ruggenti
126620;Albert Manfredi;0;Orsi Polari;Bianco e Blu;
126621;Silvana Andreina Staniscia;0;Gufi Notturni;Viola e Grigio;Occhi nella Notte
126622;Giuseppe Lezzi;0;Tigri Nere;Nero e Arancione;Tigri Infuocate
126623;Rita Bianchi;0;Fenici Rosse;Rosso e Arancione;Ali di Fuoco
126624;Nazario Follini;0;Corvi della Tempesta;Grigio e Blu;Tempesta Oscura
126625;Ugo Pasquini;0;Dragoni Rossi;Rosso e Nero;Fiamme Rosse
126626;Denis D'ubaldo;0;Gufi Notturni;Viola e Grigio;Occhi nella Notte
126627;Danilo Donaggio;0;Squali Azzurri;Azzurro e Bianco;Predatori del Mare
126628;Gianmauro Bellanova;0;Pantere Rosa;Rosa e Grigio;Pantere Fiere
126629;Vanna Garruti;0;Cavalli Selvaggi;Rosso e Argento;Cavalieri Selvaggi
126630;Aurelio Giuseppe Tesei;0;Pavoni Reali;Oro e Viola;Ali Reali
126631;Massimo Vittorio Cattaneo;0;Pantere Rosa;Rosa e Grigio;Pantere Fiere
126632;Nedo Lorenzo Gasperini;0;Scorpioni Rossi;Giallo e Verde;Scorpioni d'Acciaio
126633;Rossana Croatti;0;Cavalli Selvaggi;Rosso e Argento;Cavalieri Selvaggi
126634;Fiammetta Speranzon;0;Scorpioni Rossi;Giallo e Verde;Scorpioni d'Acciaio
126635;Bruno Ginetti;0;Lupi del Nord;Bianco e Grigio;Ululati del Nord
126636;Giuseppe Luigi Salvatore Pellegrino;0;Lupi del Nord;Bianco e Grigio;Ululati del Nord
126637;Julia Napolitano;0;Gufi Notturni;Viola e Grigio;Occhi nella Notte
126638;Valeria Blundo;0;Serpenti Dorati;Oro e Rosso;Serpenti Dorati
126639;Enzo Preioni;0;Aquile Blu;Blu e Bianco;Aquile Volanti
126640;Gianclaudio Milio;0;Pinguini Polari;Bianco e Nero;
126641;Vincenzo Buccarella;0;Rinoceronti Blu;Verde e Argento;Rino Blu
126642;Liliana Coronella;0;Corvi della Tempesta;Grigio e Blu;Tempesta Oscura
126643;Olimpia Galliani;0;Pantere Rosa;Rosa e Grigio;Pantere Fiere
126644;Claudio Passigli;0;Pinguini Polari;Bianco e Nero;
126645;Gabriele Pastore;0;Rinoceronti Blu;Verde e Argento;Rino Blu
126646;Maria Paola Mele;0;Gatti Neri;Nero e Viola;
126647;Patrizio Steger;0;Squali Azzurri;Azzurro e Bianco;Predatori del Mare
126648;Athos Rauti;0;Volpi del Bosco;Blu e Rosso;Volpi Veloci
126649;Fedele Alderisi;0;Rinoceronti Blu;Verde e Argento;Rino Blu
126650;Egidio Dini;0;Aquile Blu;Blu e Bianco;Aquile Volanti
126651;Basilio Biancofiore;0;Corvi della Tempesta;Grigio e Blu;Tempesta Oscura
126652;Carlo Luigi De Santis;0;Ippopotami Viola;Viola e Oro;
126653;Fiorello Galli;0;Pinguini Polari;Bianco e Nero;
126654;Maria Celeste Cucca;0;Squali Azzurri;Azzurro e Bianco;Predatori del Mare
126655;Filippo Cappelletti;0;Elefanti Grigi;Nero e Bianco;Elefanti Titanici
126656;Gian Carlo Naccarato;0;Leoni Dorati;Giallo e Nero;Leoni Ruggenti
126657;Ruggiero Giannuzzi;0;Ippopotami Viola;Viola e Oro;
126658;Peppe Cosentino;0;Dragoni Rossi;Rosso e Nero;Fiamme Rosse
126659;Lamberto Gaetti;0;Rinoceronti Blu;Verde e Argento;Rino Blu
126660;Monica Testor;0;Squali Azzurri;Azzurro e Bianco;Predatori del Mare
126661;Ilaria Scalera;0;Cinghiali Selvaggi;Marrone e Verde;Cinghiali Ruggenti
126662;Francesco Saverio Massidda;0;Aquile Reali;Blu e Oro;Reali del Cielo
126663;Romualdo Vittorio Ceccanti;0;Ippopotami Viola;Viola e Oro;
126664;Raffaela Fasano;0;Lupi del Nord;Bianco e Grigio;Ululati del Nord
126665;Antonio Stefano Spinello;0;Dragoni Rossi;Rosso e Nero;Fiamme Rosse
126666;Vito Claudio De Gregorio;0;Rinoceronti Blu;Verde e Argento;Rino Blu
126667;Angela Mazzoni;0;Rinoceronti Blu;Verde e Argento;Rino Blu
126668;Rosaria De Biasi;0;Lupi del Nord;Bianco e Grigio;Ululati del Nord
126669;Angela Croatti;0;Scorpioni Rossi;Giallo e Verde;Scorpioni d'Acciaio
126670;Antonio Michele Gustavino;0;Dragoni Rossi;Rosso e Nero;Fiamme Rosse
126671;Sabrina Borghesi;0;Tigri Nere;Nero e Arancione;Tigri Infuocate
126672;Pippo Durigon;0;Rinoceronti Blu;Verde e Argento;Rino Blu
126673;Marta Margiotta;0;Aquile Reali;Blu e Oro;Reali del Cielo
126674;Olimpia Rotondi;0;Scorpioni Rossi;Giallo e Verde;Scorpioni d'Acciaio
126675;Virginia Paglini;0;Rinoceronti Blu;Verde e Argento;Rino Blu
126676;Bernabo' Scarpa Bonazza Buora;0;Serpenti Dorati;Oro e Rosso;Serpenti Dorati
126677;Sandro Andreotti;0;Pavoni Reali;Oro e Viola;Ali Reali
126678;Renzo Gasperini;0;Aquile Reali;Blu e Oro;Reali del Cielo
126679;Nicoletta Cirinna';0;Delfini Argentati;Argento e Nero;Onde Argentate
126680;Cosimo Daniele Galdi;0;Pinguini Polari;Bianco e Nero;
126681;Sara Cioffi;0;Pinguini Polari;Bianco e Nero;
126682;Eva Mininno;0;Tigri Nere;Nero e Arancione;Tigri Infuocate
126683;Erica Vallone;0;Ippopotami Viola;Viola e Oro;
126684;Luigi Parola;0;Cinghiali Selvaggi;Marrone e Verde;Cinghiali Ruggenti
126685;Daria Iorio;0;Elefanti Grigi;Nero e Bianco;Elefanti Titanici
126686;Tiziana Carmela Rosaria Figurelli;0;Serpenti Dorati;Oro e Rosso;Serpenti Dorati
126687;Silvio Emilio Buccico;0;Pinguini Polari;Bianco e Nero;
126688;Ulisse Bressa;0;Volpi del Bosco;Blu e Rosso;Volpi Veloci
126689;Maria Ida Pasquali;0;Gatti Neri;Nero e Viola;
126690;Vladimiro Carlino;0;Aquile Blu;Blu e Bianco;Aquile Volanti
126691;Gianpietro Bubbico;0;Volpi del Bosco;Blu e Rosso;Volpi Veloci
126692;Carlo Azeglio Longhi;0;Corvi della Tempesta;Grigio e Blu;Tempesta Oscura
126693;Mirella Cangini;0;Serpenti Dorati;Oro e Rosso;Serpenti Dorati
126694;Ivan Pedrini;0;Lupi del Nord;Bianco e Grigio;Ululati del Nord
126695;Giusy Pieroni;0;Elefanti Grigi;Nero e Bianco;Elefanti Titanici
126696;Sonia Lucherini;0;Leoni Dorati;Giallo e Nero;Leoni Ruggenti
126697;Nino Divella;0;Dragoni Rossi;Rosso e Nero;Fiamme Rosse
126698;Paola Coviello;0;Leoni Dorati;Giallo e Nero;Leoni Ruggenti
126699;Adriano Squarcialupi;0;Falchi Grigi;Grigio e Nero;Falchi del Vento
126700;Valter Pianasso;0;Pinguini Polari;Bianco e Nero;
126701;Leopoldo De Carolis;0;Scorpioni Rossi;Giallo e Verde;Scorpioni d'Acciaio
126702;Adriana Boldrini;0;Coccodrilli Verdi;Verde e Marrone;Coccodrilli d'Acciaio
126703;Nicola D'ascola;0;Zebre Striate;Bianco e Rosso;Zebre Elettriche
126704;Leonzio Scognamiglio Pasini;0;Leoni Dorati;Giallo e Nero;Leoni Ruggenti
126705;Giovanni Piglionica;0;Serpenti Dorati;Oro e Rosso;Serpenti Dorati
126706;Nino Polledri;0;Pavoni Reali;Oro e Viola;Ali Reali
126707;Annamaria Damiani;0;Corvi della Tempesta;Grigio e Blu;Tempesta Oscura
126708;Maurizio Dettori;0;Ippopotami Viola;Viola e Oro;
126709;Vilma Ginetti;0;Dragoni Rossi;Rosso e Nero;Fiamme Rosse
126710;Mariapia Lubrano Di Ricco;0;Fulmini Verdi;Verde e Giallo;Lampi Verdi
126711;Pierantonio Pisa;0;Ippopotami Viola;Viola e Oro;
126712;Vincenza Manieri;0;Gufi Notturni;Viola e Grigio;Occhi nella Notte
126713;Salvatore Tito Taricco;0;Coccodrilli Verdi;Verde e Marrone;Coccodrilli d'Acciaio
126714;Francesca Nastri;0;Delfini Argentati;Argento e Nero;Onde Argentate
126715;Accursio Vertone;0;Scorpioni Rossi;Giallo e Verde;Scorpioni d'Acciaio
126716;Eva De Monte;0;Orsi Polari;Bianco e Blu;
126717;Oreste Segre;0;Lupi del Nord;Bianco e Grigio;Ululati del Nord
126718;Beatrice Dato;0;Cavalieri d'Argento;Argento e Blu;
126719;Gaetano Naro;0;Coccodrilli Verdi;Verde e Marrone;Coccodrilli d'Acciaio
126720;Gaspare Antonio Testor;0;Rinoceronti Blu;Verde e Argento;Rino Blu
126721;Edoardo Ferrero;0;Ippopotami Viola;Viola e Oro;
126722;Silvio Emilio Piloni;0;Ippopotami Viola;Viola e Oro;
126723;Emiddio Borea;0;Tigri Nere;Nero e Arancione;Tigri Infuocate
126724;Maria Domenica Drago;0;Pantere Rosa;Rosa e Grigio;Pantere Fiere
126725;Dario Martelli;0;Volpi del Bosco;Blu e Rosso;Volpi Veloci
126726;Lorenzo Emilio De Vecchis;0;Zebre Striate;Bianco e Rosso;Zebre Elettriche
126727;Marilena Campus;0;Orsi Polari;Bianco e Blu;
126728;Emilio Nicola Galardi;0;Dragoni Rossi;Rosso e Nero;Fiamme Rosse
126729;Tony Chike D'adda;0;Fulmini Verdi;Verde e Giallo;Lampi Verdi
126730;Andrea Lo Giudice;0;Corvi della Tempesta;Grigio e Blu;Tempesta Oscura
126731;Etelwardo Federici;0;Fulmini Verdi;Verde e Giallo;Lampi Verdi
126732;Fernando Allegrini;0;Aquile Blu;Blu e Bianco;Aquile Volanti
126733;Franco Lannutti;0;Zebre Striate;Bianco e Rosso;Zebre Elettriche
126734;Corradino Satta;0;Aquile Reali;Blu e Oro;Reali del Cielo
126735;Alfredo Pasquali;0;Rinoceronti Blu;Verde e Argento;Rino Blu
126736;Loris Giuseppe Di Biagio;0;Volpi del Bosco;Blu e Rosso;Volpi Veloci
126737;Vincenza Lanzi;0;Zebre Striate;Bianco e Rosso;Zebre Elettriche
126738;Filadelfio Guido Zancan;0;Aquile Blu;Blu e Bianco;Aquile Volanti
126739;Tiziana Carmela Rosaria Nava;0;Gufi Notturni;Viola e Grigio;Occhi nella Notte
126740;Paola Scarpinato;0;Dragoni Rossi;Rosso e Nero;Fiamme Rosse
126741;Meinhard Ghigo;0;Camaleonti Arcobaleno;Blu e Verde;Camaleonti Magici
126742;Alberto Felice Simone Palmizio;0;Fenici Rosse;Rosso e Arancione;Ali di Fuoco
126743;Vincenza Viserta Costantini;0;Orsi Polari;Bianco e Blu;
126744;Ortensio Giammanco;0;Scorpioni Rossi;Giallo e Verde;Scorpioni d'Acciaio
126745;Susy Porcari;0;Falchi Grigi;Grigio e Nero;Falchi del Vento
126746;Giuliomaria Amato;0;Lupi del Nord;Bianco e Grigio;Ululati del Nord
126747;Ettore Pietro Liotta;0;Scorpioni Rossi;Giallo e Verde;Scorpioni d'Acciaio
126748;Gian Marco Campanella;0;Pinguini Polari;Bianco e Nero;
126749;Felicia Guerrieri Paleotti;0;Ippopotami Viola;Viola e Oro;
126750;Nicolo' Malentacchi;0;Lupi del Nord;Bianco e Grigio;Ululati del Nord
126751;Piergiorgio Fattori;0;Cavalli Selvaggi;Rosso e Argento;Cavalieri Selvaggi
126752;Mario Manassero;0;Tigri Nere;Nero e Arancione;Tigri Infuocate
126753;Piero De Martino;0;Camaleonti Arcobaleno;Blu e Verde;Camaleonti Magici
126754;Luciano Florino;0;Delfini Argentati;Argento e Nero;Onde Argentate
126755;Caterina Galliani;0;Tigri Nere;Nero e Arancione;Tigri Infuocate
126756;Ivana Moronese;0;Leoni Dorati;Giallo e Nero;Leoni Ruggenti
126757;Romano Testor;0;Falchi Grigi;Grigio e Nero;Falchi del Vento
126758;Anna Spadoni Urbani;0;Corvi della Tempesta;Grigio e Blu;Tempesta Oscura
126759;Luis Alberto Agostinelli;0;Volpi del Bosco;Blu e Rosso;Volpi Veloci
126760;Manfred Ruspandini;0;Volpi del Bosco;Blu e Rosso;Volpi Veloci
126761;Fosco Moro;0;Gufi Notturni;Viola e Grigio;Occhi nella Notte
126762;Peppe Lombardo;0;Orsi Polari;Bianco e Blu;
126763;Maria Ida Mandelli;0;Coccodrilli Verdi;Verde e Marrone;Coccodrilli d'Acciaio
126764;Corradino Maconi;0;Rinoceronti Blu;Verde e Argento;Rino Blu
126765;Magda Angela Tecce;0;Gatti Neri;Nero e Viola;
126766;Benedetto Turini;0;Gatti Neri;Nero e Viola;
126767;Rosellina Manca;0;Pavoni Reali;Oro e Viola;Ali Reali
126768;Giuseppe Tommaso Vincenzo De Simone;0;Cinghiali Selvaggi;Marrone e Verde;Cinghiali Ruggenti
126769;Gavino Camerini;0;Volpi del Bosco;Blu e Rosso;Volpi Veloci
126770;Elisa Labellarte;0;Cavalli Selvaggi;Rosso e Argento;Cavalieri Selvaggi
126771;Maria Fortuna Giorgis;0;Gufi Notturni;Viola e Grigio;Occhi nella Notte
126772;Nunzia Izzo;0;Cinghiali Selvaggi;Marrone e Verde;Cinghiali Ruggenti
126773;Francesco Maria Toffanin;0;Elefanti Grigi;Nero e Bianco;Elefanti Titanici
126774;Josefa Erroi;0;Pavoni Reali;Oro e Viola;Ali Reali
126775;Cristina Ronchi;0;Serpenti Dorati;Oro e Rosso;Serpenti Dorati
126776;Ida Parrini;0;Ippopotami Viola;Viola e Oro;
126777;Beppe Rebuzzi;0;Ippopotami Viola;Viola e Oro;
126778;Lidia Evangelista;0;Serpenti Dorati;Oro e Rosso;Serpenti Dorati
126779;Margherita Iurlaro;0;Aquile Reali;Blu e Oro;Reali del Cielo
126780;Alberto Felice Simone Bianchi;0;Dragoni Rossi;Rosso e Nero;Fiamme Rosse
126781;Rosa Silvana Benedetti Valentini;0;Pinguini Polari;Bianco e Nero;
126782;Angela Anna Bruna Liris;0;Cavalieri d'Argento;Argento e Blu;
126783;Gino Bugnano;0;Leoni Dorati;Giallo e Nero;Leoni Ruggenti
126784;Learco Comaroli;0;Rinoceronti Blu;Verde e Argento;Rino Blu
126785;Vincenzo Petrucci;0;Pinguini Polari;Bianco e Nero;
126786;Giacinto Pisani;0;Dragoni Rossi;Rosso e Nero;Fiamme Rosse
126787;Maria Grazia Corsini;0;Fenici Rosse;Rosso e Arancione;Ali di Fuoco
126788;Alessandra Albertini;0;Gufi Notturni;Viola e Grigio;Occhi nella Notte
126789;Fulvia Michela Cosentino;0;Rinoceronti Blu;Verde e Argento;Rino Blu
126790;Graziano Morra;0;Cavalli Selvaggi;Rosso e Argento;Cavalieri Selvaggi
126791;Umberto Pedrini;0;Squali Azzurri;Azzurro e Bianco;Predatori del Mare
126792;Francesco Maria Doria;0;Pantere Rosa;Rosa e Grigio;Pantere Fiere
126793;Giorgio Mancuso;0;Cinghiali Selvaggi;Marrone e Verde;Cinghiali Ruggenti
126794;Elvira Lucia Castaldi;0;Dragoni Rossi;Rosso e Nero;Fiamme Rosse
126795;Lanfranco Fusco;0;Fenici Rosse;Rosso e Arancione;Ali di Fuoco
126796;Vittorio Vegas;0;Pantere Rosa;Rosa e Grigio;Pantere Fiere
126797;Francesco Antonio Tocci;0;Cavalieri d'Argento;Argento e Blu;
126798;Stelio Cortiana;0;Pavoni Reali;Oro e Viola;Ali Reali
126799;Giovanni Pietro Figurelli;0;Ippopotami Viola;Viola e Oro;
126800;Cecilia Cociancich;0;Rinoceronti Blu;Verde e Argento;Rino Blu
126801;Danila Maconi;0;Coccodrilli Verdi;Verde e Marrone;Coccodrilli d'Acciaio
126802;Gianpietro Guasti;0;Elefanti Grigi;Nero e Bianco;Elefanti Titanici
126803;Patrizia Schifani;0;Aquile Reali;Blu e Oro;Reali del Cielo
126804;Ortensio Minzolini;0;Ippopotami Viola;Viola e Oro;
126805;Tamara Albertini;0;Scorpioni Rossi;Giallo e Verde;Scorpioni d'Acciaio
126806;Bartolomeo Sinisi;0;Cavalieri d'Argento;Argento e Blu;
126807;Marilena Borea;0;Aquile Reali;Blu e Oro;Reali del Cielo
126808;Elisa Barrile;0;Ippopotami Viola;Viola e Oro;
126809;Cosimo Bonfrisco;0;Falchi Grigi;Grigio e Nero;Falchi del Vento
126810;Angelo Michele Esposito;0;Pantere Rosa;Rosa e Grigio;Pantere Fiere
126811;Dorina Carcarino;0;Fulmini Verdi;Verde e Giallo;Lampi Verdi
126812;Egidio Luigi Candura;0;Ippopotami Viola;Viola e Oro;
126813;Dorina Micheloni;0;Pantere Rosa;Rosa e Grigio;Pantere Fiere
126814;Tana Marin;0;Fulmini Verdi;Verde e Giallo;Lampi Verdi
126815;Walter Di Giacomo;0;Pinguini Polari;Bianco e Nero;
126816;Linda Grasso;0;Scorpioni Rossi;Giallo e Verde;Scorpioni d'Acciaio
126817;Filadelfio Guido Iovene;0;Cinghiali Selvaggi;Marrone e Verde;Cinghiali Ruggenti
126818;Francesca Maria Montagnino;0;Orsi Polari;Bianco e Blu;
126819;Danila Pertoldi;0;Gufi Notturni;Viola e Grigio;Occhi nella Notte
126820;Giusy Gawronski;0;Squali Azzurri;Azzurro e Bianco;Predatori del Mare
126821;Maria Ida Loiero;0;Camaleonti Arcobaleno;Blu e Verde;Camaleonti Magici
126822;Sauro Ayala;0;Orsi Polari;Bianco e Blu;
126823;Bianca Laura Maccanico;0;Scorpioni Rossi;Giallo e Verde;Scorpioni d'Acciaio
126824;Gianmauro Puppato;0;Cavalieri d'Argento;Argento e Blu;
126825;Rosario Giorgio Pegorer;0;Aquile Blu;Blu e Bianco;Aquile Volanti
126826;Stefania Silvestro;0;Volpi del Bosco;Blu e Rosso;Volpi Veloci
126827;Susanna Donatella Saracco;0;Scorpioni Rossi;Giallo e Verde;Scorpioni d'Acciaio
126828;Venera Mundi;0;Cavalli Selvaggi;Rosso e Argento;Cavalieri Selvaggi
126829;Manuela Toia;0;Elefanti Grigi;Nero e Bianco;Elefanti Titanici
126830;Ignazio Barbato;0;Volpi del Bosco;Blu e Rosso;Volpi Veloci
126831;Maria Elisabetta Bettoni Brandani;0;Dragoni Rossi;Rosso e Nero;Fiamme Rosse
126832;Ida Greco;0;Delfini Argentati;Argento e Nero;Onde Argentate
126833;Renato Guerino Naro;0;Orsi Polari;Bianco e Blu;
126834;Maria Paola Montani;0;Ippopotami Viola;Viola e Oro;
126835;Rosellina Mautone;0;Elefanti Grigi;Nero e Bianco;Elefanti Titanici
126836;Ivan Quagliariello;0;Rinoceronti Blu;Verde e Argento;Rino Blu
126837;Fulvio Malvano;0;Tigri Nere;Nero e Arancione;Tigri Infuocate
126838;Valentino Blundo;0;Pinguini Polari;Bianco e Nero;
126839;Marta Girfatti;0;Gufi Notturni;Viola e Grigio;Occhi nella Notte
126840;Helga Campanella;0;Aquile Blu;Blu e Bianco;Aquile Volanti
126841;Rosetta Enza Dell'olio;0;Lupi del Nord;Bianco e Grigio;Ululati del Nord
126842;Patrizio Musi;0;Gatti Neri;Nero e Viola;
126843;Arnaldo Zuliani;0;Pavoni Reali;Oro e Viola;Ali Reali
126844;Michaela Grassi;0;Delfini Argentati;Argento e Nero;Onde Argentate
126845;Antonio Salvatore Guerrieri Paleotti;0;Zebre Striate;Bianco e Rosso;Zebre Elettriche
126846;Tony Chike Cimmino;0;Pavoni Reali;Oro e Viola;Ali Reali
126847;Athos Cataldi;0;Gatti Neri;Nero e Viola;
126848;Luigi Forte;0;Gatti Neri;Nero e Viola;
126849;Giulio Barozzino;0;Aquile Reali;Blu e Oro;Reali del Cielo
126850;Antonello Nocco;0;Scorpioni Rossi;Giallo e Verde;Scorpioni d'Acciaio
126851;Tatjana Camber;0;Pinguini Polari;Bianco e Nero;
126852;Fulvio Causin;0;Cinghiali Selvaggi;Marrone e Verde;Cinghiali Ruggenti
126853;Agnese Pieroni;0;Lupi del Nord;Bianco e Grigio;Ululati del Nord
126854;Luis Alberto Candiani;0;Cinghiali Selvaggi;Marrone e Verde;Cinghiali Ruggenti
126855;Learco Rizzotti;0;Pavoni Reali;Oro e Viola;Ali Reali
126856;Enrico Mungari;0;Lupi del Nord;Bianco e Grigio;Ululati del Nord
126857;Teresa Comaroli;0;Camaleonti Arcobaleno;Blu e Verde;Camaleonti Magici
126858;Helga Cambursano;0;Gatti Neri;Nero e Viola;
126859;Donatella Palombo;0;Tigri Nere;Nero e Arancione;Tigri Infuocate
126860;Cristano Tredese;0;Pantere Rosa;Rosa e Grigio;Pantere Fiere
126861;Pamela Giacoma Giovanna Tosato;0;Elefanti Grigi;Nero e Bianco;Elefanti Titanici
126862;Luisa Casillo;0;Volpi del Bosco;Blu e Rosso;Volpi Veloci
126863;Elio Massimo Magri;0;Ippopotami Viola;Viola e Oro;
126864;Franco D'ippolito Vitale;0;Zebre Striate;Bianco e Rosso;Zebre Elettriche
126865;Vittorio Milio;0;Aquile Reali;Blu e Oro;Reali del Cielo
126866;Colomba Lotito;0;Squali Azzurri;Azzurro e Bianco;Predatori del Mare
126867;Eva Fina;0;Camaleonti Arcobaleno;Blu e Verde;Camaleonti Magici
126868;Marcello Cuomo;0;Volpi del Bosco;Blu e Rosso;Volpi Veloci
126869;Maria Celeste Milana;0;Dragoni Rossi;Rosso e Nero;Fiamme Rosse
126870;Ombretta Pisa;0;Dragoni Rossi;Rosso e Nero;Fiamme Rosse
126871;Giovanni Vittorio Pedrazzini;0;Coccodrilli Verdi;Verde e Marrone;Coccodrilli d'Acciaio
126872;Giampaolo Vittorio Elio Dato;0;Tigri Nere;Nero e Arancione;Tigri Infuocate
126873;Simona Flavia Sambin;0;Dragoni Rossi;Rosso e Nero;Fiamme Rosse
126874;Franco Pedrizzi;0;Fulmini Verdi;Verde e Giallo;Lampi Verdi
126875;Gian Carlo Maffioli;0;Cavalieri d'Argento;Argento e Blu;
126876;Fosco Cerno;0;Cinghiali Selvaggi;Marrone e Verde;Cinghiali Ruggenti
126877;Rosanna Bottici;0;Pantere Rosa;Rosa e Grigio;Pantere Fiere
126878;Lamberto Durigon;0;Scorpioni Rossi;Giallo e Verde;Scorpioni d'Acciaio
126879;Lamberto Baldassarri;0;Lupi del Nord;Bianco e Grigio;Ululati del Nord
126880;Furio Ranucci;0;Scorpioni Rossi;Giallo e Verde;Scorpioni d'Acciaio
126881;Candido Orsomarso;0;Volpi del Bosco;Blu e Rosso;Volpi Veloci
126882;Vasco Fazzone;0;Cavalli Selvaggi;Rosso e Argento;Cavalieri Selvaggi
126883;Saverio Salvatore Thaler Ausserhofer;0;Cinghiali Selvaggi;Marrone e Verde;Cinghiali Ruggenti
126884;Stefania Valli;0;Cinghiali Selvaggi;Marrone e Verde;Cinghiali Ruggenti
126885;Michele Sangalli;0;Volpi del Bosco;Blu e Rosso;Volpi Veloci
126886;Carmelo Villari;0;Fenici Rosse;Rosso e Arancione;Ali di Fuoco
126887;Antonio Bonadonna;0;Corvi della Tempesta;Grigio e Blu;Tempesta Oscura
126888;Diana Munerato;0;Aquile Reali;Blu e Oro;Reali del Cielo
126889;Achille Brutti;0;Aquile Blu;Blu e Bianco;Aquile Volanti
126890;Vannino Pasquini;0;Dragoni Rossi;Rosso e Nero;Fiamme Rosse
126891;Cataldo Balboni;0;Elefanti Grigi;Nero e Bianco;Elefanti Titanici
126892;Carlo Floris;0;Serpenti Dorati;Oro e Rosso;Serpenti Dorati
126893;Esteban Juan Pezzopane;0;Ippopotami Viola;Viola e Oro;
126894;Eugenio Mario Filippi;0;Gufi Notturni;Viola e Grigio;Occhi nella Notte
126895;Jonny Co';0;Pinguini Polari;Bianco e Nero;
126896;Battista Zanettin;0;Serpenti Dorati;Oro e Rosso;Serpenti Dorati
126897;Fiammetta Sciascia;0;Coccodrilli Verdi;Verde e Marrone;Coccodrilli d'Acciaio
126898;Agnese Tessitore;0;Serpenti Dorati;Oro e Rosso;Serpenti Dorati
126899;Natale Balboni;0;Dragoni Rossi;Rosso e Nero;Fiamme Rosse
126900;Denis Blundo;0;Ippopotami Viola;Viola e Oro;
126901;Vito Rosario Guerra;0;Fenici Rosse;Rosso e Arancione;Ali di Fuoco
126902;Emiddio Messina;0;Pavoni Reali;Oro e Viola;Ali Reali
126903;Tana Berger;0;Camaleonti Arcobaleno;Blu e Verde;Camaleonti Magici
126904;Ada Baratella;0;Elefanti Grigi;Nero e Bianco;Elefanti Titanici
126905;Gustavo Botto;0;Camaleonti Arcobaleno;Blu e Verde;Camaleonti Magici
126906;Liborio Veronesi;0;Orsi Polari;Bianco e Blu;
126907;Nazario Ceruti;0;Gufi Notturni;Viola e Grigio;Occhi nella Notte
126908;Battista Lisi;0;Pavoni Reali;Oro e Viola;Ali Reali
126909;Antonio Adolfo Maria Bugnano;0;Dragoni Rossi;Rosso e Nero;Fiamme Rosse
126910;Maria Cecilia Zedda;0;Leoni Dorati;Giallo e Nero;Leoni Ruggenti
126911;Magda Carrara;0;Falchi Grigi;Grigio e Nero;Falchi del Vento
126912;Gregorio Leone;0;Leoni Dorati;Giallo e Nero;Leoni Ruggenti
126913;Aleandro Malvano;0;Pinguini Polari;Bianco e Nero;
126914;Gianclaudio Ternullo;0;Pinguini Polari;Bianco e Nero;
126915;Mario Orellana;0;Pavoni Reali;Oro e Viola;Ali Reali
126916;Pierantonio Borea;0;Fenici Rosse;Rosso e Arancione;Ali di Fuoco
126917;Livio Candura;0;Leoni Dorati;Giallo e Nero;Leoni Ruggenti
126918;Romano Cassano;0;Cavalli Selvaggi;Rosso e Argento;Cavalieri Selvaggi
126919;Elvira Lucia Evangelista;0;Lupi del Nord;Bianco e Grigio;Ululati del Nord
126920;Tancredi Greco;0;Squali Azzurri;Azzurro e Bianco;Predatori del Mare
126921;Nitto Francesco Maconi;0;Elefanti Grigi;Nero e Bianco;Elefanti Titanici
126922;Guido Walter Cesare Nieddu;0;Camaleonti Arcobaleno;Blu e Verde;Camaleonti Magici
126923;Patty Piccinelli;0;Falchi Grigi;Grigio e Nero;Falchi del Vento
126924;Alessandro Zin;0;Serpenti Dorati;Oro e Rosso;Serpenti Dorati
126925;Arturo Mario Ladu;0;Pantere Rosa;Rosa e Grigio;Pantere Fiere
126926;Gian Guido Lunesu;0;Pavoni Reali;Oro e Viola;Ali Reali
126927;Elvio Ghedini;0;Aquile Blu;Blu e Bianco;Aquile Volanti
126928;Maria Rosaria Ventucci;0;Cavalli Selvaggi;Rosso e Argento;Cavalieri Selvaggi
126929;Silvana Andreina Crippa;0;Dragoni Rossi;Rosso e Nero;Fiamme Rosse
126930;Diodato (darko) Briziarelli;0;Leoni Dorati;Giallo e Nero;Leoni Ruggenti
126931;Susanna Lina Giulia Pesco;0;Fenici Rosse;Rosso e Arancione;Ali di Fuoco
126932;Orfeo Losurdo;0;Lupi del Nord;Bianco e Grigio;Ululati del Nord
126933;Milos Tabladini;0;Gufi Notturni;Viola e Grigio;Occhi nella Notte
126934;Dieter Pelella;0;Pantere Rosa;Rosa e Grigio;Pantere Fiere
126935;Giulio Mario Boco;0;Coccodrilli Verdi;Verde e Marrone;Coccodrilli d'Acciaio
126936;Pierfrancesco Emilio Romano Garraffa;0;Pantere Rosa;Rosa e Grigio;Pantere Fiere
126937;Simona Degennaro;0;Elefanti Grigi;Nero e Bianco;Elefanti Titanici
126938;Primo Botto;0;Aquile Blu;Blu e Bianco;Aquile Volanti
126939;Carmelo Divella;0;Leoni Dorati;Giallo e Nero;Leoni Ruggenti
126940;Simone Mussini;0;Lupi del Nord;Bianco e Grigio;Ululati del Nord
126941;Giovanni Lorenzo Alberti Casellati;0;Pantere Rosa;Rosa e Grigio;Pantere Fiere
126942;Donato Occhipinti;0;Falchi Grigi;Grigio e Nero;Falchi del Vento
126943;Leopoldo Capacchione;0;Fenici Rosse;Rosso e Arancione;Ali di Fuoco
126944;Giovanni Vittorio Negri;0;Orsi Polari;Bianco e Blu;
126945;Marinella Passigli;0;Orsi Polari;Bianco e Blu;
126946;Patrizia Laus;0;Orsi Polari;Bianco e Blu;
126947;Felice Tomaselli;0;Ippopotami Viola;Viola e Oro;
126948;Manfredi Latronico;0;Pinguini Polari;Bianco e Nero;
126949;Carmela Siliquini;0;Corvi della Tempesta;Grigio e Blu;Tempesta Oscura
126950;Sandra Pillon;0;Camaleonti Arcobaleno;Blu e Verde;Camaleonti Magici
126951;Augusto Gotor;0;Fenici Rosse;Rosso e Arancione;Ali di Fuoco
126952;Michele Mussolini;0;Rinoceronti Blu;Verde e Argento;Rino Blu
126953;Michele Bucciero;0;Gufi Notturni;Viola e Grigio;Occhi nella Notte
126954;Dario Massa;0;Cavalieri d'Argento;Argento e Blu;
126955;Vita Maria De Poli;0;Fulmini Verdi;Verde e Giallo;Lampi Verdi
126956;Serenella Pasquali;0;Gufi Notturni;Viola e Grigio;Occhi nella Notte
126957;Lucia Visentin;0;Rinoceronti Blu;Verde e Argento;Rino Blu
126958;Gian Carlo Bratina;0;Pantere Rosa;Rosa e Grigio;Pantere Fiere
126959;Rossana De Eccher;0;Delfini Argentati;Argento e Nero;Onde Argentate
126960;Angelo Michele Pistorio;0;Ippopotami Viola;Viola e Oro;
126961;Athos Nespoli;0;Cavalli Selvaggi;Rosso e Argento;Cavalieri Selvaggi
126962;Ylenia Davico;0;Elefanti Grigi;Nero e Bianco;Elefanti Titanici
126963;Josefa Antonione;0;Coccodrilli Verdi;Verde e Marrone;Coccodrilli d'Acciaio
126964;Aniello Cagnin;0;Rinoceronti Blu;Verde e Argento;Rino Blu
126965;Michele Bricolo;0;Aquile Blu;Blu e Bianco;Aquile Volanti
126966;Mauro Stucchi;0;Orsi Polari;Bianco e Blu;
126967;Anna Cinzia Falanga;0;Orsi Polari;Bianco e Blu;
126968;Annalisa Lonardo;0;Elefanti Grigi;Nero e Bianco;Elefanti Titanici
126969;Agostino Donise;0;Fulmini Verdi;Verde e Giallo;Lampi Verdi
126970;Valeria Bodini;0;Scorpioni Rossi;Giallo e Verde;Scorpioni d'Acciaio
126971;Gelsomina Ranieri;0;Elefanti Grigi;Nero e Bianco;Elefanti Titanici
126972;Nicoletta Caforio;0;Cinghiali Selvaggi;Marrone e Verde;Cinghiali Ruggenti
126973;Anna Musolino;0;Pantere Rosa;Rosa e Grigio;Pantere Fiere
126974;Esteban Juan Sanciu;0;Cavalieri d'Argento;Argento e Blu;
126975;Gianni Spinello;0;Squali Azzurri;Azzurro e Bianco;Predatori del Mare
126976;Ester Morelli;0;Squali Azzurri;Azzurro e Bianco;Predatori del Mare
126977;Tiziano Nencini;0;Serpenti Dorati;Oro e Rosso;Serpenti Dorati
126978;Gilberto Stefano;0;Volpi del Bosco;Blu e Rosso;Volpi Veloci
126979;Maria Chiara Marilotti;0;Fenici Rosse;Rosso e Arancione;Ali di Fuoco
126980;Isabella Spagnolli;0;Cavalli Selvaggi;Rosso e Argento;Cavalieri Selvaggi
126981;Fiammetta Zavoli;0;Pantere Rosa;Rosa e Grigio;Pantere Fiere
126982;Vannino Angrisani;0;Cinghiali Selvaggi;Marrone e Verde;Cinghiali Ruggenti
126983;Mauro Antonio Donato Gaetti;0;Fulmini Verdi;Verde e Giallo;Lampi Verdi
126984;Linda Alessandrini;0;Gufi Notturni;Viola e Grigio;Occhi nella Notte
126985;Filadelfio Guido Ognibene;0;Tigri Nere;Nero e Arancione;Tigri Infuocate
126986;Mario Gaburro;0;Cavalli Selvaggi;Rosso e Argento;Cavalieri Selvaggi
126987;Mario Michele Fazzone;0;Lupi del Nord;Bianco e Grigio;Ululati del Nord
126988;Emma Mangialavori;0;Elefanti Grigi;Nero e Bianco;Elefanti Titanici
126989;Tullio Manieri;0;Orsi Polari;Bianco e Blu;
126990;Gianrico Caligiuri;0;Cavalli Selvaggi;Rosso e Argento;Cavalieri Selvaggi
126991;Michele Laforgia;0;Pavoni Reali;Oro e Viola;Ali Reali
126992;Gian Pietro Piredda;0;Aquile Blu;Blu e Bianco;Aquile Volanti
126993;Angela Anna Bruna Spadoni Urbani;0;Delfini Argentati;Argento e Nero;Onde Argentate
126994;Angela Fregolent;0;Leoni Dorati;Giallo e Nero;Leoni Ruggenti
126995;Urania Giulia Rosina Grillo;0;Serpenti Dorati;Oro e Rosso;Serpenti Dorati
126996;Nicola Dalla Chiesa;0;Camaleonti Arcobaleno;Blu e Verde;Camaleonti Magici
126997;Domenico Fontana;0;Serpenti Dorati;Oro e Rosso;Serpenti Dorati
126998;Euprepio Armato;0;Tigri Nere;Nero e Arancione;Tigri Infuocate
126999;Bachisio Silvio Sangalli;0;Zebre Striate;Bianco e Rosso;Zebre Elettriche
127000;Adelaide Licheri;0;Serpenti Dorati;Oro e Rosso;Serpenti Dorati
127001;Nunziante De Simone;0;Fenici Rosse;Rosso e Arancione;Ali di Fuoco
127002;Learco Spinello;0;Leoni Dorati;Giallo e Nero;Leoni Ruggenti
127003;Demetrio Piatti;0;Lupi del Nord;Bianco e Grigio;Ululati del Nord
127004;Guido Walter Cesare Colucci;0;Pantere Rosa;Rosa e Grigio;Pantere Fiere
127005;Erica Piloni;0;Leoni Dorati;Giallo e Nero;Leoni Ruggenti
127006;Silvana Cantu';0;Volpi del Bosco;Blu e Rosso;Volpi Veloci
127007;Susanna Lina Giulia Bucalo;0;Zebre Striate;Bianco e Rosso;Zebre Elettriche
127008;Angelo Michele Gualtieri;0;Scorpioni Rossi;Giallo e Verde;Scorpioni d'Acciaio
127009;Bernabo' Grillo;0;Cavalli Selvaggi;Rosso e Argento;Cavalieri Selvaggi
127010;Angelo Cavallaro;0;Aquile Reali;Blu e Oro;Reali del Cielo
127011;Emanuele Mazzuconi;0;Ippopotami Viola;Viola e Oro;
127012;Fulvia Michela Gubetti;0;Gatti Neri;Nero e Viola;
127013;Pasquale Gaggio Giuliani;0;Pinguini Polari;Bianco e Nero;
127014;Vittoria Liuzzi;0;Serpenti Dorati;Oro e Rosso;Serpenti Dorati
127015;Franca Gibiino;0;Fulmini Verdi;Verde e Giallo;Lampi Verdi
127016;Nedo Lorenzo Rojc;0;Lupi del Nord;Bianco e Grigio;Ululati del Nord
127017;Carmine Patriarca;0;Coccodrilli Verdi;Verde e Marrone;Coccodrilli d'Acciaio
127018;Mirella Vetrella;0;Elefanti Grigi;Nero e Bianco;Elefanti Titanici
127019;Nico Nannicini;0;Volpi del Bosco;Blu e Rosso;Volpi Veloci
127020;Alessandra Ria;0;Aquile Blu;Blu e Bianco;Aquile Volanti
127021;Celestino Mantovani;0;Zebre Striate;Bianco e Rosso;Zebre Elettriche
127022;Bruno Sella Di Monteluce;0;Ippopotami Viola;Viola e Oro;
127023;Danila Ricciardi;0;Rinoceronti Blu;Verde e Argento;Rino Blu
127024;Ludovico Iervolino;0;Pavoni Reali;Oro e Viola;Ali Reali
127025;Filippo Pasquini;0;Scorpioni Rossi;Giallo e Verde;Scorpioni d'Acciaio
127026;Giuseppe Maria Pistorio;0;Fulmini Verdi;Verde e Giallo;Lampi Verdi
127027;Enzo Murelli;0;Volpi del Bosco;Blu e Rosso;Volpi Veloci
127028;Egidio Laforgia;0;Leoni Dorati;Giallo e Nero;Leoni Ruggenti
127029;Concetto Occhiuto;0;Gufi Notturni;Viola e Grigio;Occhi nella Notte
127030;Graziano Bellot;0;Serpenti Dorati;Oro e Rosso;Serpenti Dorati
127031;Giuseppe Francesco Maria Rognoni;0;Pantere Rosa;Rosa e Grigio;Pantere Fiere
127032;Aldo Matrisciano;0;Gatti Neri;Nero e Viola;
127033;Mara Butti;0;Zebre Striate;Bianco e Rosso;Zebre Elettriche
127034;Diana Campanella;0;Pavoni Reali;Oro e Viola;Ali Reali
127035;Julia Folloni;0;Ippopotami Viola;Viola e Oro;
127036;Amedeo Sudano;0;Rinoceronti Blu;Verde e Argento;Rino Blu
127037;Gaetano Bulgarelli;0;Lupi del Nord;Bianco e Grigio;Ululati del Nord
127038;Luciana Benedetti Valentini;0;Camaleonti Arcobaleno;Blu e Verde;Camaleonti Magici
127039;Vincenzo Ruggero Caligiuri;0;Serpenti Dorati;Oro e Rosso;Serpenti Dorati
127040;Elisa Palmizio;0;Serpenti Dorati;Oro e Rosso;Serpenti Dorati
127041;Saverio Salvatore Stucchi;0;Cinghiali Selvaggi;Marrone e Verde;Cinghiali Ruggenti
127042;Augusto Massa;0;Corvi della Tempesta;Grigio e Blu;Tempesta Oscura
127043;Federica Malan;0;Volpi del Bosco;Blu e Rosso;Volpi Veloci
127044;Luigi La Marca;0;Serpenti Dorati;Oro e Rosso;Serpenti Dorati
127045;Giulio Musi;0;Leoni Dorati;Giallo e Nero;Leoni Ruggenti
127046;Fedele Pinza;0;Camaleonti Arcobaleno;Blu e Verde;Camaleonti Magici
127047;Anna Rita Bertoni;0;Coccodrilli Verdi;Verde e Marrone;Coccodrilli d'Acciaio
127048;Daria Amato;0;Aquile Reali;Blu e Oro;Reali del Cielo
127049;Josefa Mura;0;Ippopotami Viola;Viola e Oro;
127050;Ettore Pietro Poli;0;Fenici Rosse;Rosso e Arancione;Ali di Fuoco
127051;Carmela Mucchetti;0;Scorpioni Rossi;Giallo e Verde;Scorpioni d'Acciaio
127052;Urania Giulia Rosina Dell'utri;0;Lupi del Nord;Bianco e Grigio;Ululati del Nord
127053;Renato Guerino Silvestri;0;Orsi Polari;Bianco e Blu;
127054;Candido Comincini;0;Squali Azzurri;Azzurro e Bianco;Predatori del Mare
127055;Emma Spelgatti;0;Squali Azzurri;Azzurro e Bianco;Predatori del Mare
127056;Tatjana De Corato;0;Serpenti Dorati;Oro e Rosso;Serpenti Dorati
127057;Giusy Pardini;0;Serpenti Dorati;Oro e Rosso;Serpenti Dorati
127058;Baldassare Occhetto;0;Serpenti Dorati;Oro e Rosso;Serpenti Dorati
127059;Egidio Fenu;0;Scorpioni Rossi;Giallo e Verde;Scorpioni d'Acciaio
127060;Fosco Bongiorno;0;Gatti Neri;Nero e Viola;
127061;Dolores Giacobbe;0;Elefanti Grigi;Nero e Bianco;Elefanti Titanici
127062;Augusto Zuccherini;0;Pinguini Polari;Bianco e Nero;
127063;Orietta Speranzon;0;Elefanti Grigi;Nero e Bianco;Elefanti Titanici
127064;Emiliano Iannuzzi;0;Orsi Polari;Bianco e Blu;
127065;Pasquale Balboni;0;Squali Azzurri;Azzurro e Bianco;Predatori del Mare
127066;Urania Giulia Rosina Bettini;0;Coccodrilli Verdi;Verde e Marrone;Coccodrilli d'Acciaio
127067;Anna Carmela Vaccaro;0;Dragoni Rossi;Rosso e Nero;Fiamme Rosse
127068;Annamaria Cassinelli;0;Aquile Reali;Blu e Oro;Reali del Cielo
127069;Furio Baldassarri;0;Dragoni Rossi;Rosso e Nero;Fiamme Rosse
127070;Nicola Pessina;0;Tigri Nere;Nero e Arancione;Tigri Infuocate
127071;Giuliano De Pin;0;Rinoceronti Blu;Verde e Argento;Rino Blu
127072;Romano Anitori;0;Tigri Nere;Nero e Arancione;Tigri Infuocate
127073;Carlo Azeglio Tabladini;0;Cavalli Selvaggi;Rosso e Argento;Cavalieri Selvaggi
127074;Maria Domenica Battisti;0;Ippopotami Viola;Viola e Oro;
127075;Lido Galioto;0;Coccodrilli Verdi;Verde e Marrone;Coccodrilli d'Acciaio
127076;Mara Santini;0;Ippopotami Viola;Viola e Oro;
127077;Giuseppe Luigi Salvatore Dato;0;Fenici Rosse;Rosso e Arancione;Ali di Fuoco
127078;Carlo Budin;0;Fulmini Verdi;Verde e Giallo;Lampi Verdi
127079;Giacomo Contini;0;Orsi Polari;Bianco e Blu;
127080;Gerardo Cucchi;0;Volpi del Bosco;Blu e Rosso;Volpi Veloci
127081;Daniela Pecoraro Scanio;0;Tigri Nere;Nero e Arancione;Tigri Infuocate
127082;Vittoria Marcheschi;0;Rinoceronti Blu;Verde e Argento;Rino Blu
127083;Mario Alejandro Pellicini;0;Leoni Dorati;Giallo e Nero;Leoni Ruggenti
127084;Vito Claudio Tocci;0;Fenici Rosse;Rosso e Arancione;Ali di Fuoco
127085;Norberto Lunardi;0;Dragoni Rossi;Rosso e Nero;Fiamme Rosse
127086;Rosanna Minardo;0;Fenici Rosse;Rosso e Arancione;Ali di Fuoco
127087;Concetta Kappler;0;Cavalli Selvaggi;Rosso e Argento;Cavalieri Selvaggi
127088;Maria Chiara Bobba;0;Pavoni Reali;Oro e Viola;Ali Reali
127089;Gianpietro Di Nardo;0;Tigri Nere;Nero e Arancione;Tigri Infuocate
127090;Lello Tonini;0;Dragoni Rossi;Rosso e Nero;Fiamme Rosse
127091;Daniele Gaetano Bevilacqua;0;Gufi Notturni;Viola e Grigio;Occhi nella Notte
127092;Danilo Jacchia;0;Corvi della Tempesta;Grigio e Blu;Tempesta Oscura
127093;Ortensio Silvestri;0;Cinghiali Selvaggi;Marrone e Verde;Cinghiali Ruggenti
127094;Rosa Silvana Mazzoni;0;Pavoni Reali;Oro e Viola;Ali Reali
127095;Guido Walter Cesare Filippi;0;Rinoceronti Blu;Verde e Argento;Rino Blu
127096;Ferdinando Magri;0;Pantere Rosa;Rosa e Grigio;Pantere Fiere
127097;Ylenia Biondi;0;Cinghiali Selvaggi;Marrone e Verde;Cinghiali Ruggenti
127098;Emiddio Rollandin;0;Orsi Polari;Bianco e Blu;
127099;Giacomo Verini;0;Coccodrilli Verdi;Verde e Marrone;Coccodrilli d'Acciaio
127100;Doriano Barozzino;0;Gufi Notturni;Viola e Grigio;Occhi nella Notte
127101;Emilia Grazia Zuffada;0;Delfini Argentati;Argento e Nero;Onde Argentate
127102;Salvatore Palmizio;0;Fulmini Verdi;Verde e Giallo;Lampi Verdi
127103;Angela Anna Bruna Berlinguer;0;Tigri Nere;Nero e Arancione;Tigri Infuocate
127104;Elidio Corrao;0;Squali Azzurri;Azzurro e Bianco;Predatori del Mare
127105;Susy Antezza;0;Delfini Argentati;Argento e Nero;Onde Argentate
127106;Sauro Endrizzi;0;Cinghiali Selvaggi;Marrone e Verde;Cinghiali Ruggenti
127107;Ornella Valente;0;Lupi del Nord;Bianco e Grigio;Ululati del Nord
127108;Maria Rosaria Marilotti;0;Gatti Neri;Nero e Viola;
127109;Mauro Antonio Donato Negri;0;Pinguini Polari;Bianco e Nero;
127110;Giuseppe Luigi Salvatore Battista;0;Pavoni Reali;Oro e Viola;Ali Reali
127111;Virginia Fiorillo;0;Fulmini Verdi;Verde e Giallo;Lampi Verdi
127112;Valentino Allegrini;0;Pavoni Reali;Oro e Viola;Ali Reali
127113;Donella Polidoro;0;Corvi della Tempesta;Grigio e Blu;Tempesta Oscura
127114;Nello Gualdani;0;Rinoceronti Blu;Verde e Argento;Rino Blu
127115;Maria Virginia Piccioni;0;Volpi del Bosco;Blu e Rosso;Volpi Veloci
127116;Francesco Enrico Capaldi;0;Dragoni Rossi;Rosso e Nero;Fiamme Rosse
127117;Vincenza Laforgia;0;Volpi del Bosco;Blu e Rosso;Volpi Veloci
127118;Maria Agostina Polito;0;Volpi del Bosco;Blu e Rosso;Volpi Veloci
127119;Maria Alessandra Di Giovan Paolo;0;Pinguini Polari;Bianco e Nero;
127120;Lello De Sena;0;Cavalieri d'Argento;Argento e Blu;
127121;Basilio Mazzaracchio;0;Falchi Grigi;Grigio e Nero;Falchi del Vento
127122;Leonzio Lauria;0;Fulmini Verdi;Verde e Giallo;Lampi Verdi
127123;Gaspare Antonio Semeraro;0;Cinghiali Selvaggi;Marrone e Verde;Cinghiali Ruggenti
127124;Nerina Arlacchi;0;Pantere Rosa;Rosa e Grigio;Pantere Fiere
127125;Bianca Maria Agostini;0;Elefanti Grigi;Nero e Bianco;Elefanti Titanici
127126;Rossella Pieroni;0;Orsi Polari;Bianco e Blu;
127127;Giorgio Maria Dreosto;0;Gatti Neri;Nero e Viola;
127128;Karl Martinat;0;Serpenti Dorati;Oro e Rosso;Serpenti Dorati
127129;Stanislao Alessandro Bettini;0;Aquile Blu;Blu e Bianco;Aquile Volanti
127130;Manuel Ruotolo;0;Lupi del Nord;Bianco e Grigio;Ululati del Nord
127131;Lucio D'ambrosio;0;Squali Azzurri;Azzurro e Bianco;Predatori del Mare
127132;Esteban Juan Gaetti;0;Fenici Rosse;Rosso e Arancione;Ali di Fuoco
127133;Filomeno Biagio Coltorti;0;Aquile Reali;Blu e Oro;Reali del Cielo
127134;Ernesto Amoruso;0;Gatti Neri;Nero e Viola;
127135;Valeria Merloni;0;Elefanti Grigi;Nero e Bianco;Elefanti Titanici
127136;Beatrice D'ippolito Vitale;0;Fenici Rosse;Rosso e Arancione;Ali di Fuoco
127137;Martino Migliavacca;0;Coccodrilli Verdi;Verde e Marrone;Coccodrilli d'Acciaio
127138;Rosa Ripamonti;0;Pavoni Reali;Oro e Viola;Ali Reali
127139;Barbara Leddi;0;Tigri Nere;Nero e Arancione;Tigri Infuocate
127140;Vito Rosario D'onofrio;0;Fenici Rosse;Rosso e Arancione;Ali di Fuoco
127141;Gianmarco Scavone;0;Corvi della Tempesta;Grigio e Blu;Tempesta Oscura
127142;Susanna Lina Giulia Scalfarotto;0;Dragoni Rossi;Rosso e Nero;Fiamme Rosse
127143;Susanna Donatella Monticone;0;Volpi del Bosco;Blu e Rosso;Volpi Veloci
127144;Sante Greco;0;Serpenti Dorati;Oro e Rosso;Serpenti Dorati
127145;Irene Biti;0;Pavoni Reali;Oro e Viola;Ali Reali
127146;Elvira Lucia Adduce;0;Cavalieri d'Argento;Argento e Blu;
127147;Vidmer Marilotti;0;Serpenti Dorati;Oro e Rosso;Serpenti Dorati
127148;Danila Bergamo;0;Gatti Neri;Nero e Viola;
127149;Maria Cristina Negri;0;Squali Azzurri;Azzurro e Bianco;Predatori del Mare
127150;Gisella Spadoni Urbani;0;Pavoni Reali;Oro e Viola;Ali Reali
127151;Mario Mungari;0;Fulmini Verdi;Verde e Giallo;Lampi Verdi
127152;Rosa Barani;0;Ippopotami Viola;Viola e Oro;
127153;Battista Veronesi;0;Corvi della Tempesta;Grigio e Blu;Tempesta Oscura
127154;Mariapia Procacci;0;Elefanti Grigi;Nero e Bianco;Elefanti Titanici
127155;Giorgio D'ali';0;Aquile Reali;Blu e Oro;Reali del Cielo
127156;Rossano Tiraboschi;0;Gufi Notturni;Viola e Grigio;Occhi nella Notte
127157;Concetto Paroli;0;Gufi Notturni;Viola e Grigio;Occhi nella Notte
127158;Ivan Pasquali;0;Gufi Notturni;Viola e Grigio;Occhi nella Notte
127159;Simonetta Anitori;0;Gufi Notturni;Viola e Grigio;Occhi nella Notte
127160;Lucrezia Milone;0;Orsi Polari;Bianco e Blu;
127161;Carlo Occhipinti;0;Pantere Rosa;Rosa e Grigio;Pantere Fiere
127162;Michele Arcangelo Salvitti;0;Aquile Blu;Blu e Bianco;Aquile Volanti
127163;Tarcisio Camo;0;Scorpioni Rossi;Giallo e Verde;Scorpioni d'Acciaio
127164;Natale Fumagalli Carulli;0;Serpenti Dorati;Oro e Rosso;Serpenti Dorati
127165;Domenica Bergesio;0;Orsi Polari;Bianco e Blu;
127166;Josefa Bassoli;0;Pinguini Polari;Bianco e Nero;
127167;Jas Crisafulli;0;Squali Azzurri;Azzurro e Bianco;Predatori del Mare
127168;Raffaela De Feo;0;Rinoceronti Blu;Verde e Argento;Rino Blu
127169;Silvio Pittelli;0;Cavalieri d'Argento;Argento e Blu;
127170;Bianca Maria Servello;0;Ippopotami Viola;Viola e Oro;
127171;Carlo Roilo;0;Pinguini Polari;Bianco e Nero;
127172;Dieter Del Vecchio;0;Ippopotami Viola;Viola e Oro;
127173;Rita Toninelli;0;Elefanti Grigi;Nero e Bianco;Elefanti Titanici
127174;Giorgio Maria Marcenaro;0;Volpi del Bosco;Blu e Rosso;Volpi Veloci
127175;Emilio Paolo Pisani;0;Ippopotami Viola;Viola e Oro;
127176;Cinzia Papania;0;Camaleonti Arcobaleno;Blu e Verde;Camaleonti Magici
127177;Domenica Rizzotti;0;Orsi Polari;Bianco e Blu;
127178;Celestino Pavanelli;0;Fulmini Verdi;Verde e Giallo;Lampi Verdi
127179;Nando Magistrelli;0;Pavoni Reali;Oro e Viola;Ali Reali
127180;Rosario Di Orio;0;Camaleonti Arcobaleno;Blu e Verde;Camaleonti Magici
127181;Donatella Zambito;0;Pantere Rosa;Rosa e Grigio;Pantere Fiere
127182;Olimpia Di Orio;0;Lupi del Nord;Bianco e Grigio;Ululati del Nord
127183;Cristano De Luca;0;Cinghiali Selvaggi;Marrone e Verde;Cinghiali Ruggenti
127184;Ignazio Pellegrini;0;Dragoni Rossi;Rosso e Nero;Fiamme Rosse
127185;Antonino Gambini;0;Serpenti Dorati;Oro e Rosso;Serpenti Dorati
127186;Raoul Rescaglio;0;Squali Azzurri;Azzurro e Bianco;Predatori del Mare
127187;Ignazio Antinoro;0;Pinguini Polari;Bianco e Nero;
127188;Gian Giacomo Fanfani;0;Serpenti Dorati;Oro e Rosso;Serpenti Dorati
127189;Francesco Manis;0;Fulmini Verdi;Verde e Giallo;Lampi Verdi
127190;Nedo Lorenzo Fluttero;0;Fenici Rosse;Rosso e Arancione;Ali di Fuoco
127191;Doris Arlacchi;0;Fulmini Verdi;Verde e Giallo;Lampi Verdi
127192;Mario Licheri;0;Tigri Nere;Nero e Arancione;Tigri Infuocate
127193;Rosario Magnolfi;0;Camaleonti Arcobaleno;Blu e Verde;Camaleonti Magici
127194;Valeria Castaldi;0;Scorpioni Rossi;Giallo e Verde;Scorpioni d'Acciaio
127195;Cesare Crisafulli;0;Squali Azzurri;Azzurro e Bianco;Predatori del Mare
127196;Gino Rebuzzi;0;Tigri Nere;Nero e Arancione;Tigri Infuocate
127197;Anna Carmela Vono;0;Pavoni Reali;Oro e Viola;Ali Reali
127198;Antonio Rosa;0;Aquile Reali;Blu e Oro;Reali del Cielo
127199;Filippo De Feo;0;Gufi Notturni;Viola e Grigio;Occhi nella Notte
127200;Liliana Fistarol;0;Leoni Dorati;Giallo e Nero;Leoni Ruggenti
127201;Gianvittore Mascioni;0;Pantere Rosa;Rosa e Grigio;Pantere Fiere
127202;Maria Cecilia Lunesu;0;Coccodrilli Verdi;Verde e Marrone;Coccodrilli d'Acciaio
127203;Vladimiro Marti;0;Cinghiali Selvaggi;Marrone e Verde;Cinghiali Ruggenti
127204;Renato Guerino Turci;0;Pantere Rosa;Rosa e Grigio;Pantere Fiere
127205;Alessandro Bettamio;0;Scorpioni Rossi;Giallo e Verde;Scorpioni d'Acciaio
127206;Stelio Sinisi;0;Cinghiali Selvaggi;Marrone e Verde;Cinghiali Ruggenti
127207;Lanfranco Toninelli;0;Serpenti Dorati;Oro e Rosso;Serpenti Dorati
127208;Caterina Pallaro;0;Camaleonti Arcobaleno;Blu e Verde;Camaleonti Magici
127209;Maria Celeste Bonifazi;0;Rinoceronti Blu;Verde e Argento;Rino Blu
127210;Elia Cirami;0;Falchi Grigi;Grigio e Nero;Falchi del Vento
127211;Ombretta Salvini;0;Dragoni Rossi;Rosso e Nero;Fiamme Rosse
127212;Antonio Michele Migone;0;Serpenti Dorati;Oro e Rosso;Serpenti Dorati
127213;Michele Arcangelo Allegrini;0;Leoni Dorati;Giallo e Nero;Leoni Ruggenti
127214;Peppe Vertone;0;Rinoceronti Blu;Verde e Argento;Rino Blu
127215;Liborio Scalfaro;0;Camaleonti Arcobaleno;Blu e Verde;Camaleonti Magici
127216;Primo Vallardi;0;Squali Azzurri;Azzurro e Bianco;Predatori del Mare
127217;Gianvittore Orsomarso;0;Zebre Striate;Bianco e Rosso;Zebre Elettriche
127218;Edo Siclari;0;Dragoni Rossi;Rosso e Nero;Fiamme Rosse
127219;Giuliana Selva;0;Volpi del Bosco;Blu e Rosso;Volpi Veloci
127220;Pierfrancesco Emilio Romano Favero;0;Falchi Grigi;Grigio e Nero;Falchi del Vento
127221;Dario Armato;0;Camaleonti Arcobaleno;Blu e Verde;Camaleonti Magici
127222;Elena Fazzolari;0;Corvi della Tempesta;Grigio e Blu;Tempesta Oscura
127223;Rossano Vimercati;0;Pavoni Reali;Oro e Viola;Ali Reali
127224;Vincenzo Pizzol;0;Aquile Reali;Blu e Oro;Reali del Cielo
127225;Albertina Pizzetti;0;Gufi Notturni;Viola e Grigio;Occhi nella Notte
127226;Linda Conzatti;0;Gufi Notturni;Viola e Grigio;Occhi nella Notte
127227;Basilio Specchia;0;Gufi Notturni;Viola e Grigio;Occhi nella Notte
127228;Alessandrina Salvato;0;Pavoni Reali;Oro e Viola;Ali Reali
127229;Enzo Giorgio Secondo Blazina;0;Scorpioni Rossi;Giallo e Verde;Scorpioni d'Acciaio
127230;Luca Barbieri;0;Pantere Rosa;Rosa e Grigio;Pantere Fiere
127231;Valeria Buccarella;0;Corvi della Tempesta;Grigio e Blu;Tempesta Oscura
127232;Mauro Zedda;0;Scorpioni Rossi;Giallo e Verde;Scorpioni d'Acciaio
127233;Silvio Emilio Chiurazzi;0;Serpenti Dorati;Oro e Rosso;Serpenti Dorati
127234;Patty Sileri;0;Cavalli Selvaggi;Rosso e Argento;Cavalieri Selvaggi
127235;Lello Tarolli;0;Dragoni Rossi;Rosso e Nero;Fiamme Rosse
127236;Lello Banti;0;Coccodrilli Verdi;Verde e Marrone;Coccodrilli d'Acciaio
127237;Donella Marino;0;Cavalli Selvaggi;Rosso e Argento;Cavalieri Selvaggi
127238;Francesco Enrico Pittella;0;Cinghiali Selvaggi;Marrone e Verde;Cinghiali Ruggenti
127239;Lionello Marco Caforio;0;Fulmini Verdi;Verde e Giallo;Lampi Verdi
127240;Giovanni Pietro Alberti Casellati;0;Pinguini Polari;Bianco e Nero;
127241;Patrizio Margiotta;0;Gufi Notturni;Viola e Grigio;Occhi nella Notte
127242;Tana Piano;0;Serpenti Dorati;Oro e Rosso;Serpenti Dorati
127243;Donella Giovanelli;0;Falchi Grigi;Grigio e Nero;Falchi del Vento
127244;Rita Fabbri;0;Pinguini Polari;Bianco e Nero;
127245;Emanuele Latorre;0;Fenici Rosse;Rosso e Arancione;Ali di Fuoco
127246;Armando Fluttero;0;Orsi Polari;Bianco e Blu;
127247;Peppe Preda;0;Cavalieri d'Argento;Argento e Blu;
127248;Maria Elisabetta Alicata;0;Cavalli Selvaggi;Rosso e Argento;Cavalieri Selvaggi
127249;Mariangela Fluttero;0;Cavalieri d'Argento;Argento e Blu;
127250;Guido Cesare Labellarte;0;Delfini Argentati;Argento e Nero;Onde Argentate
127251;Esteban Juan D'onghia;0;Rinoceronti Blu;Verde e Argento;Rino Blu
127252;Lidia Allocca;0;Gatti Neri;Nero e Viola;
127253;Diodato (darko) Licheri;0;Dragoni Rossi;Rosso e Nero;Fiamme Rosse
127254;Mauro Bazoli;0;Aquile Reali;Blu e Oro;Reali del Cielo
127255;Adele Duva;0;Elefanti Grigi;Nero e Bianco;Elefanti Titanici
127256;Nunziante Scotti;0;Cinghiali Selvaggi;Marrone e Verde;Cinghiali Ruggenti
127257;Magda Angela Loreto;0;Elefanti Grigi;Nero e Bianco;Elefanti Titanici
127258;Pier Ferdinando Brutti;0;Gufi Notturni;Viola e Grigio;Occhi nella Notte
127259;Diodato (darko) Pasquini;0;Zebre Striate;Bianco e Rosso;Zebre Elettriche
127260;Altero Agogliati;0;Orsi Polari;Bianco e Blu;
127261;Dolores Bignami;0;Scorpioni Rossi;Giallo e Verde;Scorpioni d'Acciaio
127262;Gianpiero Borgonzoni;0;Elefanti Grigi;Nero e Bianco;Elefanti Titanici
127263;Maria Teresa Buttiglione;0;Leoni Dorati;Giallo e Nero;Leoni Ruggenti
127264;Ruggiero Tunis;0;Cinghiali Selvaggi;Marrone e Verde;Cinghiali Ruggenti
127265;Palmiro Vescovi;0;Tigri Nere;Nero e Arancione;Tigri Infuocate
127266;Enzo Berlusconi;0;Falchi Grigi;Grigio e Nero;Falchi del Vento
127267;Anna Maria Consiglio;0;Falchi Grigi;Grigio e Nero;Falchi del Vento
127268;Teresa Cassano;0;Gatti Neri;Nero e Viola;
127269;Alfredo Mongiello;0;Lupi del Nord;Bianco e Grigio;Ululati del Nord
127270;Diodato (darko) Mininno;0;Fenici Rosse;Rosso e Arancione;Ali di Fuoco
127271;Sergio Scivoletto;0;Orsi Polari;Bianco e Blu;
127272;Lucrezia Marini;0;Cavalieri d'Argento;Argento e Blu;
127273;Donatella Pepe;0;Cavalieri d'Argento;Argento e Blu;
127274;Accursio Durnwalder;0;Cavalli Selvaggi;Rosso e Argento;Cavalieri Selvaggi
127275;Sabrina Cardinali;0;Cavalli Selvaggi;Rosso e Argento;Cavalieri Selvaggi
127276;Giuseppe Maria Lonardo;0;Corvi della Tempesta;Grigio e Blu;Tempesta Oscura
127277;Libero De Lucia;0;Scorpioni Rossi;Giallo e Verde;Scorpioni d'Acciaio
127278;Aurelio Giuseppe Palumbo;0;Aquile Reali;Blu e Oro;Reali del Cielo
127279;Pasqualino Lorenzo Bellot;0;Tigri Nere;Nero e Arancione;Tigri Infuocate
127280;Ada Moncada;0;Gatti Neri;Nero e Viola;
127281;Ester Bertoni;0;Tigri Nere;Nero e Arancione;Tigri Infuocate
127282;Benedetto Occhetto;0;Camaleonti Arcobaleno;Blu e Verde;Camaleonti Magici
127283;Agazio Petrini;0;Orsi Polari;Bianco e Blu;
127284;Fabrizio Nicita;0;Squali Azzurri;Azzurro e Bianco;Predatori del Mare
127285;Mara Bodini;0;Coccodrilli Verdi;Verde e Marrone;Coccodrilli d'Acciaio
127286;Mariano Orsi;0;Zebre Striate;Bianco e Rosso;Zebre Elettriche
127287;Sebastiano Lucidi;0;Cavalli Selvaggi;Rosso e Argento;Cavalieri Selvaggi
127288;Liborio Pillon;0;Cavalieri d'Argento;Argento e Blu;
127289;Costantino Mirabelli;0;Cinghiali Selvaggi;Marrone e Verde;Cinghiali Ruggenti
127290;Giuliomaria Ferro;0;Zebre Striate;Bianco e Rosso;Zebre Elettriche
127291;Lido Caprili;0;Serpenti Dorati;Oro e Rosso;Serpenti Dorati
127292;Demetrio Giro;0;Tigri Nere;Nero e Arancione;Tigri Infuocate
127293;Mattia Filippin;0;Ippopotami Viola;Viola e Oro;
127294;Nunziante Bonino;0;Scorpioni Rossi;Giallo e Verde;Scorpioni d'Acciaio
127295;Isabella Musi;0;Scorpioni Rossi;Giallo e Verde;Scorpioni d'Acciaio
127296;Pippo Lotito;0;Gufi Notturni;Viola e Grigio;Occhi nella Notte
127297;Augusto Pogliese;0;Cavalli Selvaggi;Rosso e Argento;Cavalieri Selvaggi
127298;Giovanna Lunardi;0;Leoni Dorati;Giallo e Nero;Leoni Ruggenti
127299;Pierfrancesco Emilio Romano Coronella;0;Zebre Striate;Bianco e Rosso;Zebre Elettriche
127300;Emilio Paolo Brutti;0;Fulmini Verdi;Verde e Giallo;Lampi Verdi
127301;Simona Sircana;0;Coccodrilli Verdi;Verde e Marrone;Coccodrilli d'Acciaio
127302;Lucio Alessio Monticone;0;Orsi Polari;Bianco e Blu;
127303;Maria Claudia Casaletto;0;Volpi del Bosco;Blu e Rosso;Volpi Veloci
127304;Luciano Caprili;0;Cavalli Selvaggi;Rosso e Argento;Cavalieri Selvaggi
127305;Raffaela Romano;0;Volpi del Bosco;Blu e Rosso;Volpi Veloci
127306;Hans Mannino;0;Aquile Reali;Blu e Oro;Reali del Cielo
127307;Raffaela Bulgarelli;0;Dragoni Rossi;Rosso e Nero;Fiamme Rosse
127308;Luca Mazzoni;0;Gatti Neri;Nero e Viola;
127309;Nedo Lorenzo Fissore;0;Aquile Blu;Blu e Bianco;Aquile Volanti
127310;Piero Solinas;0;Zebre Striate;Bianco e Rosso;Zebre Elettriche
127311;Aurora Zambito;0;Rinoceronti Blu;Verde e Argento;Rino Blu
127312;Francesco Monteleone;0;Corvi della Tempesta;Grigio e Blu;Tempesta Oscura
127313;Maria Teresa Antinoro;0;Lupi del Nord;Bianco e Grigio;Ululati del Nord
127314;Sabrina Marti;0;Cinghiali Selvaggi;Marrone e Verde;Cinghiali Ruggenti
127315;Alfredo Paravia;0;Fenici Rosse;Rosso e Arancione;Ali di Fuoco
127316;Ida Maria Tonini;0;Rinoceronti Blu;Verde e Argento;Rino Blu
127317;Eugenio Mario Tunis;0;Cavalli Selvaggi;Rosso e Argento;Cavalieri Selvaggi
127318;Lucia Pignedoli;0;Serpenti Dorati;Oro e Rosso;Serpenti Dorati
127319;Dino Dell'utri;0;Volpi del Bosco;Blu e Rosso;Volpi Veloci
127320;Lucio Alessio Tremonti;0;Elefanti Grigi;Nero e Bianco;Elefanti Titanici
127321;Antonio Adolfo Maria De Vecchis;0;Delfini Argentati;Argento e Nero;Onde Argentate
127322;Adelaide Viceconte;0;Lupi del Nord;Bianco e Grigio;Ululati del Nord
127323;Angelo Michele Garruti;0;Elefanti Grigi;Nero e Bianco;Elefanti Titanici
127324;Giuliano Vacciano;0;Pantere Rosa;Rosa e Grigio;Pantere Fiere
127325;Fulvio Milana;0;Aquile Blu;Blu e Bianco;Aquile Volanti
127326;Helga Cozzolino;0;Rinoceronti Blu;Verde e Argento;Rino Blu
127327;Giuseppe Speranzon;0;Zebre Striate;Bianco e Rosso;Zebre Elettriche
127328;Gian Piero Evangelista;0;Rinoceronti Blu;Verde e Argento;Rino Blu
127329;Rina Giorgianni;0;Ippopotami Viola;Viola e Oro;
127330;Michaela Caddeo;0;Tigri Nere;Nero e Arancione;Tigri Infuocate
127331;Enzo Giacobbe;0;Cinghiali Selvaggi;Marrone e Verde;Cinghiali Ruggenti
127332;Magda Campanella;0;Tigri Nere;Nero e Arancione;Tigri Infuocate
127333;Simonetta Biondi;0;Corvi della Tempesta;Grigio e Blu;Tempesta Oscura
127334;Antonio Menia;0;Pinguini Polari;Bianco e Nero;
127335;Carmine D'arienzo;0;Aquile Blu;Blu e Bianco;Aquile Volanti
127336;Andrea Carmine Pollastri;0;Aquile Blu;Blu e Bianco;Aquile Volanti
127337;Flavio Sallemi;0;Serpenti Dorati;Oro e Rosso;Serpenti Dorati
127338;Antonio Stefano Fattori;0;Ippopotami Viola;Viola e Oro;
127339;Ernesto Marton;0;Camaleonti Arcobaleno;Blu e Verde;Camaleonti Magici
127340;Patrizio Giacomo Erroi;0;Leoni Dorati;Giallo e Nero;Leoni Ruggenti
127341;Carlo Luigi Del Pennino;0;Tigri Nere;Nero e Arancione;Tigri Infuocate
127342;Marco Aloisio;0;Zebre Striate;Bianco e Rosso;Zebre Elettriche
127343;Cinzia Labellarte;0;Scorpioni Rossi;Giallo e Verde;Scorpioni d'Acciaio
127344;Corradino Scopelliti;0;Pavoni Reali;Oro e Viola;Ali Reali
127345;Giuliano Romano;0;Squali Azzurri;Azzurro e Bianco;Predatori del Mare
127346;Sonia Pianetta;0;Volpi del Bosco;Blu e Rosso;Volpi Veloci
127347;Magda Angela Pizzetti;0;Aquile Reali;Blu e Oro;Reali del Cielo
127348;Simone Battistoni;0;Serpenti Dorati;Oro e Rosso;Serpenti Dorati
127349;Matteo Lauria;0;Cinghiali Selvaggi;Marrone e Verde;Cinghiali Ruggenti
127350;Dino Mantica;0;Elefanti Grigi;Nero e Bianco;Elefanti Titanici
127351;Norberto Ricchiuti;0;Leoni Dorati;Giallo e Nero;Leoni Ruggenti
127352;Alessandra Laforgia;0;Orsi Polari;Bianco e Blu;
127353;Bartolomeo Manzione;0;Elefanti Grigi;Nero e Bianco;Elefanti Titanici
127354;Isabella Peterlini;0;Elefanti Grigi;Nero e Bianco;Elefanti Titanici
127355;Albertino Borghi;0;Cavalli Selvaggi;Rosso e Argento;Cavalieri Selvaggi
127356;Venera Bobbio;0;Coccodrilli Verdi;Verde e Marrone;Coccodrilli d'Acciaio
127357;Vidmer Minasi;0;Lupi del Nord;Bianco e Grigio;Ululati del Nord
127358;Romano Mantovani;0;Elefanti Grigi;Nero e Bianco;Elefanti Titanici
127359;Guido Quintino Palumbo;0;Aquile Reali;Blu e Oro;Reali del Cielo
127360;Rocco Vito Tesei;0;Dragoni Rossi;Rosso e Nero;Fiamme Rosse
127361;Elio Massimo Toffanin;0;Tigri Nere;Nero e Arancione;Tigri Infuocate
127362;Euprepio Volcic;0;Orsi Polari;Bianco e Blu;
127363;Albert Ronchi;0;Volpi del Bosco;Blu e Rosso;Volpi Veloci
127364;Giulia Conzatti;0;Cinghiali Selvaggi;Marrone e Verde;Cinghiali Ruggenti
127365;Cesare Gallicchio;0;Gufi Notturni;Viola e Grigio;Occhi nella Notte
127366;Mauro Napolitano;0;Serpenti Dorati;Oro e Rosso;Serpenti Dorati
127367;Lido Mennuni;0;Scorpioni Rossi;Giallo e Verde;Scorpioni d'Acciaio
127368;Ettore Pietro Latronico;0;Pantere Rosa;Rosa e Grigio;Pantere Fiere
127369;Lido Bocca;0;Gatti Neri;Nero e Viola;
127370;Giusy Basso;0;Tigri Nere;Nero e Arancione;Tigri Infuocate
127371;Giuseppe Onorato Benito Craxi;0;Pinguini Polari;Bianco e Nero;
127372;Adelaide Aimi;0;Fenici Rosse;Rosso e Arancione;Ali di Fuoco
127373;Furio Pesco;0;Serpenti Dorati;Oro e Rosso;Serpenti Dorati
127374;Valerio Cuffaro;0;Fulmini Verdi;Verde e Giallo;Lampi Verdi
127375;Margherita Fregolent;0;Ippopotami Viola;Viola e Oro;
127376;Lorenzo Crippa;0;Tigri Nere;Nero e Arancione;Tigri Infuocate
127377;Roberto Maria Ferdinando Agogliati;0;Serpenti Dorati;Oro e Rosso;Serpenti Dorati
127378;Pietro Maturani;0;Dragoni Rossi;Rosso e Nero;Fiamme Rosse
127379;Lionello Milio;0;Fenici Rosse;Rosso e Arancione;Ali di Fuoco
127380;Gianluigi Co';0;Pinguini Polari;Bianco e Nero;
127381;Gaspare Antonio Caligiuri;0;Dragoni Rossi;Rosso e Nero;Fiamme Rosse
127382;Antonio Piccone;0;Cavalli Selvaggi;Rosso e Argento;Cavalieri Selvaggi
127383;Gianpiero Carlo Bucciarelli;0;Falchi Grigi;Grigio e Nero;Falchi del Vento
127384;Ricardo Antonio Iori;0;Squali Azzurri;Azzurro e Bianco;Predatori del Mare
127385;Fiorello Franceschelli;0;Cavalieri d'Argento;Argento e Blu;
127386;Cinzia Miglio;0;Orsi Polari;Bianco e Blu;
127387;Raffaela Tocci;0;Fulmini Verdi;Verde e Giallo;Lampi Verdi
127388;Vittoria Lucherini;0;Coccodrilli Verdi;Verde e Marrone;Coccodrilli d'Acciaio
127389;Fulvio Caselli;0;Dragoni Rossi;Rosso e Nero;Fiamme Rosse
127390;Emma Lo Moro;0;Orsi Polari;Bianco e Blu;
127391;Maria Cristina Russo Spena;0;Gufi Notturni;Viola e Grigio;Occhi nella Notte
127392;Gianclaudio Bordon;0;Lupi del Nord;Bianco e Grigio;Ululati del Nord
127393;Emilio Paolo Lomuti;0;Corvi della Tempesta;Grigio e Blu;Tempesta Oscura
127394;Gianvittorio Gallone;0;Zebre Striate;Bianco e Rosso;Zebre Elettriche
127395;Mattia Lotito;0;Serpenti Dorati;Oro e Rosso;Serpenti Dorati
127396;Liliana Spinello;0;Lupi del Nord;Bianco e Grigio;Ululati del Nord
127397;Cesare Chiaromonte;0;Pantere Rosa;Rosa e Grigio;Pantere Fiere
127398;Alessandro Elia;0;Dragoni Rossi;Rosso e Nero;Fiamme Rosse
127399;Ilaria Taviani;0;Tigri Nere;Nero e Arancione;Tigri Infuocate
127400;Erminia Rebuzzi;0;Pinguini Polari;Bianco e Nero;
127401;Antonio Franco Montevecchi;0;Leoni Dorati;Giallo e Nero;Leoni Ruggenti
127402;Enzo Siri;0;Coccodrilli Verdi;Verde e Marrone;Coccodrilli d'Acciaio
127403;Manfredi Ioannucci;0;Serpenti Dorati;Oro e Rosso;Serpenti Dorati
127404;Rocco Biancofiore;0;Rinoceronti Blu;Verde e Argento;Rino Blu
127405;Vladimiro Gentile;0;Ippopotami Viola;Viola e Oro;
127406;Adriano Alfieri;0;Corvi della Tempesta;Grigio e Blu;Tempesta Oscura
127407;Furio Castellani;0;Orsi Polari;Bianco e Blu;
127408;Isabella Gallicchio;0;Pavoni Reali;Oro e Viola;Ali Reali
127409;Piero Petrucci;0;Volpi del Bosco;Blu e Rosso;Volpi Veloci
127410;Elio Massimo Zedda;0;Rinoceronti Blu;Verde e Argento;Rino Blu
127411;Sergio D'ascola;0;Corvi della Tempesta;Grigio e Blu;Tempesta Oscura
127412;Maria Rosaria Ciampi;0;Cavalieri d'Argento;Argento e Blu;
127413;Ada Iervolino;0;Leoni Dorati;Giallo e Nero;Leoni Ruggenti
127414;Elidio Modica;0;Cavalieri d'Argento;Argento e Blu;
127415;Gino De Bonis;0;Ippopotami Viola;Viola e Oro;
127416;Oreste Gibiino;0;Lupi del Nord;Bianco e Grigio;Ululati del Nord
127417;Aurelio Giuseppe Rossomando;0;Delfini Argentati;Argento e Nero;Onde Argentate
127418;Magda Comaroli;0;Fulmini Verdi;Verde e Giallo;Lampi Verdi
127419;Rocco Vito Paravia;0;Scorpioni Rossi;Giallo e Verde;Scorpioni d'Acciaio
127420;Franco Maconi;0;Gufi Notturni;Viola e Grigio;Occhi nella Notte
127421;Alberto Larizza;0;Corvi della Tempesta;Grigio e Blu;Tempesta Oscura
127422;Cataldo Antinoro;0;Leoni Dorati;Giallo e Nero;Leoni Ruggenti
127423;Vittoria Zanda;0;Corvi della Tempesta;Grigio e Blu;Tempesta Oscura
127424;Ruggiero Migliavacca;0;Fulmini Verdi;Verde e Giallo;Lampi Verdi
127425;Felice Carlo Sudano;0;Lupi del Nord;Bianco e Grigio;Ululati del Nord
127426;Stanislao Alessandro Faraone;0;Pavoni Reali;Oro e Viola;Ali Reali
127427;Tino Pogliese;0;Elefanti Grigi;Nero e Bianco;Elefanti Titanici
127428;Matteo Mazzatorta;0;Cinghiali Selvaggi;Marrone e Verde;Cinghiali Ruggenti
127429;Sabrina Crino';0;Fulmini Verdi;Verde e Giallo;Lampi Verdi
127430;Maria Agostina Comaroli;0;Falchi Grigi;Grigio e Nero;Falchi del Vento
127431;Claudio Germana';0;Pavoni Reali;Oro e Viola;Ali Reali
127432;Carmela Zancan;0;Fulmini Verdi;Verde e Giallo;Lampi Verdi
127433;Virginia Diana;0;Dragoni Rossi;Rosso e Nero;Fiamme Rosse
127434;Ilaria Spinelli;0;Leoni Dorati;Giallo e Nero;Leoni Ruggenti
127435;Elia Piccinelli;0;Fenici Rosse;Rosso e Arancione;Ali di Fuoco
127436;Alessia Martinat;0;Tigri Nere;Nero e Arancione;Tigri Infuocate
127437;Sandra Ortolani;0;Fulmini Verdi;Verde e Giallo;Lampi Verdi
127438;Egidio Luigi Mungari;0;Volpi del Bosco;Blu e Rosso;Volpi Veloci
127439;Anna Carmela Cioffi;0;Cavalli Selvaggi;Rosso e Argento;Cavalieri Selvaggi
127440;Rosaria Dessi';0;Rinoceronti Blu;Verde e Argento;Rino Blu
127441;Sergio Paragone;0;Pantere Rosa;Rosa e Grigio;Pantere Fiere
127442;Denis Moro;0;Cavalli Selvaggi;Rosso e Argento;Cavalieri Selvaggi
127443;Rosa Angela Fina;0;Pavoni Reali;Oro e Viola;Ali Reali
127444;Antonella Campagna;0;Leoni Dorati;Giallo e Nero;Leoni Ruggenti
127445;Elvira Lucia Galardi;0;Fulmini Verdi;Verde e Giallo;Lampi Verdi
127446;Maria Giuseppa Sterpa;0;Delfini Argentati;Argento e Nero;Onde Argentate
127447;Giuliomaria Morgando;0;Scorpioni Rossi;Giallo e Verde;Scorpioni d'Acciaio
127448;Giuliano Barbieri;0;Fulmini Verdi;Verde e Giallo;Lampi Verdi
127449;Maria Elisabetta Pera;0;Leoni Dorati;Giallo e Nero;Leoni Ruggenti
127450;Costanzo Campari;0;Camaleonti Arcobaleno;Blu e Verde;Camaleonti Magici
127451;Aldo Cimmino;0;Serpenti Dorati;Oro e Rosso;Serpenti Dorati
127452;Giuliomaria Gualtieri;0;Falchi Grigi;Grigio e Nero;Falchi del Vento
127453;Carlo Azeglio Sinisi;0;Corvi della Tempesta;Grigio e Blu;Tempesta Oscura
127454;Antonio Gianfranco Chiaromonte;0;Pavoni Reali;Oro e Viola;Ali Reali
127455;Riccardo Sironi;0;Tigri Nere;Nero e Arancione;Tigri Infuocate
127456;Edo Granato;0;Aquile Reali;Blu e Oro;Reali del Cielo
127457;Elisa Pirro;0;Zebre Striate;Bianco e Rosso;Zebre Elettriche
127458;Gilberto Gatti;0;Squali Azzurri;Azzurro e Bianco;Predatori del Mare
127459;Mauro Maria Passigli;0;Cavalli Selvaggi;Rosso e Argento;Cavalieri Selvaggi
127460;Assuntela Pavanelli;0;Coccodrilli Verdi;Verde e Marrone;Coccodrilli d'Acciaio
127461;Maria Luisa Rutelli;0;Falchi Grigi;Grigio e Nero;Falchi del Vento
127462;Livio Boldi;0;Serpenti Dorati;Oro e Rosso;Serpenti Dorati
127463;Maria Celeste D'amico;0;Falchi Grigi;Grigio e Nero;Falchi del Vento
127464;Daniele Gaetano Longhi;0;Gatti Neri;Nero e Viola;
127465;Pier Ferdinando Zin;0;Pantere Rosa;Rosa e Grigio;Pantere Fiere
127466;Pietro Grillo;0;Fulmini Verdi;Verde e Giallo;Lampi Verdi
127467;Rina Garruti;0;Corvi della Tempesta;Grigio e Blu;Tempesta Oscura
127468;Gianpiero Carlo Patuanelli;0;Zebre Striate;Bianco e Rosso;Zebre Elettriche
127469;Fabrizio Fattori;0;Falchi Grigi;Grigio e Nero;Falchi del Vento
127470;Eugenio Mario Lannutti;0;Coccodrilli Verdi;Verde e Marrone;Coccodrilli d'Acciaio
127471;Ottaviano D'ambrosio;0;Scorpioni Rossi;Giallo e Verde;Scorpioni d'Acciaio
127472;Ornella Bonfietti;0;Zebre Striate;Bianco e Rosso;Zebre Elettriche
127473;Aldo Potenti;0;Corvi della Tempesta;Grigio e Blu;Tempesta Oscura
127474;Aurelio Giuseppe Contini;0;Pinguini Polari;Bianco e Nero;
127475;Alessio Squarcialupi;0;Ippopotami Viola;Viola e Oro;
127476;Renato Guerino Caprili;0;Rinoceronti Blu;Verde e Argento;Rino Blu
127477;Dafne Amorena;0;Aquile Reali;Blu e Oro;Reali del Cielo
127478;Natale Maria Alfonso Giarrusso;0;Fenici Rosse;Rosso e Arancione;Ali di Fuoco
127479;Eva Legnini;0;Lupi del Nord;Bianco e Grigio;Ululati del Nord
127480;Silvana Andreina Serafini;0;Serpenti Dorati;Oro e Rosso;Serpenti Dorati
127481;Lodovico Crescenzio;0;Dragoni Rossi;Rosso e Nero;Fiamme Rosse
127482;Gianfranco Perosino;0;Orsi Polari;Bianco e Blu;
127483;Luis Alberto Robol;0;Serpenti Dorati;Oro e Rosso;Serpenti Dorati
127484;Elisa Cutrufo;0;Pavoni Reali;Oro e Viola;Ali Reali
127485;Carla Alderisi;0;Elefanti Grigi;Nero e Bianco;Elefanti Titanici
127486;Esteban Juan Napoli;0;Corvi della Tempesta;Grigio e Blu;Tempesta Oscura
127487;Michele Arcangelo Crimi;0;Coccodrilli Verdi;Verde e Marrone;Coccodrilli d'Acciaio
127488;Valter Causin;0;Falchi Grigi;Grigio e Nero;Falchi del Vento
127489;Alois Germana';0;Serpenti Dorati;Oro e Rosso;Serpenti Dorati
127490;Giacinto Moro;0;Camaleonti Arcobaleno;Blu e Verde;Camaleonti Magici
127491;Alessandrina Paita;0;Cavalieri d'Argento;Argento e Blu;
127492;Sandro Vedani;0;Delfini Argentati;Argento e Nero;Onde Argentate
127493;Livio Amato;0;Rinoceronti Blu;Verde e Argento;Rino Blu
127494;Caterina Silvestro;0;Serpenti Dorati;Oro e Rosso;Serpenti Dorati
127495;Andrea Gelmetti;0;Dragoni Rossi;Rosso e Nero;Fiamme Rosse
127496;Arturo Mario Poretti;0;Pavoni Reali;Oro e Viola;Ali Reali
127497;Amedeo Mazzoni;0;Zebre Striate;Bianco e Rosso;Zebre Elettriche
127498;Guido Quintino Battafarano;0;Volpi del Bosco;Blu e Rosso;Volpi Veloci
127499;Colomba Pianetta;0;Camaleonti Arcobaleno;Blu e Verde;Camaleonti Magici
127500;Stanislao Gotor;0;Pantere Rosa;Rosa e Grigio;Pantere Fiere
127501;Adele Zanettin;0;Aquile Blu;Blu e Bianco;Aquile Volanti
127502;Giannicola Monteleone;0;Zebre Striate;Bianco e Rosso;Zebre Elettriche
127503;Laura Furlan;0;Pinguini Polari;Bianco e Nero;
127504;Fabio Storace;0;Tigri Nere;Nero e Arancione;Tigri Infuocate
127505;Santo Piarulli;0;Corvi della Tempesta;Grigio e Blu;Tempesta Oscura
127506;Adelaide Renzi;0;Pantere Rosa;Rosa e Grigio;Pantere Fiere
127507;Elio Danieli;0;Pantere Rosa;Rosa e Grigio;Pantere Fiere
127508;Lucio Valentini;0;Zebre Striate;Bianco e Rosso;Zebre Elettriche
127509;Vittorio Marri;0;Lupi del Nord;Bianco e Grigio;Ululati del Nord
127510;Francesca Maiorino;0;Leoni Dorati;Giallo e Nero;Leoni Ruggenti
127511;Graziano Vita;0;Cinghiali Selvaggi;Marrone e Verde;Cinghiali Ruggenti
127512;Piero Sanna;0;Gatti Neri;Nero e Viola;
127513;Christian Lopreiato;0;Elefanti Grigi;Nero e Bianco;Elefanti Titanici
127514;Giampaolo Vittorio Elio Maraventano;0;Pavoni Reali;Oro e Viola;Ali Reali
127515;Gino Giordano;0;Tigri Nere;Nero e Arancione;Tigri Infuocate
127516;Vladimiro Giordano;0;Delfini Argentati;Argento e Nero;Onde Argentate
127517;Guido Cesare Papini;0;Aquile Reali;Blu e Oro;Reali del Cielo
127518;Angelo Maria Thaler Ausserhofer;0;Coccodrilli Verdi;Verde e Marrone;Coccodrilli d'Acciaio
127519;Edo Falanga;0;Tigri Nere;Nero e Arancione;Tigri Infuocate
127520;Dafne Cosentino;0;Coccodrilli Verdi;Verde e Marrone;Coccodrilli d'Acciaio
127521;Dolores Monti;0;Fenici Rosse;Rosso e Arancione;Ali di Fuoco
127522;Emanuela Frau;0;Scorpioni Rossi;Giallo e Verde;Scorpioni d'Acciaio
127523;Gian Giacomo Maran;0;Coccodrilli Verdi;Verde e Marrone;Coccodrilli d'Acciaio
127524;Renato Bevilacqua;0;Elefanti Grigi;Nero e Bianco;Elefanti Titanici
127525;Italo Florino;0;Lupi del Nord;Bianco e Grigio;Ululati del Nord
127526;Alessio Mantica;0;Serpenti Dorati;Oro e Rosso;Serpenti Dorati
127527;Raffaella Fiormaria De Rigo;0;Lupi del Nord;Bianco e Grigio;Ululati del Nord
127528;Aurora Di Nardo;0;Elefanti Grigi;Nero e Bianco;Elefanti Titanici
127529;Domenica Costa;0;Orsi Polari;Bianco e Blu;
127530;Sauro Turco;0;Gufi Notturni;Viola e Grigio;Occhi nella Notte
127531;Stanislao Alessandro De Lucia;0;Zebre Striate;Bianco e Rosso;Zebre Elettriche
127532;Fulvia Michela Losacco;0;Fenici Rosse;Rosso e Arancione;Ali di Fuoco
127533;Renzo Burani Procaccini;0;Aquile Reali;Blu e Oro;Reali del Cielo
127534;Gian Guido Borgonzoni;0;Gufi Notturni;Viola e Grigio;Occhi nella Notte
127535;Francesco Saverio Gambini;0;Elefanti Grigi;Nero e Bianco;Elefanti Titanici
127536;Massimo Galliani;0;Gufi Notturni;Viola e Grigio;Occhi nella Notte
127537;Adriano Danzi;0;Fulmini Verdi;Verde e Giallo;Lampi Verdi
127538;Christian Bastico;0;Scorpioni Rossi;Giallo e Verde;Scorpioni d'Acciaio
127539;Giuliano Scivoletto;0;Pavoni Reali;Oro e Viola;Ali Reali
127540;Sauro Mura;0;Scorpioni Rossi;Giallo e Verde;Scorpioni d'Acciaio
127541;Euprepio Lucherini;0;Pinguini Polari;Bianco e Nero;
127542;Lorenzo Staniscia;0;Delfini Argentati;Argento e Nero;Onde Argentate
127543;Valerio Bossi;0;Scorpioni Rossi;Giallo e Verde;Scorpioni d'Acciaio
127544;Gilberto Morgoni;0;Fulmini Verdi;Verde e Giallo;Lampi Verdi
127545;Ersilia Baldassarri;0;Pavoni Reali;Oro e Viola;Ali Reali
127546;Francesco Antonio De Eccher;0;Dragoni Rossi;Rosso e Nero;Fiamme Rosse
127547;Roberto Maria Ferdinando Colli;0;Aquile Blu;Blu e Bianco;Aquile Volanti
127548;Rosa Silvana Guzzanti;0;Gatti Neri;Nero e Viola;
127549;Flavio Mieli;0;Serpenti Dorati;Oro e Rosso;Serpenti Dorati
127550;Giovanni Lorenzo Bruno Ganeri;0;Pantere Rosa;Rosa e Grigio;Pantere Fiere
127551;Tana Augello;0;Ippopotami Viola;Viola e Oro;
127552;Cristano Demasi;0;Scorpioni Rossi;Giallo e Verde;Scorpioni d'Acciaio
127553;Marinella Rojc;0;Pantere Rosa;Rosa e Grigio;Pantere Fiere
127554;Tarcisio Leoni;0;Coccodrilli Verdi;Verde e Marrone;Coccodrilli d'Acciaio
127555;Mauro Maria Petrucci;0;Squali Azzurri;Azzurro e Bianco;Predatori del Mare
127556;Gaetano Antonio Gramazio;0;Rinoceronti Blu;Verde e Argento;Rino Blu
127557;Anna Cinzia Fede;0;Cinghiali Selvaggi;Marrone e Verde;Cinghiali Ruggenti
127558;Gianclaudio Castiglione;0;Falchi Grigi;Grigio e Nero;Falchi del Vento
127559;Antonio Salvatore Fina;0;Serpenti Dorati;Oro e Rosso;Serpenti Dorati
127560;Marco Dirindin;0;Gufi Notturni;Viola e Grigio;Occhi nella Notte
127561;Sebastiano Acciarini;0;Elefanti Grigi;Nero e Bianco;Elefanti Titanici
127562;Adele Ricchiuti;0;Pavoni Reali;Oro e Viola;Ali Reali
127563;Vilma Abate;0;Dragoni Rossi;Rosso e Nero;Fiamme Rosse
127564;Mauro Antonio Donato Petrenga;0;Tigri Nere;Nero e Arancione;Tigri Infuocate
127565;Giuseppe Luigi Salvatore Centaro;0;Pantere Rosa;Rosa e Grigio;Pantere Fiere
127566;Andrea Carmine Scoma;0;Orsi Polari;Bianco e Blu;
127567;Bachisio Silvio Naturale;0;Fenici Rosse;Rosso e Arancione;Ali di Fuoco
127568;Linda Durnwalder;0;Tigri Nere;Nero e Arancione;Tigri Infuocate
127569;Lorenzo Matrisciano;0;Ippopotami Viola;Viola e Oro;
127570;Pierpaolo Pertoldi;0;Dragoni Rossi;Rosso e Nero;Fiamme Rosse
127571;Antonino Senese;0;Ippopotami Viola;Viola e Oro;
127572;Michela Storace;0;Leoni Dorati;Giallo e Nero;Leoni Ruggenti
127573;Elisa Cossiga;0;Cinghiali Selvaggi;Marrone e Verde;Cinghiali Ruggenti
127574;Libero Cantalamessa;0;Pinguini Polari;Bianco e Nero;
127575;Manfredi Giacobbe;0;Tigri Nere;Nero e Arancione;Tigri Infuocate
127576;Gilberto Milo;0;Zebre Striate;Bianco e Rosso;Zebre Elettriche
127577;Serenella Vono;0;Leoni Dorati;Giallo e Nero;Leoni Ruggenti
127578;Matteo Tesei;0;Rinoceronti Blu;Verde e Argento;Rino Blu
127579;Francesco Antonio Banti;0;Dragoni Rossi;Rosso e Nero;Fiamme Rosse
127580;Vidmer Mazzella;0;Coccodrilli Verdi;Verde e Marrone;Coccodrilli d'Acciaio
127581;Arnaldo Novi;0;Squali Azzurri;Azzurro e Bianco;Predatori del Mare
127582;Stelio Barbolini;0;Lupi del Nord;Bianco e Grigio;Ululati del Nord
127583;Virginia Pianasso;0;Fenici Rosse;Rosso e Arancione;Ali di Fuoco
127584;Massimo Franceschelli;0;Fenici Rosse;Rosso e Arancione;Ali di Fuoco
127585;Mauro Maria Gubert;0;Squali Azzurri;Azzurro e Bianco;Predatori del Mare
127586;Donato Tommaso Pucciarelli;0;Delfini Argentati;Argento e Nero;Onde Argentate
127587;Italo Verro;0;Fulmini Verdi;Verde e Giallo;Lampi Verdi
127588;Domenica Causin;0;Cinghiali Selvaggi;Marrone e Verde;Cinghiali Ruggenti
127589;Daniela Mazzuconi;0;Cavalli Selvaggi;Rosso e Argento;Cavalieri Selvaggi
127590;Gianluca Montagna;0;Scorpioni Rossi;Giallo e Verde;Scorpioni d'Acciaio
127591;Severino Toninelli;0;Rinoceronti Blu;Verde e Argento;Rino Blu
127592;Filadelfio Guido Idem;0;Cavalli Selvaggi;Rosso e Argento;Cavalieri Selvaggi
127593;Magda Angela Archiutti;0;Leoni Dorati;Giallo e Nero;Leoni Ruggenti
127594;Furio Zilio;0;Cinghiali Selvaggi;Marrone e Verde;Cinghiali Ruggenti
127595;Bruno Lisi;0;Cinghiali Selvaggi;Marrone e Verde;Cinghiali Ruggenti
127596;Lucia Scilipoti Isgro';0;Pinguini Polari;Bianco e Nero;
127597;Sergio Giarrusso;0;Delfini Argentati;Argento e Nero;Onde Argentate
127598;Niccolo' Poli Bortone;0;Aquile Blu;Blu e Bianco;Aquile Volanti
127599;Flavio Valpiana;0;Pinguini Polari;Bianco e Nero;
127600;Marinella Reccia;0;Falchi Grigi;Grigio e Nero;Falchi del Vento
127601;Stelio Liotta;0;Cavalli Selvaggi;Rosso e Argento;Cavalieri Selvaggi
127602;Furio Fallucchi;0;Scorpioni Rossi;Giallo e Verde;Scorpioni d'Acciaio
127603;Rosa Rosa;0;Ippopotami Viola;Viola e Oro;
127604;Angelo Camusso;0;Falchi Grigi;Grigio e Nero;Falchi del Vento
127605;Maria Teresa Fausti;0;Fulmini Verdi;Verde e Giallo;Lampi Verdi
127606;Tommaso Emprin Gilardini;0;Cavalieri d'Argento;Argento e Blu;
127607;Cesare Segre;0;Leoni Dorati;Giallo e Nero;Leoni Ruggenti
127608;Tiziana Carmela Rosaria Bastico;0;Delfini Argentati;Argento e Nero;Onde Argentate
127609;Tony Chike La Marca;0;Rinoceronti Blu;Verde e Argento;Rino Blu
127610;Costantino Lanzi;0;Cavalli Selvaggi;Rosso e Argento;Cavalieri Selvaggi
127611;Tullio Faraone;0;Gufi Notturni;Viola e Grigio;Occhi nella Notte
127612;Augusto Monticone;0;Cinghiali Selvaggi;Marrone e Verde;Cinghiali Ruggenti
127613;Beatrice Spinelli;0;Ippopotami Viola;Viola e Oro;
127614;Gianpaolo Balboni;0;Camaleonti Arcobaleno;Blu e Verde;Camaleonti Magici
127615;Fiammetta Vallone;0;Rinoceronti Blu;Verde e Argento;Rino Blu
127616;Maria Antonietta Capelli;0;Leoni Dorati;Giallo e Nero;Leoni Ruggenti
127617;Furio Maffioli;0;Lupi del Nord;Bianco e Grigio;Ululati del Nord
127618;Rosa Migone;0;Delfini Argentati;Argento e Nero;Onde Argentate
127619;Giuseppe Occhetto;0;Fulmini Verdi;Verde e Giallo;Lampi Verdi
127620;Demetrio Valdinosi;0;Aquile Blu;Blu e Bianco;Aquile Volanti
127621;Renato Guerino Cassinelli;0;Corvi della Tempesta;Grigio e Blu;Tempesta Oscura
127622;Stefania Gabriella Anastasia Marcucci;0;Fenici Rosse;Rosso e Arancione;Ali di Fuoco
127623;Antonio Stefano Della Monica;0;Serpenti Dorati;Oro e Rosso;Serpenti Dorati
127624;Gregorio Romano;0;Aquile Blu;Blu e Bianco;Aquile Volanti
127625;Massimo Vittorio Bertacco;0;Dragoni Rossi;Rosso e Nero;Fiamme Rosse
127626;Gaetano Franceschini;0;Pavoni Reali;Oro e Viola;Ali Reali
127627;Gavino Nardini;0;Cavalli Selvaggi;Rosso e Argento;Cavalieri Selvaggi
127628;Romano Magliocchetti;0;Squali Azzurri;Azzurro e Bianco;Predatori del Mare
127629;Simonetta Coronella;0;Gatti Neri;Nero e Viola;
127630;Bruno Basile;0;Dragoni Rossi;Rosso e Nero;Fiamme Rosse
127631;Salvatore Tito Tirelli;0;Tigri Nere;Nero e Arancione;Tigri Infuocate
127632;Manuel Durigon;0;Scorpioni Rossi;Giallo e Verde;Scorpioni d'Acciaio
127633;Elia Gaglione;0;Dragoni Rossi;Rosso e Nero;Fiamme Rosse
127634;Rosa Valente;0;Tigri Nere;Nero e Arancione;Tigri Infuocate
127635;Maria Chiara Di Nardo;0;Coccodrilli Verdi;Verde e Marrone;Coccodrilli d'Acciaio
127636;Manuela Palermo;0;Fenici Rosse;Rosso e Arancione;Ali di Fuoco
127637;Nicoletta Follieri;0;Pavoni Reali;Oro e Viola;Ali Reali
127638;Vittoria Francesca Maria Polito;0;Cavalli Selvaggi;Rosso e Argento;Cavalieri Selvaggi
127639;Patrizio Di Lello Finuoli;0;Orsi Polari;Bianco e Blu;
127640;Adele Viserta Costantini;0;Lupi del Nord;Bianco e Grigio;Ululati del Nord
127641;Gino Rubbia;0;Serpenti Dorati;Oro e Rosso;Serpenti Dorati
127642;Mario Ciarrapico;0;Falchi Grigi;Grigio e Nero;Falchi del Vento
127643;Walter Guasti;0;Fulmini Verdi;Verde e Giallo;Lampi Verdi
127644;Rosario Fornaro;0;Pinguini Polari;Bianco e Nero;
127645;Maria Claudia Morgando;0;Aquile Blu;Blu e Bianco;Aquile Volanti
127646;Ortensio Dell'olio;0;Falchi Grigi;Grigio e Nero;Falchi del Vento
127647;Karl Di Piazza;0;Dragoni Rossi;Rosso e Nero;Fiamme Rosse
127648;Beppe Monti;0;Tigri Nere;Nero e Arancione;Tigri Infuocate
127649;Enzo Giorgio Secondo Morelli;0;Cavalli Selvaggi;Rosso e Argento;Cavalieri Selvaggi
127650;Ettore Antonio Ripamonti;0;Rinoceronti Blu;Verde e Argento;Rino Blu
127651;Pippo Pirondini;0;Falchi Grigi;Grigio e Nero;Falchi del Vento
127652;Stefano Fontana;0;Tigri Nere;Nero e Arancione;Tigri Infuocate
127653;Accursio Dessi';0;Lupi del Nord;Bianco e Grigio;Ululati del Nord
127654;Dafne Callegaro;0;Pinguini Polari;Bianco e Nero;
127655;Orietta Cucca;0;Dragoni Rossi;Rosso e Nero;Fiamme Rosse
127656;Edo Marini;0;Volpi del Bosco;Blu e Rosso;Volpi Veloci
127657;Gianpiero Vattuone;0;Scorpioni Rossi;Giallo e Verde;Scorpioni d'Acciaio
127658;Cristiano Misiani;0;Gufi Notturni;Viola e Grigio;Occhi nella Notte
127659;Angelica Maran;0;Fulmini Verdi;Verde e Giallo;Lampi Verdi
127660;Francesco Bogo Deledda;0;Pantere Rosa;Rosa e Grigio;Pantere Fiere
127661;Enzo Giorgio Secondo Cirinna';0;Squali Azzurri;Azzurro e Bianco;Predatori del Mare
127662;Oscar Luigi De Carolis;0;Leoni Dorati;Giallo e Nero;Leoni Ruggenti
127663;Ciro Stanca;0;Camaleonti Arcobaleno;Blu e Verde;Camaleonti Magici
127664;Nazario Parrini;0;Delfini Argentati;Argento e Nero;Onde Argentate
127665;Gelsomina Petrenga;0;Serpenti Dorati;Oro e Rosso;Serpenti Dorati
127666;Maria Luisa Fantetti;0;Fulmini Verdi;Verde e Giallo;Lampi Verdi
127667;Giovanna Castro;0;Zebre Striate;Bianco e Rosso;Zebre Elettriche
127668;Giusy Pionati;0;Fenici Rosse;Rosso e Arancione;Ali di Fuoco
127669;Nunzia Cintola;0;Rinoceronti Blu;Verde e Argento;Rino Blu
127670;Venera Michelini;0;Pantere Rosa;Rosa e Grigio;Pantere Fiere
127671;Maria Stanca;0;Gatti Neri;Nero e Viola;
127672;Marco Terracini;0;Pavoni Reali;Oro e Viola;Ali Reali
127673;Gianvittorio Coronella;0;Corvi della Tempesta;Grigio e Blu;Tempesta Oscura
127674;Carla Gubert;0;Serpenti Dorati;Oro e Rosso;Serpenti Dorati
127675;Daria Astore;0;Gufi Notturni;Viola e Grigio;Occhi nella Notte
127676;Raffaella Delrio;0;Scorpioni Rossi;Giallo e Verde;Scorpioni d'Acciaio
127677;Gino Emprin Gilardini;0;Camaleonti Arcobaleno;Blu e Verde;Camaleonti Magici
127678;Camilla Barbato;0;Tigri Nere;Nero e Arancione;Tigri Infuocate
127679;Bernabo' Donadi;0;Lupi del Nord;Bianco e Grigio;Ululati del Nord
127680;Luciana Zuccherini;0;Cinghiali Selvaggi;Marrone e Verde;Cinghiali Ruggenti
127681;Vincenzo Ventucci;0;Falchi Grigi;Grigio e Nero;Falchi del Vento
127682;Raffaella Fiormaria Sodano;0;Elefanti Grigi;Nero e Bianco;Elefanti Titanici
127683;Ferdinando Rojc;0;Squali Azzurri;Azzurro e Bianco;Predatori del Mare
127684;Renato Serafini;0;Zebre Striate;Bianco e Rosso;Zebre Elettriche
127685;Gian Carlo Rapani;0;Dragoni Rossi;Rosso e Nero;Fiamme Rosse
127686;Pierluigi Palmizio;0;Elefanti Grigi;Nero e Bianco;Elefanti Titanici
127687;Rocco Nocerino;0;Cavalieri d'Argento;Argento e Blu;
127688;Tommaso De Siano;0;Zebre Striate;Bianco e Rosso;Zebre Elettriche
127689;Ida Scopelliti;0;Tigri Nere;Nero e Arancione;Tigri Infuocate
127690;Milos Biancofiore;0;Elefanti Grigi;Nero e Bianco;Elefanti Titanici
127691;Pietro Villari;0;Camaleonti Arcobaleno;Blu e Verde;Camaleonti Magici
127692;Ombretta Maria Moscardelli;0;Fulmini Verdi;Verde e Giallo;Lampi Verdi
127693;Vittoria Francesca Maria Satta;0;Pavoni Reali;Oro e Viola;Ali Reali
127694;Nicolo' Zullo;0;Aquile Reali;Blu e Oro;Reali del Cielo
127695;Loredana Bonino;0;Cavalieri d'Argento;Argento e Blu;
127696;Raffaella Matteoli;0;Pinguini Polari;Bianco e Nero;
127697;Esteban Juan Franco;0;Serpenti Dorati;Oro e Rosso;Serpenti Dorati
127698;Lorenzo Emilio Matrisciano;0;Pinguini Polari;Bianco e Nero;
127699;Francesco Enrico Bagnai;0;Elefanti Grigi;Nero e Bianco;Elefanti Titanici
127700;Sonia Morgoni;0;Leoni Dorati;Giallo e Nero;Leoni Ruggenti
127701;Leonardo Forcieri;0;Cavalli Selvaggi;Rosso e Argento;Cavalieri Selvaggi
127702;Sergio Lomuti;0;Pinguini Polari;Bianco e Nero;
127703;Giancarlo Torrisi;0;Zebre Striate;Bianco e Rosso;Zebre Elettriche
127704;Lino Bonavita;0;Aquile Reali;Blu e Oro;Reali del Cielo
127705;Alan Bettini;0;Delfini Argentati;Argento e Nero;Onde Argentate
127706;Michelina Scalfaro;0;Scorpioni Rossi;Giallo e Verde;Scorpioni d'Acciaio
127707;Rocco Bonaiuti;0;Pantere Rosa;Rosa e Grigio;Pantere Fiere
127708;Raffaela Borioli;0;Fenici Rosse;Rosso e Arancione;Ali di Fuoco
127709;Renato Auddino;0;Delfini Argentati;Argento e Nero;Onde Argentate
127710;Meinhard Adduce;0;Cavalli Selvaggi;Rosso e Argento;Cavalieri Selvaggi
127711;Erminia Ortolani;0;Scorpioni Rossi;Giallo e Verde;Scorpioni d'Acciaio
127712;Alberto Felice Simone Pellicini;0;Aquile Blu;Blu e Bianco;Aquile Volanti
127713;Renato Guerino Debenedetti;0;Cavalieri d'Argento;Argento e Blu;
127714;Livia De Luca;0;Corvi della Tempesta;Grigio e Blu;Tempesta Oscura
127715;Cosimo Verdini;0;Tigri Nere;Nero e Arancione;Tigri Infuocate
127716;Erica Maritati;0;Tigri Nere;Nero e Arancione;Tigri Infuocate
127717;Tamara Granaiola;0;Cavalieri d'Argento;Argento e Blu;
127718;Gian Piero Maiorino;0;Elefanti Grigi;Nero e Bianco;Elefanti Titanici
127719;Lucrezia Pirondini;0;Falchi Grigi;Grigio e Nero;Falchi del Vento
127720;Enzo Grimani;0;Falchi Grigi;Grigio e Nero;Falchi del Vento
127721;Ida Maria Boscetto;0;Dragoni Rossi;Rosso e Nero;Fiamme Rosse
127722;Fulvio Cesaro;0;Fenici Rosse;Rosso e Arancione;Ali di Fuoco
127723;Rosa Silvana Castellani;0;Squali Azzurri;Azzurro e Bianco;Predatori del Mare
127724;Marino Germano Ceruti;0;Leoni Dorati;Giallo e Nero;Leoni Ruggenti
127725;Francesco Saverio Arlacchi;0;Zebre Striate;Bianco e Rosso;Zebre Elettriche
127726;Gian Piero Candiani;0;Pantere Rosa;Rosa e Grigio;Pantere Fiere
127727;Venera Langella;0;Delfini Argentati;Argento e Nero;Onde Argentate
127728;Marco Guzzanti;0;Rinoceronti Blu;Verde e Argento;Rino Blu
127729;Carlo Azeglio Laforgia;0;Squali Azzurri;Azzurro e Bianco;Predatori del Mare
127730;Serenella Zangrillo;0;Gufi Notturni;Viola e Grigio;Occhi nella Notte
127731;Cristina Giro;0;Lupi del Nord;Bianco e Grigio;Ululati del Nord
127732;Gustavo Pianasso;0;Pinguini Polari;Bianco e Nero;
127733;Mariastella Damante;0;Scorpioni Rossi;Giallo e Verde;Scorpioni d'Acciaio
127734;Silvestro Bergonzi;0;Coccodrilli Verdi;Verde e Marrone;Coccodrilli d'Acciaio
127735;Karl Marcora;0;Rinoceronti Blu;Verde e Argento;Rino Blu
127736;Ruggiero Colucci;0;Rinoceronti Blu;Verde e Argento;Rino Blu
127737;Valentino Novi;0;Cavalli Selvaggi;Rosso e Argento;Cavalieri Selvaggi
127738;Mariastella Piloni;0;Gatti Neri;Nero e Viola;
127739;Patrizio Silvestro;0;Ippopotami Viola;Viola e Oro;
127740;Ulisse Modica;0;Aquile Blu;Blu e Bianco;Aquile Volanti
127741;Fosco Cantini;0;Aquile Blu;Blu e Bianco;Aquile Volanti
127742;Nicola Di Orio;0;Elefanti Grigi;Nero e Bianco;Elefanti Titanici
127743;Lionello Bizzotto;0;Lupi del Nord;Bianco e Grigio;Ululati del Nord
127744;Gianni Pietro Silvestroni;0;Pavoni Reali;Oro e Viola;Ali Reali
127745;Franco Costantino Cardiello;0;Cinghiali Selvaggi;Marrone e Verde;Cinghiali Ruggenti
127746;Anna Carmela Scognamiglio Pasini;0;Ippopotami Viola;Viola e Oro;
127747;Emilio Boco;0;Volpi del Bosco;Blu e Rosso;Volpi Veloci
127748;Jonny Granaiola;0;Fenici Rosse;Rosso e Arancione;Ali di Fuoco
127749;Tancredi Ladu;0;Aquile Reali;Blu e Oro;Reali del Cielo
127750;Cristina Pizzinato;0;Coccodrilli Verdi;Verde e Marrone;Coccodrilli d'Acciaio
127751;Fiorenza Bucciero;0;Aquile Blu;Blu e Bianco;Aquile Volanti
127752;Gian Marco Bagnai;0;Aquile Reali;Blu e Oro;Reali del Cielo
127753;Gianpiero Alfonzi;0;Ippopotami Viola;Viola e Oro;
127754;Nunziante Di Nardo;0;Dragoni Rossi;Rosso e Nero;Fiamme Rosse
127755;Sabina Cassano;0;Cavalli Selvaggi;Rosso e Argento;Cavalieri Selvaggi
127756;Ombretta Maria Libe';0;Pantere Rosa;Rosa e Grigio;Pantere Fiere
127757;Tiziana Gabana;0;Fenici Rosse;Rosso e Arancione;Ali di Fuoco
127758;Sabrina Maffioli;0;Dragoni Rossi;Rosso e Nero;Fiamme Rosse
127759;Ettore Bini;0;Scorpioni Rossi;Giallo e Verde;Scorpioni d'Acciaio
127760;Antonio Garavini;0;Scorpioni Rossi;Giallo e Verde;Scorpioni d'Acciaio
127761;Calogero Zanoletti;0;Falchi Grigi;Grigio e Nero;Falchi del Vento
127762;Nadia Bucci;0;Leoni Dorati;Giallo e Nero;Leoni Ruggenti
127763;Aurelio Giuseppe Rubbia;0;Cinghiali Selvaggi;Marrone e Verde;Cinghiali Ruggenti
127764;Emilio Nicola Rognoni;0;Aquile Reali;Blu e Oro;Reali del Cielo
127765;Milziade Naccarato;0;Serpenti Dorati;Oro e Rosso;Serpenti Dorati
127766;Antonio Salvatore Lorusso;0;Tigri Nere;Nero e Arancione;Tigri Infuocate
127767;Roberto Maria Ferdinando Forlani;0;Leoni Dorati;Giallo e Nero;Leoni Ruggenti
127768;Alessandro Giro;0;Pinguini Polari;Bianco e Nero;
127769;Antonio Franco Schifani;0;Ippopotami Viola;Viola e Oro;
127770;Antonio Salvatore Lo Moro;0;Pinguini Polari;Bianco e Nero;
127771;Ulisse Barba;0;Fenici Rosse;Rosso e Arancione;Ali di Fuoco
127772;Rosa Del Pennino;0;Gatti Neri;Nero e Viola;
127773;Giovanni Pietro Forte;0;Pavoni Reali;Oro e Viola;Ali Reali
127774;Antonio Michele Bonfrisco;0;Coccodrilli Verdi;Verde e Marrone;Coccodrilli d'Acciaio
127775;Michela Rusconi;0;Fulmini Verdi;Verde e Giallo;Lampi Verdi
127776;Lara Latorre;0;Leoni Dorati;Giallo e Nero;Leoni Ruggenti
127777;Guido Walter Cesare Andreotti;0;Ippopotami Viola;Viola e Oro;
127778;Leonzio Cherchi;0;Leoni Dorati;Giallo e Nero;Leoni Ruggenti
127779;Donella Tecce;0;Cinghiali Selvaggi;Marrone e Verde;Cinghiali Ruggenti
127780;Dario Pecoraro Scanio;0;Zebre Striate;Bianco e Rosso;Zebre Elettriche
127781;Piero Fasiolo;0;Cinghiali Selvaggi;Marrone e Verde;Cinghiali Ruggenti
127782;Gavino Lasagna;0;Pantere Rosa;Rosa e Grigio;Pantere Fiere
127783;Sante Gelmetti;0;Rinoceronti Blu;Verde e Argento;Rino Blu
127784;Ester Ghigo;0;Cavalli Selvaggi;Rosso e Argento;Cavalieri Selvaggi
127785;Fulvia Michela Perosino;0;Pavoni Reali;Oro e Viola;Ali Reali
127786;Clemente Carpinelli;0;Orsi Polari;Bianco e Blu;
127787;Manfred Botto;0;Delfini Argentati;Argento e Nero;Onde Argentate
127788;Cecilia Mascioni;0;Leoni Dorati;Giallo e Nero;Leoni Ruggenti
127789;Barbara Dreosto;0;Dragoni Rossi;Rosso e Nero;Fiamme Rosse
127790;Maria Cristina Caruso;0;Fenici Rosse;Rosso e Arancione;Ali di Fuoco
127791;Giovanni Vittorio Giacobbe;0;Delfini Argentati;Argento e Nero;Onde Argentate
127792;Lamberto De Lucia;0;Dragoni Rossi;Rosso e Nero;Fiamme Rosse
127793;Giovanna Augello;0;Fenici Rosse;Rosso e Arancione;Ali di Fuoco
127794;Annalisa Mallegni;0;Zebre Striate;Bianco e Rosso;Zebre Elettriche
127795;Egidio Enrico Manara;0;Volpi del Bosco;Blu e Rosso;Volpi Veloci
127796;Emilio Paolo Lauria;0;Squali Azzurri;Azzurro e Bianco;Predatori del Mare
127797;Alberto Pietro Maria Centaro;0;Ippopotami Viola;Viola e Oro;
127798;Gaetano Rigo;0;Cinghiali Selvaggi;Marrone e Verde;Cinghiali Ruggenti
127799;Christian Magnolfi;0;Rinoceronti Blu;Verde e Argento;Rino Blu
127800;Lino Di Stefano;0;Gatti Neri;Nero e Viola;
127801;Virginia Galioto;0;Fulmini Verdi;Verde e Giallo;Lampi Verdi
127802;Raoul Valentino;0;Lupi del Nord;Bianco e Grigio;Ululati del Nord
127803;Franco Ladu;0;Gatti Neri;Nero e Viola;
127804;Tilde Barelli;0;Pantere Rosa;Rosa e Grigio;Pantere Fiere
127805;Angela Anna Bruna Sisler;0;Pantere Rosa;Rosa e Grigio;Pantere Fiere
127806;Emiddio Delrio;0;Pavoni Reali;Oro e Viola;Ali Reali
127807;Tiziana Campanella;0;Volpi del Bosco;Blu e Rosso;Volpi Veloci
127808;Rosaria Salvini;0;Aquile Blu;Blu e Bianco;Aquile Volanti
127809;Edoardo Ruta;0;Lupi del Nord;Bianco e Grigio;Ululati del Nord
127810;Alberto Felice Simone Gustavino;0;Dragoni Rossi;Rosso e Nero;Fiamme Rosse
127811;Carlo Luigi Caponi;0;Volpi del Bosco;Blu e Rosso;Volpi Veloci
127812;Emanuele De Castro;0;Gufi Notturni;Viola e Grigio;Occhi nella Notte
127813;Meinhard Archiutti;0;Dragoni Rossi;Rosso e Nero;Fiamme Rosse
127814;Annalisa Stanisci;0;Cavalieri d'Argento;Argento e Blu;
127815;Anna Carmela Follini;0;Ippopotami Viola;Viola e Oro;
127816;Marcello Servello;0;Camaleonti Arcobaleno;Blu e Verde;Camaleonti Magici
127817;Davide Versace;0;Gufi Notturni;Viola e Grigio;Occhi nella Notte
127818;Adriano Chiurazzi;0;Camaleonti Arcobaleno;Blu e Verde;Camaleonti Magici
127819;Danila Izzo;0;Zebre Striate;Bianco e Rosso;Zebre Elettriche
127820;Jose' Luiz Giorgis;0;Fulmini Verdi;Verde e Giallo;Lampi Verdi
127821;Ricardo Antonio Calderoli;0;Pantere Rosa;Rosa e Grigio;Pantere Fiere
127822;Nedo Lorenzo De Bonis;0;Coccodrilli Verdi;Verde e Marrone;Coccodrilli d'Acciaio
127823;Ulisse Gaudiano;0;Dragoni Rossi;Rosso e Nero;Fiamme Rosse
127824;Simone Salini;0;Falchi Grigi;Grigio e Nero;Falchi del Vento
127825;Luciano Chiavaroli;0;Scorpioni Rossi;Giallo e Verde;Scorpioni d'Acciaio
127826;Altero Galardi;0;Aquile Reali;Blu e Oro;Reali del Cielo
127827;Ivan Carrara;0;Elefanti Grigi;Nero e Bianco;Elefanti Titanici
127828;Aventino Pedrazzini;0;Lupi del Nord;Bianco e Grigio;Ululati del Nord
127829;Aurora Valletta;0;Falchi Grigi;Grigio e Nero;Falchi del Vento
127830;Pamela Giacoma Giovanna Porcari;0;Aquile Reali;Blu e Oro;Reali del Cielo
127831;Susy Vimercati;0;Cavalieri d'Argento;Argento e Blu;
127832;Milziade Lago;0;Scorpioni Rossi;Giallo e Verde;Scorpioni d'Acciaio
127833;Vittorio Biancofiore;0;Leoni Dorati;Giallo e Nero;Leoni Ruggenti
127834;Pierantonio Sterpa;0;Rinoceronti Blu;Verde e Argento;Rino Blu
127835;Baldassare Spagnolli;0;Delfini Argentati;Argento e Nero;Onde Argentate
127836;Stelio Lauria;0;Squali Azzurri;Azzurro e Bianco;Predatori del Mare
127837;Cinzia Maninetti;0;Corvi della Tempesta;Grigio e Blu;Tempesta Oscura
127838;Claudio Basile;0;Scorpioni Rossi;Giallo e Verde;Scorpioni d'Acciaio
127839;Giovanni Pietro Ancorotti;0;Cinghiali Selvaggi;Marrone e Verde;Cinghiali Ruggenti
127840;Gregorio Montani;0;Serpenti Dorati;Oro e Rosso;Serpenti Dorati
127841;Antonio Stefano Vaccari;0;Leoni Dorati;Giallo e Nero;Leoni Ruggenti
127842;Lavinia Pignedoli;0;Falchi Grigi;Grigio e Nero;Falchi del Vento
127843;Barbara Sella Di Monteluce;0;Coccodrilli Verdi;Verde e Marrone;Coccodrilli d'Acciaio
127844;Costanzo Ferrari;0;Lupi del Nord;Bianco e Grigio;Ululati del Nord
127845;Giuseppe Onorato Benito Cecchi Gori;0;Aquile Blu;Blu e Bianco;Aquile Volanti
127846;Manuel Tronti;0;Corvi della Tempesta;Grigio e Blu;Tempesta Oscura
127847;Giampaolo Pellegrini;0;Tigri Nere;Nero e Arancione;Tigri Infuocate
127848;Mario Salvitti;0;Gatti Neri;Nero e Viola;
127849;Ettore Pietro Ferro;0;Orsi Polari;Bianco e Blu;
127850;Carla Favero;0;Pinguini Polari;Bianco e Nero;
127851;Stefano Menia;0;Dragoni Rossi;Rosso e Nero;Fiamme Rosse
127852;Danilo Scopelliti;0;Orsi Polari;Bianco e Blu;
127853;Luciana Diana;0;Falchi Grigi;Grigio e Nero;Falchi del Vento
127854;Ciro Pirro;0;Serpenti Dorati;Oro e Rosso;Serpenti Dorati
127855;Fedele De Luca;0;Dragoni Rossi;Rosso e Nero;Fiamme Rosse
127856;Marzia Toniolli;0;Scorpioni Rossi;Giallo e Verde;Scorpioni d'Acciaio
127857;Ortensio Pittelli;0;Ippopotami Viola;Viola e Oro;
127858;Vittoria Francesca Maria Taricco;0;Rinoceronti Blu;Verde e Argento;Rino Blu
127859;Eugenio Mario Calandrini;0;Coccodrilli Verdi;Verde e Marrone;Coccodrilli d'Acciaio
127860;Helga Crino';0;Pantere Rosa;Rosa e Grigio;Pantere Fiere
127861;Gianpaolo Corrao;0;Volpi del Bosco;Blu e Rosso;Volpi Veloci
127862;Dieter Campari;0;Cavalli Selvaggi;Rosso e Argento;Cavalieri Selvaggi
127863;Diodato (darko) Boccardi;0;Leoni Dorati;Giallo e Nero;Leoni Ruggenti
127864;Urania Giulia Rosina Aiello;0;Tigri Nere;Nero e Arancione;Tigri Infuocate
127865;Alessandro Fruscio;0;Delfini Argentati;Argento e Nero;Onde Argentate
127866;Umberto Polledri;0;Aquile Blu;Blu e Bianco;Aquile Volanti
127867;Remigio Treu;0;Cinghiali Selvaggi;Marrone e Verde;Cinghiali Ruggenti
127868;Stefania Gabriella Anastasia Agnelli;0;Gatti Neri;Nero e Viola;
127869;Michela Sella Di Monteluce;0;Orsi Polari;Bianco e Blu;
127870;Esterino Rigo;0;Cinghiali Selvaggi;Marrone e Verde;Cinghiali Ruggenti
127871;Rosario Giorgio Nardini;0;Fenici Rosse;Rosso e Arancione;Ali di Fuoco
127872;Massimo Vittorio Ruspandini;0;Gatti Neri;Nero e Viola;
127873;Enrico Pedrini;0;Gufi Notturni;Viola e Grigio;Occhi nella Notte
127874;Antonio Salvatore Mancini;0;Gufi Notturni;Viola e Grigio;Occhi nella Notte
127875;Giuseppe Maria Gelmini;0;Cinghiali Selvaggi;Marrone e Verde;Cinghiali Ruggenti
127876;Christian Richetti;0;Aquile Reali;Blu e Oro;Reali del Cielo
127877;Nedo Lorenzo Mieli;0;Scorpioni Rossi;Giallo e Verde;Scorpioni d'Acciaio
127878;Albert Ladu;0;Elefanti Grigi;Nero e Bianco;Elefanti Titanici
127879;Anna Cinzia Lanzillotta;0;Scorpioni Rossi;Giallo e Verde;Scorpioni d'Acciaio
127880;Albertino Dini;0;Serpenti Dorati;Oro e Rosso;Serpenti Dorati
127881;Concetto Lumia;0;Coccodrilli Verdi;Verde e Marrone;Coccodrilli d'Acciaio
127882;Giuseppe Maria Coltorti;0;Delfini Argentati;Argento e Nero;Onde Argentate
127883;Costanzo De Lillo;0;Falchi Grigi;Grigio e Nero;Falchi del Vento
127884;Fiammetta Morselli;0;Aquile Blu;Blu e Bianco;Aquile Volanti
127885;Vito Rigoni;0;Orsi Polari;Bianco e Blu;
127886;Sandro Piarulli;0;Pantere Rosa;Rosa e Grigio;Pantere Fiere
127887;Nuccio Boco;0;Elefanti Grigi;Nero e Bianco;Elefanti Titanici
127888;Giorgio Maria Casoli;0;Cinghiali Selvaggi;Marrone e Verde;Cinghiali Ruggenti
127889;Renato Zanda;0;Aquile Reali;Blu e Oro;Reali del Cielo
127890;Gian Guido Giaretta;0;Serpenti Dorati;Oro e Rosso;Serpenti Dorati
127891;Angelica Bellanova;0;Lupi del Nord;Bianco e Grigio;Ululati del Nord
127892;Antonio Franco Manara;0;Scorpioni Rossi;Giallo e Verde;Scorpioni d'Acciaio
127893;Valter Contestabile;0;Cavalieri d'Argento;Argento e Blu;
127894;Teresa Ricchiuti;0;Squali Azzurri;Azzurro e Bianco;Predatori del Mare
127895;Josefa Fattori;0;Cavalieri d'Argento;Argento e Blu;
127896;Eugenio Mario Brignone;0;Cavalli Selvaggi;Rosso e Argento;Cavalieri Selvaggi
127897;Bruno Fausti;0;Pavoni Reali;Oro e Viola;Ali Reali
127898;Maria Virginia Aloisio;0;Scorpioni Rossi;Giallo e Verde;Scorpioni d'Acciaio
127899;Alan Lo Moro;0;Squali Azzurri;Azzurro e Bianco;Predatori del Mare
127900;Salvatore Tito Bornacin;0;Aquile Blu;Blu e Bianco;Aquile Volanti
127901;Rocco Giammanco;0;Lupi del Nord;Bianco e Grigio;Ululati del Nord
127902;Urania Giulia Rosina Barbolini;0;Squali Azzurri;Azzurro e Bianco;Predatori del Mare
127903;Maria Virginia Verdini;0;Serpenti Dorati;Oro e Rosso;Serpenti Dorati
127904;Aventino Sanzarello;0;Gufi Notturni;Viola e Grigio;Occhi nella Notte
127905;Liborio Paragone;0;Aquile Reali;Blu e Oro;Reali del Cielo
127906;Anna Carmela Bonfrisco;0;Orsi Polari;Bianco e Blu;
127907;Francesco Enrico Negri;0;Gatti Neri;Nero e Viola;
127908;Jose' Luiz Steger;0;Volpi del Bosco;Blu e Rosso;Volpi Veloci
127909;Augusto Sangalli;0;Aquile Reali;Blu e Oro;Reali del Cielo
127910;Nitto Francesco Pistorio;0;Coccodrilli Verdi;Verde e Marrone;Coccodrilli d'Acciaio
127911;Armin Milo;0;Cavalli Selvaggi;Rosso e Argento;Cavalieri Selvaggi
127912;Tiziana Brutti;0;Fenici Rosse;Rosso e Arancione;Ali di Fuoco
127913;Ida Sangalli;0;Volpi del Bosco;Blu e Rosso;Volpi Veloci
127914;Bachisio Silvio Filograna;0;Ippopotami Viola;Viola e Oro;
127915;Jas Valdinosi;0;Delfini Argentati;Argento e Nero;Onde Argentate
127916;Daniele Giuliano;0;Gufi Notturni;Viola e Grigio;Occhi nella Notte
127917;Gianmauro Abate;0;Rinoceronti Blu;Verde e Argento;Rino Blu
127918;Gabriele Terzi Di Sant'agata;0;Fulmini Verdi;Verde e Giallo;Lampi Verdi
127919;Sabrina Bonavita;0;Delfini Argentati;Argento e Nero;Onde Argentate
127920;Dolores Papatheu;0;Gatti Neri;Nero e Viola;
127921;Armando Tarquinio;0;Cinghiali Selvaggi;Marrone e Verde;Cinghiali Ruggenti
127922;Ciro Thaler Ausserhofer;0;Rinoceronti Blu;Verde e Argento;Rino Blu
127923;Virginia Giovanelli;0;Delfini Argentati;Argento e Nero;Onde Argentate
127924;Giampaolo Vittorio Elio Bellot;0;Cinghiali Selvaggi;Marrone e Verde;Cinghiali Ruggenti
127925;Angelo Michele Ostellari;0;Rinoceronti Blu;Verde e Argento;Rino Blu
127926;Clemente Oliva;0;Orsi Polari;Bianco e Blu;
127927;Goffredo Maria Ronzulli;0;Serpenti Dorati;Oro e Rosso;Serpenti Dorati
127928;Nicoletta Scurria;0;Cavalieri d'Argento;Argento e Blu;
127929;Lodovico Pininfarina;0;Camaleonti Arcobaleno;Blu e Verde;Camaleonti Magici
127930;Luis Alberto Siri;0;Aquile Reali;Blu e Oro;Reali del Cielo
127931;Domenica Basso;0;Pantere Rosa;Rosa e Grigio;Pantere Fiere
127932;Rosario Amorena;0;Squali Azzurri;Azzurro e Bianco;Predatori del Mare
127933;Domenica Granaiola;0;Pavoni Reali;Oro e Viola;Ali Reali
127934;Marcello Puglia;0;Squali Azzurri;Azzurro e Bianco;Predatori del Mare
127935;Vanna Delogu;0;Pantere Rosa;Rosa e Grigio;Pantere Fiere
127936;Fiorello Serra;0;Cinghiali Selvaggi;Marrone e Verde;Cinghiali Ruggenti
127937;Andrea Carmine Mazzoni;0;Tigri Nere;Nero e Arancione;Tigri Infuocate
127938;Annamaria Bagnai;0;Gufi Notturni;Viola e Grigio;Occhi nella Notte
127939;Vita Maria Orsomarso;0;Rinoceronti Blu;Verde e Argento;Rino Blu
127940;Ortensio Stucchi;0;Lupi del Nord;Bianco e Grigio;Ululati del Nord
127941;Roberto Susta;0;Lupi del Nord;Bianco e Grigio;Ululati del Nord
127942;Donato Thaler Ausserhofer;0;Pinguini Polari;Bianco e Nero;
127943;Lucia Mautone;0;Falchi Grigi;Grigio e Nero;Falchi del Vento
127944;Luigi Occhiuto;0;Zebre Striate;Bianco e Rosso;Zebre Elettriche
127945;Nicolo' Bellot;0;Delfini Argentati;Argento e Nero;Onde Argentate
127946;Gianluigi Napolitano;0;Leoni Dorati;Giallo e Nero;Leoni Ruggenti
127947;Alessandra Torrisi;0;Gufi Notturni;Viola e Grigio;Occhi nella Notte
127948;Nico D'ascola;0;Fulmini Verdi;Verde e Giallo;Lampi Verdi
127949;Rita D'ali';0;Gufi Notturni;Viola e Grigio;Occhi nella Notte
127950;Luciano Pelella;0;Dragoni Rossi;Rosso e Nero;Fiamme Rosse
127951;Sauro Fusillo;0;Delfini Argentati;Argento e Nero;Onde Argentate
127952;Simona Nunzia Pagliari;0;Ippopotami Viola;Viola e Oro;
127953;Lanfranco Barbolini;0;Ippopotami Viola;Viola e Oro;
127954;Doriano Battistoni;0;Aquile Blu;Blu e Bianco;Aquile Volanti
127955;Marzia Croatti;0;Cavalli Selvaggi;Rosso e Argento;Cavalieri Selvaggi
127956;Orietta Verini;0;Aquile Blu;Blu e Bianco;Aquile Volanti
127957;Vincenza Gambaro;0;Leoni Dorati;Giallo e Nero;Leoni Ruggenti
127958;Maria Rosaria Montevecchi;0;Falchi Grigi;Grigio e Nero;Falchi del Vento
127959;Emiliano Balboni;0;Delfini Argentati;Argento e Nero;Onde Argentate
127960;Emilio Fornaro;0;Serpenti Dorati;Oro e Rosso;Serpenti Dorati
127961;Eva Ponzo;0;Pavoni Reali;Oro e Viola;Ali Reali
127962;Rosetta Enza Guerrieri Paleotti;0;Fulmini Verdi;Verde e Giallo;Lampi Verdi
127963;Alberto Felice Simone Marano;0;Pinguini Polari;Bianco e Nero;
127964;Bachisio Silvio Andreotti;0;Tigri Nere;Nero e Arancione;Tigri Infuocate
127965;Dino Taviani;0;Zebre Striate;Bianco e Rosso;Zebre Elettriche
127966;Franco Marcora;0;Gatti Neri;Nero e Viola;
127967;Niccolo' Bortolotto;0;Orsi Polari;Bianco e Blu;
127968;Gianclaudio D'ubaldo;0;Pantere Rosa;Rosa e Grigio;Pantere Fiere
127969;Gianmarco Mainardi;0;Serpenti Dorati;Oro e Rosso;Serpenti Dorati
127970;Nando Gnutti;0;Aquile Reali;Blu e Oro;Reali del Cielo
127971;Nicodemo Francesco Sbrana;0;Zebre Striate;Bianco e Rosso;Zebre Elettriche
127972;Rossella Alderisi;0;Gufi Notturni;Viola e Grigio;Occhi nella Notte
127973;Norberto Catalfo;0;Volpi del Bosco;Blu e Rosso;Volpi Veloci
127974;Mariapia Pelella;0;Squali Azzurri;Azzurro e Bianco;Predatori del Mare
127975;Mariangela Barbolini;0;Orsi Polari;Bianco e Blu;
127976;Cesare Cortelloni;0;Pinguini Polari;Bianco e Nero;
127977;Massimiliano Gabana;0;Gatti Neri;Nero e Viola;
127978;Tatjana Scurria;0;Lupi del Nord;Bianco e Grigio;Ululati del Nord
127979;Elena Colla;0;Cavalieri d'Argento;Argento e Blu;
127980;Caterina Fabris;0;Serpenti Dorati;Oro e Rosso;Serpenti Dorati
127981;Peppe Cirami;0;Ippopotami Viola;Viola e Oro;
127982;Rosa Angela Fassone;0;Tigri Nere;Nero e Arancione;Tigri Infuocate
127983;Antonella Piredda;0;Aquile Reali;Blu e Oro;Reali del Cielo
127984;Maria Celeste Marcora;0;Zebre Striate;Bianco e Rosso;Zebre Elettriche
127985;Donella Campus;0;Rinoceronti Blu;Verde e Argento;Rino Blu
127986;Stanislao Bedin;0;Pinguini Polari;Bianco e Nero;
127987;Bianca Laura Scurria;0;Aquile Blu;Blu e Bianco;Aquile Volanti
127988;Tana Borroni;0;Tigri Nere;Nero e Arancione;Tigri Infuocate
127989;Eva Labellarte;0;Leoni Dorati;Giallo e Nero;Leoni Ruggenti
127990;Adele Zedda;0;Fulmini Verdi;Verde e Giallo;Lampi Verdi
127991;Tomaso Negri;0;Squali Azzurri;Azzurro e Bianco;Predatori del Mare
127992;Fosco Pedrini;0;Tigri Nere;Nero e Arancione;Tigri Infuocate
127993;Albertino Manara;0;Pinguini Polari;Bianco e Nero;
127994;Vanni Pavanelli;0;Tigri Nere;Nero e Arancione;Tigri Infuocate
127995;Nino Crosio;0;Pinguini Polari;Bianco e Nero;
127996;Leopoldo Guerra;0;Serpenti Dorati;Oro e Rosso;Serpenti Dorati
127997;Flavio Morgoni;0;Serpenti Dorati;Oro e Rosso;Serpenti Dorati
127998;Vincenzo Totaro;0;Cavalli Selvaggi;Rosso e Argento;Cavalieri Selvaggi
127999;Franco Ucchielli;0;Aquile Reali;Blu e Oro;Reali del Cielo
128000;Antonio Adolfo Maria De Toni;0;Zebre Striate;Bianco e Rosso;Zebre Elettriche
128001;Tommaso Bonino;0;Lupi del Nord;Bianco e Grigio;Ululati del Nord
128002;Maria Laura Liotta;0;Fulmini Verdi;Verde e Giallo;Lampi Verdi
128003;Francesco Enrico Giuliano;0;Leoni Dorati;Giallo e Nero;Leoni Ruggenti
128004;Maria Grazia Butti;0;Pantere Rosa;Rosa e Grigio;Pantere Fiere
128005;Norberto Rubinato;0;Dragoni Rossi;Rosso e Nero;Fiamme Rosse
128006;Agazio Bondi;0;Rinoceronti Blu;Verde e Argento;Rino Blu
128007;Giuseppe Luigi Salvatore De Feo;0;Fulmini Verdi;Verde e Giallo;Lampi Verdi
128008;Pamela Giacoma Giovanna Boscetto;0;Scorpioni Rossi;Giallo e Verde;Scorpioni d'Acciaio
128009;Lucio Alessio Mancuso;0;Zebre Striate;Bianco e Rosso;Zebre Elettriche
128010;Emiliano Laforgia;0;Rinoceronti Blu;Verde e Argento;Rino Blu
128011;Maria Chiara Lanzillotta;0;Volpi del Bosco;Blu e Rosso;Volpi Veloci
128012;Giovanni Lorenzo Nessa;0;Camaleonti Arcobaleno;Blu e Verde;Camaleonti Magici
128013;Milziade Cecchi Gori;0;Cavalieri d'Argento;Argento e Blu;
128014;Elidio Mattesini;0;Fulmini Verdi;Verde e Giallo;Lampi Verdi
128015;Santo Chiaromonte;0;Pinguini Polari;Bianco e Nero;
128016;Giuliano Favero;0;Dragoni Rossi;Rosso e Nero;Fiamme Rosse
128017;Aventino Barani;0;Cinghiali Selvaggi;Marrone e Verde;Cinghiali Ruggenti
128018;Maria Ida De Paoli;0;Scorpioni Rossi;Giallo e Verde;Scorpioni d'Acciaio
128019;Maria Grazia Mulas;0;Falchi Grigi;Grigio e Nero;Falchi del Vento
128020;Tamara Serafini;0;Coccodrilli Verdi;Verde e Marrone;Coccodrilli d'Acciaio
128021;Costantino Doria;0;Camaleonti Arcobaleno;Blu e Verde;Camaleonti Magici
128022;Lidia Rojc;0;Orsi Polari;Bianco e Blu;
128023;Vladimiro Cambursano;0;Pavoni Reali;Oro e Viola;Ali Reali
128024;Annalisa Abbado;0;Cinghiali Selvaggi;Marrone e Verde;Cinghiali Ruggenti
128025;Gian Carlo Colucci;0;Scorpioni Rossi;Giallo e Verde;Scorpioni d'Acciaio
128026;Pasqualino Lorenzo Ferro;0;Gufi Notturni;Viola e Grigio;Occhi nella Notte
128027;Adele Lusi;0;Pinguini Polari;Bianco e Nero;
128028;Luca Turroni;0;Falchi Grigi;Grigio e Nero;Falchi del Vento
128029;Rosario Giorgio Vacciano;0;Pantere Rosa;Rosa e Grigio;Pantere Fiere
128030;Aldo Florino;0;Falchi Grigi;Grigio e Nero;Falchi del Vento
128031;Cinzia Maria Fluttero;0;Pinguini Polari;Bianco e Nero;
128032;Emilio Paolo Cassinelli;0;Leoni Dorati;Giallo e Nero;Leoni Ruggenti
128033;Luigi Sallemi;0;Dragoni Rossi;Rosso e Nero;Fiamme Rosse
128034;Patty Cavallaro;0;Dragoni Rossi;Rosso e Nero;Fiamme Rosse
128035;Doris Girfatti;0;Dragoni Rossi;Rosso e Nero;Fiamme Rosse
128036;Ettore Pietro Pessina;0;Camaleonti Arcobaleno;Blu e Verde;Camaleonti Magici
128037;Saverio Causin;0;Ippopotami Viola;Viola e Oro;
128038;Gianpiero Ceccanti;0;Falchi Grigi;Grigio e Nero;Falchi del Vento
128039;Giulia Castaldi;0;Cavalli Selvaggi;Rosso e Argento;Cavalieri Selvaggi
128040;Marta Ferrante;0;Gatti Neri;Nero e Viola;
128041;Nitto Francesco Crippa;0;Leoni Dorati;Giallo e Nero;Leoni Ruggenti
128042;Sebastiano Galliani;0;Leoni Dorati;Giallo e Nero;Leoni Ruggenti
128043;Gianpiero Giannuzzi;0;Falchi Grigi;Grigio e Nero;Falchi del Vento
128044;Antonello Masini;0;Pavoni Reali;Oro e Viola;Ali Reali
128045;Alfonso Mazzuca Poggiolini;0;Leoni Dorati;Giallo e Nero;Leoni Ruggenti
128046;Fedele Zanone;0;Pavoni Reali;Oro e Viola;Ali Reali
128047;Silvio Emilio Lauria;0;Cinghiali Selvaggi;Marrone e Verde;Cinghiali Ruggenti
128048;Luigi Follini;0;Aquile Reali;Blu e Oro;Reali del Cielo
128049;Guglielmo Dondeynaz;0;Scorpioni Rossi;Giallo e Verde;Scorpioni d'Acciaio
128050;Marilena Scurria;0;Scorpioni Rossi;Giallo e Verde;Scorpioni d'Acciaio
128051;Rocco Vito Piredda;0;Falchi Grigi;Grigio e Nero;Falchi del Vento
128052;Maria Rosaria Dini;0;Coccodrilli Verdi;Verde e Marrone;Coccodrilli d'Acciaio
128053;Mariangela Vertone;0;Lupi del Nord;Bianco e Grigio;Ululati del Nord
128054;Maria Teresa Allocca;0;Gatti Neri;Nero e Viola;
128055;Sonia Satta;0;Pantere Rosa;Rosa e Grigio;Pantere Fiere
128056;Magda Angela Caruso;0;Corvi della Tempesta;Grigio e Blu;Tempesta Oscura
128057;Diodato (darko) Mercatali;0;Coccodrilli Verdi;Verde e Marrone;Coccodrilli d'Acciaio
128058;Albertino Giovanardi;0;Fenici Rosse;Rosso e Arancione;Ali di Fuoco
128059;Italo Endrizzi;0;Cavalli Selvaggi;Rosso e Argento;Cavalieri Selvaggi
128060;Massimiliano Rando;0;Gatti Neri;Nero e Viola;
128061;Silvia Cucchi;0;Pinguini Polari;Bianco e Nero;
128062;Nino Malabarba;0;Serpenti Dorati;Oro e Rosso;Serpenti Dorati
128063;Edoardo Semeraro;0;Leoni Dorati;Giallo e Nero;Leoni Ruggenti
128064;Mario Alejandro Campione;0;Cavalli Selvaggi;Rosso e Argento;Cavalieri Selvaggi
128065;Lorenzo Emilio Sodano;0;Orsi Polari;Bianco e Blu;
128066;Gaetano Blundo;0;Leoni Dorati;Giallo e Nero;Leoni Ruggenti
128067;Maurizio Russo Spena;0;Coccodrilli Verdi;Verde e Marrone;Coccodrilli d'Acciaio
128068;Silvio Cosenza;0;Cavalli Selvaggi;Rosso e Argento;Cavalieri Selvaggi
128069;Milziade Vita;0;Squali Azzurri;Azzurro e Bianco;Predatori del Mare
128070;Susanna Donatella Crimi;0;Serpenti Dorati;Oro e Rosso;Serpenti Dorati
128071;Tommaso Patton;0;Delfini Argentati;Argento e Nero;Onde Argentate
128072;Mauro Antonio Donato Vicini;0;Orsi Polari;Bianco e Blu;
128073;Ludovico Liguori;0;Dragoni Rossi;Rosso e Nero;Fiamme Rosse
128074;Saverio Salvatore Fuda;0;Fulmini Verdi;Verde e Giallo;Lampi Verdi
128075;Emma Cantu';0;Leoni Dorati;Giallo e Nero;Leoni Ruggenti
128076;Roberto Stucchi;0;Leoni Dorati;Giallo e Nero;Leoni Ruggenti
128077;Dafne Pellegrino;0;Pinguini Polari;Bianco e Nero;
128078;Altero Camerini;0;Cavalieri d'Argento;Argento e Blu;
128079;Roberta Balboni;0;Cavalieri d'Argento;Argento e Blu;
128080;Rita Andreolli;0;Pantere Rosa;Rosa e Grigio;Pantere Fiere
128081;Gaetano Antonio Cociancich;0;Fenici Rosse;Rosso e Arancione;Ali di Fuoco
128082;Tiziana Valente;0;Aquile Blu;Blu e Bianco;Aquile Volanti
128083;Virginia Crescenzio;0;Dragoni Rossi;Rosso e Nero;Fiamme Rosse
128084;Giovanni Pietro Dentamaro;0;Camaleonti Arcobaleno;Blu e Verde;Camaleonti Magici
128085;Maria Elisabetta Sanciu;0;Elefanti Grigi;Nero e Bianco;Elefanti Titanici
128086;Eugenio Mario Riccardi;0;Cavalieri d'Argento;Argento e Blu;
128087;Daisy Fina;0;Rinoceronti Blu;Verde e Argento;Rino Blu
128088;Ornella Gasbarri;0;Rinoceronti Blu;Verde e Argento;Rino Blu
128089;Angelica Cotti;0;Pinguini Polari;Bianco e Nero;
128090;Lucia Evangelista;0;Volpi del Bosco;Blu e Rosso;Volpi Veloci
128091;Marcello Pallaro;0;Tigri Nere;Nero e Arancione;Tigri Infuocate
128092;Maria Celeste Berardi;0;Dragoni Rossi;Rosso e Nero;Fiamme Rosse
128093;Romano Boco;0;Corvi della Tempesta;Grigio e Blu;Tempesta Oscura
128094;Alessandrina Brienza;0;Gatti Neri;Nero e Viola;
128095;Federica Ferrero;0;Camaleonti Arcobaleno;Blu e Verde;Camaleonti Magici
128096;Bernabo' Vetrella;0;Leoni Dorati;Giallo e Nero;Leoni Ruggenti
128097;Gian Giacomo Stracquadanio;0;Gufi Notturni;Viola e Grigio;Occhi nella Notte
128098;Ricardo Antonio Manis;0;Falchi Grigi;Grigio e Nero;Falchi del Vento
128099;Rossella Masini;0;Squali Azzurri;Azzurro e Bianco;Predatori del Mare
128100;Erminia Scalera;0;Fulmini Verdi;Verde e Giallo;Lampi Verdi
128101;Raoul Bitonci;0;Orsi Polari;Bianco e Blu;
128102;Ettore Antonio Scurria;0;Tigri Nere;Nero e Arancione;Tigri Infuocate
128103;Jas De Luca;0;Pavoni Reali;Oro e Viola;Ali Reali
128104;Nicodemo Francesco Colla;0;Gufi Notturni;Viola e Grigio;Occhi nella Notte
128105;Guido Berutti;0;Rinoceronti Blu;Verde e Argento;Rino Blu
128106;Renzo Piatti;0;Elefanti Grigi;Nero e Bianco;Elefanti Titanici
128107;Carlo Albonetti;0;Coccodrilli Verdi;Verde e Marrone;Coccodrilli d'Acciaio
128108;Fernando Puglia;0;Coccodrilli Verdi;Verde e Marrone;Coccodrilli d'Acciaio
128109;Gregorio Farolfi;0;Gufi Notturni;Viola e Grigio;Occhi nella Notte
128110;Ludovico Crema;0;Pantere Rosa;Rosa e Grigio;Pantere Fiere
128111;Nello Tofani;0;Leoni Dorati;Giallo e Nero;Leoni Ruggenti
128112;Achille Zambrino;0;Gatti Neri;Nero e Viola;
128113;Vito Maggi;0;Pavoni Reali;Oro e Viola;Ali Reali
128114;Dorina Casadei Monti;0;Cavalieri d'Argento;Argento e Blu;
128115;Giuliomaria Donno;0;Orsi Polari;Bianco e Blu;
128116;Elio Lisi;0;Pantere Rosa;Rosa e Grigio;Pantere Fiere
128117;Claudio Pittella;0;Aquile Reali;Blu e Oro;Reali del Cielo
128118;Simone Bonadonna;0;Fulmini Verdi;Verde e Giallo;Lampi Verdi
128119;Pierluigi Dalla Chiesa;0;Cavalieri d'Argento;Argento e Blu;
128120;Ignazio Papini;0;Scorpioni Rossi;Giallo e Verde;Scorpioni d'Acciaio
128121;Michelino Strano;0;Falchi Grigi;Grigio e Nero;Falchi del Vento
128122;Cristano Amati;0;Pinguini Polari;Bianco e Nero;
128123;Vittoria Zeller;0;Pantere Rosa;Rosa e Grigio;Pantere Fiere
128124;Giuliana Stucchi;0;Camaleonti Arcobaleno;Blu e Verde;Camaleonti Magici
128125;Stanislao Alessandro Ferrero;0;Fenici Rosse;Rosso e Arancione;Ali di Fuoco
128126;Maria Domenica Tarolli;0;Pantere Rosa;Rosa e Grigio;Pantere Fiere
128127;Gian Marco Rognoni;0;Falchi Grigi;Grigio e Nero;Falchi del Vento
128128;Armando Pedrazzini;0;Scorpioni Rossi;Giallo e Verde;Scorpioni d'Acciaio
128129;Maria Claudia Fregolent;0;Cavalieri d'Argento;Argento e Blu;
128130;Norberto Monacelli;0;Gufi Notturni;Viola e Grigio;Occhi nella Notte
128131;Daria Monteleone;0;Leoni Dorati;Giallo e Nero;Leoni Ruggenti
128132;Eugenio Mario Matera;0;Coccodrilli Verdi;Verde e Marrone;Coccodrilli d'Acciaio
128133;Lello Zanettin;0;Elefanti Grigi;Nero e Bianco;Elefanti Titanici
128134;Annamaria Maritati;0;Camaleonti Arcobaleno;Blu e Verde;Camaleonti Magici
128135;Michaela Ginetti;0;Ippopotami Viola;Viola e Oro;
128136;Diodato (darko) Speroni;0;Elefanti Grigi;Nero e Bianco;Elefanti Titanici
128137;Tony Chike Bocca;0;Cavalli Selvaggi;Rosso e Argento;Cavalieri Selvaggi
128138;Cosimo Chiurazzi;0;Delfini Argentati;Argento e Nero;Onde Argentate
128139;Miguel Pelella;0;Scorpioni Rossi;Giallo e Verde;Scorpioni d'Acciaio
128140;Ersilia Vescovi;0;Pavoni Reali;Oro e Viola;Ali Reali
128141;Ludovico Ortolani;0;Pavoni Reali;Oro e Viola;Ali Reali
128142;Antonio Gianfranco Ferrara;0;Aquile Reali;Blu e Oro;Reali del Cielo
128143;Pier Ferdinando Barcaiuolo;0;Fulmini Verdi;Verde e Giallo;Lampi Verdi
128144;Orfeo Mercatali;0;Fulmini Verdi;Verde e Giallo;Lampi Verdi
128145;Ornella Scalfaro;0;Leoni Dorati;Giallo e Nero;Leoni Ruggenti
128146;Bartolo Sposetti;0;Lupi del Nord;Bianco e Grigio;Ululati del Nord
128147;Diana Villari;0;Orsi Polari;Bianco e Blu;
128148;Susanna Lina Giulia Livi Bacci;0;Pavoni Reali;Oro e Viola;Ali Reali
128149;Lucio Scalera;0;Camaleonti Arcobaleno;Blu e Verde;Camaleonti Magici
128150;Giuseppina Berardi;0;Corvi della Tempesta;Grigio e Blu;Tempesta Oscura
128151;Rosaria Bornacin;0;Lupi del Nord;Bianco e Grigio;Ululati del Nord
128152;Susanna Lina Giulia Iovene;0;Tigri Nere;Nero e Arancione;Tigri Infuocate
128153;Maria Giuseppa Bratina;0;Serpenti Dorati;Oro e Rosso;Serpenti Dorati
128154;Ernesto De Lillo;0;Rinoceronti Blu;Verde e Argento;Rino Blu
128155;Loris Giuseppe Papatheu;0;Fulmini Verdi;Verde e Giallo;Lampi Verdi
128156;Vittorio Allocca;0;Cavalieri d'Argento;Argento e Blu;
128157;Beatrice Giaretta;0;Fulmini Verdi;Verde e Giallo;Lampi Verdi
128158;Rocco Vito Vizzini;0;Cavalli Selvaggi;Rosso e Argento;Cavalieri Selvaggi
128159;Pierantonio Verducci;0;Cavalli Selvaggi;Rosso e Argento;Cavalieri Selvaggi
128160;Ilaria Romeo;0;Volpi del Bosco;Blu e Rosso;Volpi Veloci
128161;Michela Furlan;0;Serpenti Dorati;Oro e Rosso;Serpenti Dorati
128162;Nino Sibilia;0;Fulmini Verdi;Verde e Giallo;Lampi Verdi
128163;Cinzia Tiraboschi;0;Zebre Striate;Bianco e Rosso;Zebre Elettriche
128164;Gianni Tocci;0;Pavoni Reali;Oro e Viola;Ali Reali
128165;Fausto Ternullo;0;Delfini Argentati;Argento e Nero;Onde Argentate
128166;Gianluigi Bedin;0;Rinoceronti Blu;Verde e Argento;Rino Blu
128167;Ciro Togni;0;Pantere Rosa;Rosa e Grigio;Pantere Fiere
128168;Concetta Co';0;Delfini Argentati;Argento e Nero;Onde Argentate
128169;Gian Marco Iovene;0;Lupi del Nord;Bianco e Grigio;Ululati del Nord
128170;Francesco Maria Pelino;0;Elefanti Grigi;Nero e Bianco;Elefanti Titanici
128171;Gianluca Bornacin;0;Scorpioni Rossi;Giallo e Verde;Scorpioni d'Acciaio
128172;Enzo Giorgio Secondo Dolazza;0;Delfini Argentati;Argento e Nero;Onde Argentate
128173;Umberto D'onofrio;0;Elefanti Grigi;Nero e Bianco;Elefanti Titanici
128174;Gian Marco Pinto;0;Leoni Dorati;Giallo e Nero;Leoni Ruggenti
128175;Gavino Lumia;0;Volpi del Bosco;Blu e Rosso;Volpi Veloci
128176;Giulia Pinotti;0;Zebre Striate;Bianco e Rosso;Zebre Elettriche
128177;Maria Galan;0;Gatti Neri;Nero e Viola;
128178;Livio Scalia;0;Aquile Reali;Blu e Oro;Reali del Cielo
128179;Fiorello Vanin;0;Gatti Neri;Nero e Viola;
128180;Stelio Susta;0;Coccodrilli Verdi;Verde e Marrone;Coccodrilli d'Acciaio
128181;Livio Ucchielli;0;Camaleonti Arcobaleno;Blu e Verde;Camaleonti Magici
128182;Alberto Pietro Maria Garavini;0;Cinghiali Selvaggi;Marrone e Verde;Cinghiali Ruggenti
128183;Romano Lupo;0;Cavalli Selvaggi;Rosso e Argento;Cavalieri Selvaggi
128184;Pasquale Zambito;0;Elefanti Grigi;Nero e Bianco;Elefanti Titanici
128185;Pierantonio Russo;0;Pantere Rosa;Rosa e Grigio;Pantere Fiere
128186;Domenico Bondi;0;Fulmini Verdi;Verde e Giallo;Lampi Verdi
128187;Libero Musi;0;Zebre Striate;Bianco e Rosso;Zebre Elettriche
128188;Gaetano Cursi;0;Fulmini Verdi;Verde e Giallo;Lampi Verdi
128189;Palmiro Montagna;0;Tigri Nere;Nero e Arancione;Tigri Infuocate
128190;Mario Michele Rame;0;Rinoceronti Blu;Verde e Argento;Rino Blu
128191;Vanna Mucchetti;0;Leoni Dorati;Giallo e Nero;Leoni Ruggenti
128192;Guido Quintino Besostri;0;Fulmini Verdi;Verde e Giallo;Lampi Verdi
128193;Annamaria Manfredi;0;Falchi Grigi;Grigio e Nero;Falchi del Vento
128194;Mauro Antonio Donato Minniti;0;Camaleonti Arcobaleno;Blu e Verde;Camaleonti Magici
128195;Valentino Bianconi;0;Cavalieri d'Argento;Argento e Blu;
128196;Stelio Coltorti;0;Pinguini Polari;Bianco e Nero;
128197;Maria Paola Valditara;0;Fenici Rosse;Rosso e Arancione;Ali di Fuoco
128198;Saverio Veraldi;0;Gufi Notturni;Viola e Grigio;Occhi nella Notte
128199;Egidio Luigi Stracquadanio;0;Coccodrilli Verdi;Verde e Marrone;Coccodrilli d'Acciaio
128200;Caterina Gabana;0;Leoni Dorati;Giallo e Nero;Leoni Ruggenti
128201;Sabina Scarpetti;0;Corvi della Tempesta;Grigio e Blu;Tempesta Oscura
128202;Lucio Bricolo;0;Serpenti Dorati;Oro e Rosso;Serpenti Dorati
128203;Manuel Della Vedova;0;Leoni Dorati;Giallo e Nero;Leoni Ruggenti
128204;Albert Urraro;0;Fulmini Verdi;Verde e Giallo;Lampi Verdi
128205;Fosco De Eccher;0;Corvi della Tempesta;Grigio e Blu;Tempesta Oscura
128206;Antonio Franco Lisi;0;Camaleonti Arcobaleno;Blu e Verde;Camaleonti Magici
128207;Piero Losurdo;0;Aquile Reali;Blu e Oro;Reali del Cielo
128208;Tilde Pesco;0;Fulmini Verdi;Verde e Giallo;Lampi Verdi
128209;Esterino Vallone;0;Aquile Blu;Blu e Bianco;Aquile Volanti
128210;Vincenza Buccarella;0;Squali Azzurri;Azzurro e Bianco;Predatori del Mare
128211;Susanna Donatella Zavoli;0;Aquile Blu;Blu e Bianco;Aquile Volanti
128212;Rosellina Cardinali;0;Scorpioni Rossi;Giallo e Verde;Scorpioni d'Acciaio
128213;Giuliano Amoruso;0;Zebre Striate;Bianco e Rosso;Zebre Elettriche
128214;Felice Carlo Caliendo;0;Rinoceronti Blu;Verde e Argento;Rino Blu
128215;Alessio Zambrino;0;Pinguini Polari;Bianco e Nero;
128216;Lidia Zullo;0;Cavalli Selvaggi;Rosso e Argento;Cavalieri Selvaggi
128217;Salvatore Scoma;0;Scorpioni Rossi;Giallo e Verde;Scorpioni d'Acciaio
128218;Rita Debenedetti;0;Pinguini Polari;Bianco e Nero;
128219;Umberto Benvenuto;0;Fulmini Verdi;Verde e Giallo;Lampi Verdi
128220;Carlo Azeglio Fanfani;0;Tigri Nere;Nero e Arancione;Tigri Infuocate
128221;Rosetta Enza Sisto;0;Pantere Rosa;Rosa e Grigio;Pantere Fiere
128222;Enzo Giorgio Secondo Michelini;0;Delfini Argentati;Argento e Nero;Onde Argentate
128223;Lello Marin;0;Corvi della Tempesta;Grigio e Blu;Tempesta Oscura
128224;Bartolomeo Coltorti;0;Dragoni Rossi;Rosso e Nero;Fiamme Rosse
128225;Maria Fortuna Melchiorre;0;Coccodrilli Verdi;Verde e Marrone;Coccodrilli d'Acciaio
128226;Ricardo Antonio Piccioni;0;Orsi Polari;Bianco e Blu;
128227;Sergio Di Giovan Paolo;0;Tigri Nere;Nero e Arancione;Tigri Infuocate
128228;Daria Dal Mas;0;Tigri Nere;Nero e Arancione;Tigri Infuocate
128229;Costantino Franco;0;Fulmini Verdi;Verde e Giallo;Lampi Verdi
128230;Susy Fravezzi;0;Aquile Blu;Blu e Bianco;Aquile Volanti
128231;Tino Ambrogio;0;Delfini Argentati;Argento e Nero;Onde Argentate
128232;Marilena Barbolini;0;Leoni Dorati;Giallo e Nero;Leoni Ruggenti
128233;Valerio Bosi;0;Pantere Rosa;Rosa e Grigio;Pantere Fiere
128234;Gilberto Ricciardi;0;Elefanti Grigi;Nero e Bianco;Elefanti Titanici
128235;Fulvia Michela Leone;0;Elefanti Grigi;Nero e Bianco;Elefanti Titanici
128236;Manfred Gallone;0;Squali Azzurri;Azzurro e Bianco;Predatori del Mare
128237;Miguel Merloni;0;Gatti Neri;Nero e Viola;
128238;Jas D'ascola;0;Cavalieri d'Argento;Argento e Blu;
128239;Gabriella Trevisi;0;Squali Azzurri;Azzurro e Bianco;Predatori del Mare
128240;Maria Luisa Parola;0;Leoni Dorati;Giallo e Nero;Leoni Ruggenti
128241;Gianluigi Bonino;0;Gufi Notturni;Viola e Grigio;Occhi nella Notte
128242;Lido Petrenga;0;Gatti Neri;Nero e Viola;
128243;Nedo Lorenzo Passigli;0;Pantere Rosa;Rosa e Grigio;Pantere Fiere
128244;Maria Luisa Pucciarelli;0;Fenici Rosse;Rosso e Arancione;Ali di Fuoco
128245;Vladimiro Mundi;0;Squali Azzurri;Azzurro e Bianco;Predatori del Mare
128246;Gaetano Antonio Angius;0;Rinoceronti Blu;Verde e Argento;Rino Blu
128247;Livia Magliocchetti;0;Dragoni Rossi;Rosso e Nero;Fiamme Rosse
128248;Roberto Saracco;0;Zebre Striate;Bianco e Rosso;Zebre Elettriche
128249;Mariastella Mantica;0;Squali Azzurri;Azzurro e Bianco;Predatori del Mare
128250;Maria Agostina Giammanco;0;Pavoni Reali;Oro e Viola;Ali Reali
128251;Vilma Berlinguer;0;Cavalieri d'Argento;Argento e Blu;
128252;Fiorello Unterberger;0;Leoni Dorati;Giallo e Nero;Leoni Ruggenti
128253;Maria Elisabetta Amati;0;Aquile Reali;Blu e Oro;Reali del Cielo
128254;Michelina Della Seta;0;Tigri Nere;Nero e Arancione;Tigri Infuocate
128255;Barbara Garavini;0;Volpi del Bosco;Blu e Rosso;Volpi Veloci
128256;Alessio Germontani;0;Aquile Blu;Blu e Bianco;Aquile Volanti
128257;Gennaro De Cristofaro;0;Fulmini Verdi;Verde e Giallo;Lampi Verdi
128258;Amedeo Ruggeri;0;Ippopotami Viola;Viola e Oro;
128259;Giannicola Salvi;0;Squali Azzurri;Azzurro e Bianco;Predatori del Mare
128260;Angelo Maria Aracri;0;Coccodrilli Verdi;Verde e Marrone;Coccodrilli d'Acciaio
128261;Danilo Garavini;0;Dragoni Rossi;Rosso e Nero;Fiamme Rosse
128262;Riccardo Maturani;0;Cavalieri d'Argento;Argento e Blu;
128263;Romualdo Vittorio Lai;0;Cinghiali Selvaggi;Marrone e Verde;Cinghiali Ruggenti
128264;Maria Ida Tancredi;0;Dragoni Rossi;Rosso e Nero;Fiamme Rosse
128265;Anna Carmela Lumia;0;Pantere Rosa;Rosa e Grigio;Pantere Fiere
128266;Simona Flavia Tonini;0;Tigri Nere;Nero e Arancione;Tigri Infuocate
128267;Armando Fistarol;0;Delfini Argentati;Argento e Nero;Onde Argentate
128268;Salvo Milone;0;Rinoceronti Blu;Verde e Argento;Rino Blu
128269;Pamela Giacoma Giovanna Cusumano;0;Aquile Reali;Blu e Oro;Reali del Cielo
128270;Rosa Silvana Fluttero;0;Zebre Striate;Bianco e Rosso;Zebre Elettriche
128271;Gaetano Antonio Palumbo;0;Ippopotami Viola;Viola e Oro;
128272;Vittoria Montagnino;0;Cavalieri d'Argento;Argento e Blu;
128273;Rosa Silvana Agostinelli;0;Ippopotami Viola;Viola e Oro;
128274;Egidio La Loggia;0;Pavoni Reali;Oro e Viola;Ali Reali
128275;Donato Pasetto;0;Orsi Polari;Bianco e Blu;
128276;Benedetto Longo;0;Cavalieri d'Argento;Argento e Blu;
128277;Teresa Malpezzi;0;Dragoni Rossi;Rosso e Nero;Fiamme Rosse
128278;Nicoletta Menardi;0;Aquile Reali;Blu e Oro;Reali del Cielo
128279;Rosetta Enza Santillo;0;Elefanti Grigi;Nero e Bianco;Elefanti Titanici
128280;Diana Mininno;0;Coccodrilli Verdi;Verde e Marrone;Coccodrilli d'Acciaio
128281;Amedeo Galioto;0;Pinguini Polari;Bianco e Nero;
128282;Mariarosaria Zanettin;0;Zebre Striate;Bianco e Rosso;Zebre Elettriche
128283;Rosellina Magistrelli;0;Zebre Striate;Bianco e Rosso;Zebre Elettriche
128284;Tarcisio Chiavaroli;0;Serpenti Dorati;Oro e Rosso;Serpenti Dorati
128285;Mariarosaria Morando;0;Leoni Dorati;Giallo e Nero;Leoni Ruggenti
128286;Maria Elisabetta Causin;0;Cavalli Selvaggi;Rosso e Argento;Cavalieri Selvaggi
128287;Giacomo Gambini;0;Coccodrilli Verdi;Verde e Marrone;Coccodrilli d'Acciaio
128288;Angela Anna Bruna Iovene;0;Fenici Rosse;Rosso e Arancione;Ali di Fuoco
128289;Eva Vizzini;0;Tigri Nere;Nero e Arancione;Tigri Infuocate
128290;Cristina Ventucci;0;Leoni Dorati;Giallo e Nero;Leoni Ruggenti
128291;Pierpaolo Idem;0;Camaleonti Arcobaleno;Blu e Verde;Camaleonti Magici
128292;Romano Kofler;0;Aquile Blu;Blu e Bianco;Aquile Volanti
128293;Giusy Santillo;0;Volpi del Bosco;Blu e Rosso;Volpi Veloci
128294;Silvana Andreina Mignone;0;Fenici Rosse;Rosso e Arancione;Ali di Fuoco
128295;Andrea Carmine Girotto;0;Gatti Neri;Nero e Viola;
128296;Annalisa Ferrara;0;Ippopotami Viola;Viola e Oro;
128297;Manuel Costa;0;Serpenti Dorati;Oro e Rosso;Serpenti Dorati
128298;Lidia Ragno;0;Gatti Neri;Nero e Viola;
128299;Dolores Taverna;0;Gatti Neri;Nero e Viola;
128300;Kristalia Rachele Bonfrisco;0;Dragoni Rossi;Rosso e Nero;Fiamme Rosse
128301;Daniele Sisto;0;Delfini Argentati;Argento e Nero;Onde Argentate
128302;Santo Mininno;0;Cavalli Selvaggi;Rosso e Argento;Cavalieri Selvaggi
128303;Miguel Garraffa;0;Pavoni Reali;Oro e Viola;Ali Reali
128304;Marina Zampa;0;Corvi della Tempesta;Grigio e Blu;Tempesta Oscura
128305;Leonzio Marsilio;0;Dragoni Rossi;Rosso e Nero;Fiamme Rosse
128306;Diodato (darko) Fistarol;0;Pinguini Polari;Bianco e Nero;
128307;Giovanni Vittorio Nave;0;Fulmini Verdi;Verde e Giallo;Lampi Verdi
128308;Luciano Manconi;0;Volpi del Bosco;Blu e Rosso;Volpi Veloci
128309;Egidio Luigi Mollame;0;Falchi Grigi;Grigio e Nero;Falchi del Vento
128310;Giancarlo Arrigoni;0;Scorpioni Rossi;Giallo e Verde;Scorpioni d'Acciaio
128311;Sante Vacciano;0;Aquile Reali;Blu e Oro;Reali del Cielo
128312;Francesco Sciascia;0;Serpenti Dorati;Oro e Rosso;Serpenti Dorati
128313;Cosimo La Marca;0;Orsi Polari;Bianco e Blu;
128314;Cristina Latronico;0;Elefanti Grigi;Nero e Bianco;Elefanti Titanici
128315;Bianca Maria Daniele Galdi;0;Fenici Rosse;Rosso e Arancione;Ali di Fuoco
128316;Alberto Amato;0;Dragoni Rossi;Rosso e Nero;Fiamme Rosse
128317;Vincenzo Bilardi;0;Volpi del Bosco;Blu e Rosso;Volpi Veloci
128318;Gabriella Rame;0;Orsi Polari;Bianco e Blu;
128319;Maria Fortuna Mulas;0;Volpi del Bosco;Blu e Rosso;Volpi Veloci
128320;Ruggiero Carloni;0;Gufi Notturni;Viola e Grigio;Occhi nella Notte
128321;Jose' Luiz Rutelli;0;Cinghiali Selvaggi;Marrone e Verde;Cinghiali Ruggenti
128322;Amedeo D'ubaldo;0;Serpenti Dorati;Oro e Rosso;Serpenti Dorati
128323;Venera Barelli;0;Lupi del Nord;Bianco e Grigio;Ululati del Nord
128324;Maria Antonietta Stefani;0;Ippopotami Viola;Viola e Oro;
128325;Elio Esposito;0;Pantere Rosa;Rosa e Grigio;Pantere Fiere
128326;Maria Ida Mancino;0;Serpenti Dorati;Oro e Rosso;Serpenti Dorati
128327;Sabina Amorena;0;Volpi del Bosco;Blu e Rosso;Volpi Veloci
128328;Pietro De Santis;0;Tigri Nere;Nero e Arancione;Tigri Infuocate
128329;Furio Mugnai;0;Squali Azzurri;Azzurro e Bianco;Predatori del Mare
128330;Maria Fortuna Fattori;0;Aquile Blu;Blu e Bianco;Aquile Volanti
128331;Lucio Bucci;0;Pantere Rosa;Rosa e Grigio;Pantere Fiere
128332;Stelio D'ubaldo;0;Rinoceronti Blu;Verde e Argento;Rino Blu
128333;Vannino Coletti;0;Scorpioni Rossi;Giallo e Verde;Scorpioni d'Acciaio
128334;Anna Cinzia Battistoni;0;Elefanti Grigi;Nero e Bianco;Elefanti Titanici
128335;Renzo Compagnone;0;Gufi Notturni;Viola e Grigio;Occhi nella Notte
128336;Ivan Cirami;0;Cinghiali Selvaggi;Marrone e Verde;Cinghiali Ruggenti
128337;Simona Nunzia Casini;0;Falchi Grigi;Grigio e Nero;Falchi del Vento
128338;Celestino Visentin;0;Lupi del Nord;Bianco e Grigio;Ululati del Nord
128339;Bianca Maria Giovanardi;0;Cavalli Selvaggi;Rosso e Argento;Cavalieri Selvaggi
128340;Cesare Vitali;0;Orsi Polari;Bianco e Blu;
128341;Claudio Bruzzone;0;Pavoni Reali;Oro e Viola;Ali Reali
128342;Oskar Spelgatti;0;Squali Azzurri;Azzurro e Bianco;Predatori del Mare
128343;Manuel Pezzopane;0;Cavalli Selvaggi;Rosso e Argento;Cavalieri Selvaggi
128344;Egidio Reccia;0;Coccodrilli Verdi;Verde e Marrone;Coccodrilli d'Acciaio
128345;Niccolo' Cantini;0;Volpi del Bosco;Blu e Rosso;Volpi Veloci
128346;Filomeno Biagio Barelli;0;Elefanti Grigi;Nero e Bianco;Elefanti Titanici
128347;Venera Perilli;0;Delfini Argentati;Argento e Nero;Onde Argentate
128348;Rina Sisler;0;Tigri Nere;Nero e Arancione;Tigri Infuocate
128349;Basilio Brisca Menapace;0;Aquile Blu;Blu e Bianco;Aquile Volanti
128350;Nunzia Cossiga;0;Serpenti Dorati;Oro e Rosso;Serpenti Dorati
128351;Pierfrancesco Emilio Romano Lucidi;0;Falchi Grigi;Grigio e Nero;Falchi del Vento
128352;Lamberto Mallegni;0;Fenici Rosse;Rosso e Arancione;Ali di Fuoco
128353;Dorina De Guidi;0;Pantere Rosa;Rosa e Grigio;Pantere Fiere
128354;Antonino Castellani;0;Serpenti Dorati;Oro e Rosso;Serpenti Dorati
128355;Adriana Pianasso;0;Leoni Dorati;Giallo e Nero;Leoni Ruggenti
128356;Patrizio Dini;0;Pavoni Reali;Oro e Viola;Ali Reali
128357;Gianvittorio Fissore;0;Rinoceronti Blu;Verde e Argento;Rino Blu
128358;Fabrizio Jacchia;0;Leoni Dorati;Giallo e Nero;Leoni Ruggenti
128359;Danila Rutelli;0;Cavalieri d'Argento;Argento e Blu;
128360;Umberto Callegaro;0;Rinoceronti Blu;Verde e Argento;Rino Blu
128361;Salvatore Malan;0;Cavalli Selvaggi;Rosso e Argento;Cavalieri Selvaggi
128362;Grazia Ciccanti;0;Coccodrilli Verdi;Verde e Marrone;Coccodrilli d'Acciaio
128363;Giuseppe Luigi Salvatore Ciampi;0;Cinghiali Selvaggi;Marrone e Verde;Cinghiali Ruggenti
128364;Marcello Carofiglio;0;Fulmini Verdi;Verde e Giallo;Lampi Verdi
128365;Annalisa Coviello;0;Leoni Dorati;Giallo e Nero;Leoni Ruggenti
128366;Filippo Maria D'ascola;0;Pantere Rosa;Rosa e Grigio;Pantere Fiere
128367;Giovanni Arlacchi;0;Elefanti Grigi;Nero e Bianco;Elefanti Titanici
128368;Tiziana Carmela Rosaria Pallaro;0;Scorpioni Rossi;Giallo e Verde;Scorpioni d'Acciaio
128369;Rosa Maria Vicari;0;Cinghiali Selvaggi;Marrone e Verde;Cinghiali Ruggenti
128370;Doriano Lezzi;0;Fulmini Verdi;Verde e Giallo;Lampi Verdi
128371;Manuel Fluttero;0;Falchi Grigi;Grigio e Nero;Falchi del Vento
128372;Gilberto Mazzella;0;Tigri Nere;Nero e Arancione;Tigri Infuocate
128373;Alberto Pietro Maria Giuliano;0;Pavoni Reali;Oro e Viola;Ali Reali
128374;Mauro Antonio Donato Occhiuto;0;Gufi Notturni;Viola e Grigio;Occhi nella Notte
128375;Maria Petrenga;0;Gufi Notturni;Viola e Grigio;Occhi nella Notte
128376;Danilo Mascitelli;0;Cavalli Selvaggi;Rosso e Argento;Cavalieri Selvaggi
128377;Luigi Sella Di Monteluce;0;Scorpioni Rossi;Giallo e Verde;Scorpioni d'Acciaio
128378;Daria Manis;0;Cavalieri d'Argento;Argento e Blu;
128379;Armin Peterlini;0;Tigri Nere;Nero e Arancione;Tigri Infuocate
128380;Learco Veraldi;0;Pantere Rosa;Rosa e Grigio;Pantere Fiere
128381;Miguel Borroni;0;Orsi Polari;Bianco e Blu;
128382;Albert Salvi;0;Scorpioni Rossi;Giallo e Verde;Scorpioni d'Acciaio
128383;Lionello Marco Lauria;0;Volpi del Bosco;Blu e Rosso;Volpi Veloci
128384;Karl Bossi;0;Volpi del Bosco;Blu e Rosso;Volpi Veloci
128385;Leana Fluttero;0;Dragoni Rossi;Rosso e Nero;Fiamme Rosse
128386;Emanuele Pergreffi;0;Serpenti Dorati;Oro e Rosso;Serpenti Dorati
128387;Doriano Fenu;0;Aquile Blu;Blu e Bianco;Aquile Volanti
128388;Ernesto Susta;0;Rinoceronti Blu;Verde e Argento;Rino Blu
128389;Michela Anastasi;0;Camaleonti Arcobaleno;Blu e Verde;Camaleonti Magici
128390;Mirella Bilotti;0;Leoni Dorati;Giallo e Nero;Leoni Ruggenti
128391;Luis Alberto Olivero;0;Cavalli Selvaggi;Rosso e Argento;Cavalieri Selvaggi
128392;Gianmauro Speroni;0;Pavoni Reali;Oro e Viola;Ali Reali
128393;Maria Luisa Zanoni;0;Fenici Rosse;Rosso e Arancione;Ali di Fuoco
128394;Massimiliano Fusco;0;Ippopotami Viola;Viola e Oro;
128395;Ludovico Antezza;0;Pantere Rosa;Rosa e Grigio;Pantere Fiere
128396;Laura Mazzaracchio;0;Pavoni Reali;Oro e Viola;Ali Reali
128397;Nello Antinoro;0;Serpenti Dorati;Oro e Rosso;Serpenti Dorati
128398;Mino Crucioli;0;Corvi della Tempesta;Grigio e Blu;Tempesta Oscura
128399;Arnaldo Paragone;0;Cavalieri d'Argento;Argento e Blu;
128400;Sandra Pittelli;0;Gufi Notturni;Viola e Grigio;Occhi nella Notte
128401;Adelaide Ferrero;0;Cavalieri d'Argento;Argento e Blu;
128402;Sara Campari;0;Pantere Rosa;Rosa e Grigio;Pantere Fiere
128403;Marcello Manieri;0;Corvi della Tempesta;Grigio e Blu;Tempesta Oscura
128404;Giancarlo Panizza;0;Aquile Blu;Blu e Bianco;Aquile Volanti
128405;Daniele Gaetano Falanga;0;Fulmini Verdi;Verde e Giallo;Lampi Verdi
128406;Sauro Moscardelli;0;Fenici Rosse;Rosso e Arancione;Ali di Fuoco
128407;Angelo Berselli;0;Squali Azzurri;Azzurro e Bianco;Predatori del Mare
128408;Donatella Carbone;0;Delfini Argentati;Argento e Nero;Onde Argentate
128409;Amintore Arrigoni;0;Aquile Blu;Blu e Bianco;Aquile Volanti
128410;Jose' Luiz Di Marzio;0;Cavalieri d'Argento;Argento e Blu;
128411;Primo Bulgarelli;0;Cavalli Selvaggi;Rosso e Argento;Cavalieri Selvaggi
128412;Camilla Razzi;0;Delfini Argentati;Argento e Nero;Onde Argentate
128413;Antonio Gubetti;0;Volpi del Bosco;Blu e Rosso;Volpi Veloci
128414;Ernesto Misiani;0;Zebre Striate;Bianco e Rosso;Zebre Elettriche
128415;Michele Arcangelo Pallaro;0;Cavalli Selvaggi;Rosso e Argento;Cavalieri Selvaggi
128416;Gavino Fazzolari;0;Leoni Dorati;Giallo e Nero;Leoni Ruggenti
128417;Silvio Emilio Lisi;0;Ippopotami Viola;Viola e Oro;
128418;Leana Padua;0;Serpenti Dorati;Oro e Rosso;Serpenti Dorati
128419;Candido Degennaro;0;Fenici Rosse;Rosso e Arancione;Ali di Fuoco
128420;Lidia Licheri;0;Scorpioni Rossi;Giallo e Verde;Scorpioni d'Acciaio
128421;Enzo Giorgio Secondo La Marca;0;Scorpioni Rossi;Giallo e Verde;Scorpioni d'Acciaio
128422;Susy Massa;0;Delfini Argentati;Argento e Nero;Onde Argentate
128423;Maria Alessandra Fantetti;0;Fulmini Verdi;Verde e Giallo;Lampi Verdi
128424;Gianvittore Rosso;0;Aquile Reali;Blu e Oro;Reali del Cielo
128425;Armando Asciutti;0;Camaleonti Arcobaleno;Blu e Verde;Camaleonti Magici
128426;Vladimiro Rubbia;0;Tigri Nere;Nero e Arancione;Tigri Infuocate
128427;Athos Nania;0;Cavalieri d'Argento;Argento e Blu;
128428;Michelino Collina;0;Ippopotami Viola;Viola e Oro;
128429;Felice Tronti;0;Pinguini Polari;Bianco e Nero;
128430;Luisa Di Nardo;0;Ippopotami Viola;Viola e Oro;
128431;Venera Bottici;0;Ippopotami Viola;Viola e Oro;
128432;Corradino Evangelista;0;Aquile Blu;Blu e Bianco;Aquile Volanti
128433;Patty Murineddu;0;Scorpioni Rossi;Giallo e Verde;Scorpioni d'Acciaio
128434;Severino Aracri;0;Rinoceronti Blu;Verde e Argento;Rino Blu
128435;Roberto Maria Ferdinando Paragone;0;Pinguini Polari;Bianco e Nero;
128436;Leopoldo Bignami;0;Pinguini Polari;Bianco e Nero;
128437;Ivo Quarto;0;Pantere Rosa;Rosa e Grigio;Pantere Fiere
128438;Nico Polidoro;0;Volpi del Bosco;Blu e Rosso;Volpi Veloci
128439;Giuseppe Viceconte;0;Ippopotami Viola;Viola e Oro;
128440;Aurora Esposito;0;Pantere Rosa;Rosa e Grigio;Pantere Fiere
128441;Ester Della Porta;0;Elefanti Grigi;Nero e Bianco;Elefanti Titanici
128442;Dino Aimi;0;Tigri Nere;Nero e Arancione;Tigri Infuocate
128443;Emilio Aderenti;0;Scorpioni Rossi;Giallo e Verde;Scorpioni d'Acciaio
128444;Egidio Luigi Conti;0;Cavalli Selvaggi;Rosso e Argento;Cavalieri Selvaggi
128445;Magda Bernini;0;Scorpioni Rossi;Giallo e Verde;Scorpioni d'Acciaio
128446;Liborio Righetti;0;Corvi della Tempesta;Grigio e Blu;Tempesta Oscura
128447;Fulvio Lotito;0;Leoni Dorati;Giallo e Nero;Leoni Ruggenti
128448;Remigio Favero;0;Dragoni Rossi;Rosso e Nero;Fiamme Rosse
128449;Stanislao Alessandro Melchiorre;0;Squali Azzurri;Azzurro e Bianco;Predatori del Mare
128450;Valeria Floridia;0;Fenici Rosse;Rosso e Arancione;Ali di Fuoco
128451;Nicolo' Scanu;0;Camaleonti Arcobaleno;Blu e Verde;Camaleonti Magici
128452;Iunio Valerio Mulas;0;Elefanti Grigi;Nero e Bianco;Elefanti Titanici
128453;Baldassare Mungari;0;Ippopotami Viola;Viola e Oro;
128454;Licia Maninetti;0;Aquile Blu;Blu e Bianco;Aquile Volanti
128455;Gian Piero Anastasi;0;Aquile Reali;Blu e Oro;Reali del Cielo
128456;Athos Lumia;0;Pinguini Polari;Bianco e Nero;
128457;Fiammetta Bonadonna;0;Serpenti Dorati;Oro e Rosso;Serpenti Dorati
128458;Etelwardo Cintola;0;Aquile Blu;Blu e Bianco;Aquile Volanti
128459;Enrico Ferrara;0;Falchi Grigi;Grigio e Nero;Falchi del Vento
128460;Giuseppe Tommaso Vincenzo Lanzi;0;Camaleonti Arcobaleno;Blu e Verde;Camaleonti Magici
128461;Ettore Antonio Chiti;0;Delfini Argentati;Argento e Nero;Onde Argentate
128462;Davide Centaro;0;Serpenti Dorati;Oro e Rosso;Serpenti Dorati
128463;Diodato (darko) Richetti;0;Orsi Polari;Bianco e Blu;
128464;Daniele Gaetano Alessandrini;0;Aquile Blu;Blu e Bianco;Aquile Volanti
128465;Carla Cagnin;0;Ippopotami Viola;Viola e Oro;
128466;Federica Orsomarso;0;Lupi del Nord;Bianco e Grigio;Ululati del Nord
128467;Adolfo Marconi;0;Tigri Nere;Nero e Arancione;Tigri Infuocate
128468;Celestino Guidi;0;Falchi Grigi;Grigio e Nero;Falchi del Vento
128469;Fabiola Flammia;0;Lupi del Nord;Bianco e Grigio;Ululati del Nord
128470;Gavino Mucchetti;0;Aquile Blu;Blu e Bianco;Aquile Volanti
128471;Michela Martone;0;Cavalli Selvaggi;Rosso e Argento;Cavalieri Selvaggi
128472;Vittoria Francesca Maria Petrucci;0;Volpi del Bosco;Blu e Rosso;Volpi Veloci
128473;Pasqualino Lorenzo Magliocchetti;0;Gufi Notturni;Viola e Grigio;Occhi nella Notte
128474;Isabella Bergamo;0;Cinghiali Selvaggi;Marrone e Verde;Cinghiali Ruggenti
128475;Tamara Adamo;0;Elefanti Grigi;Nero e Bianco;Elefanti Titanici
128476;Edoardo Nieddu;0;Gufi Notturni;Viola e Grigio;Occhi nella Notte
128477;Ada Biasotti;0;Pantere Rosa;Rosa e Grigio;Pantere Fiere
128478;Aurelio Giuseppe Volcic;0;Gufi Notturni;Viola e Grigio;Occhi nella Notte
128479;Emilio Paolo Speroni;0;Pantere Rosa;Rosa e Grigio;Pantere Fiere
128480;Miguel Giorgianni;0;Rinoceronti Blu;Verde e Argento;Rino Blu
128481;Danila Galan;0;Volpi del Bosco;Blu e Rosso;Volpi Veloci
128482;Doriano Sartori;0;Squali Azzurri;Azzurro e Bianco;Predatori del Mare
128483;Filomeno Biagio Di Stefano;0;Cavalieri d'Argento;Argento e Blu;
128484;Lorenzo Emilio Finocchiaro;0;Cavalieri d'Argento;Argento e Blu;
128485;Vittorio Dell'utri;0;Volpi del Bosco;Blu e Rosso;Volpi Veloci
128486;Furio Camber;0;Cinghiali Selvaggi;Marrone e Verde;Cinghiali Ruggenti
128487;Sergio Villari;0;Pinguini Polari;Bianco e Nero;
128488;Livia Calderoli;0;Fulmini Verdi;Verde e Giallo;Lampi Verdi
128489;Lucia Giarrusso;0;Cinghiali Selvaggi;Marrone e Verde;Cinghiali Ruggenti
128490;Vito Capelli;0;Tigri Nere;Nero e Arancione;Tigri Infuocate
128491;Accursio Mazzarello;0;Serpenti Dorati;Oro e Rosso;Serpenti Dorati
128492;Sandro Mario Boccardi;0;Fenici Rosse;Rosso e Arancione;Ali di Fuoco
128493;Oscar Luigi Amato;0;Cinghiali Selvaggi;Marrone e Verde;Cinghiali Ruggenti
128494;Claudio Verdini;0;Leoni Dorati;Giallo e Nero;Leoni Ruggenti
128495;Valeria Di Orio;0;Cavalli Selvaggi;Rosso e Argento;Cavalieri Selvaggi
128496;Rosetta Enza Pesco;0;Pinguini Polari;Bianco e Nero;
128497;Giovanni Pietro Tredese;0;Aquile Blu;Blu e Bianco;Aquile Volanti
128498;Iunio Valerio Minniti;0;Fulmini Verdi;Verde e Giallo;Lampi Verdi
128499;Tullio Capelli;0;Pinguini Polari;Bianco e Nero;
128500;Giampaolo Tecce;0;Lupi del Nord;Bianco e Grigio;Ululati del Nord
128501;Luca Vita;0;Ippopotami Viola;Viola e Oro;
128502;Giovanni Vittorio Gaburro;0;Falchi Grigi;Grigio e Nero;Falchi del Vento
128503;Stefania Melchiorre;0;Elefanti Grigi;Nero e Bianco;Elefanti Titanici
128504;Pasquale Accoto;0;Fulmini Verdi;Verde e Giallo;Lampi Verdi
128505;Valeria Maconi;0;Volpi del Bosco;Blu e Rosso;Volpi Veloci
128506;Emilio Malabarba;0;Rinoceronti Blu;Verde e Argento;Rino Blu
128507;Giuliana Barboni;0;Elefanti Grigi;Nero e Bianco;Elefanti Titanici
128508;Guido Quintino Lasagna;0;Ippopotami Viola;Viola e Oro;
128509;Carmela Ioannucci;0;Aquile Reali;Blu e Oro;Reali del Cielo
128510;Ugo Lannutti;0;Volpi del Bosco;Blu e Rosso;Volpi Veloci
128511;Gaetano Fucksia;0;Volpi del Bosco;Blu e Rosso;Volpi Veloci
128512;Eva Mascitelli;0;Fenici Rosse;Rosso e Arancione;Ali di Fuoco
128513;Egidio Zorzoli;0;Dragoni Rossi;Rosso e Nero;Fiamme Rosse
128514;Angelica Adduce;0;Scorpioni Rossi;Giallo e Verde;Scorpioni d'Acciaio
128515;Angelo Michele Adamo;0;Leoni Dorati;Giallo e Nero;Leoni Ruggenti
128516;Daria Totaro;0;Fenici Rosse;Rosso e Arancione;Ali di Fuoco
128517;Cecilia Piloni;0;Aquile Blu;Blu e Bianco;Aquile Volanti
128518;Emilio Di Siena;0;Elefanti Grigi;Nero e Bianco;Elefanti Titanici
128519;Martino Fasano;0;Elefanti Grigi;Nero e Bianco;Elefanti Titanici
128520;Gaetano Fusco;0;Cavalieri d'Argento;Argento e Blu;
128521;Antonio Oliva;0;Cavalieri d'Argento;Argento e Blu;
128522;Rossella Chincarini;0;Serpenti Dorati;Oro e Rosso;Serpenti Dorati
128523;Euprepio Villecco Calipari;0;Pinguini Polari;Bianco e Nero;
128524;Adelaide Mantovani;0;Fulmini Verdi;Verde e Giallo;Lampi Verdi
128525;Aniello Nugnes;0;Gufi Notturni;Viola e Grigio;Occhi nella Notte
128526;Mario Michele Poli Bortone;0;Elefanti Grigi;Nero e Bianco;Elefanti Titanici
128527;Armando Follieri;0;Cinghiali Selvaggi;Marrone e Verde;Cinghiali Ruggenti
128528;Marina Favaro;0;Orsi Polari;Bianco e Blu;
128529;Livia D'alessandro Prisco;0;Rinoceronti Blu;Verde e Argento;Rino Blu
128530;Emiddio Ragno;0;Squali Azzurri;Azzurro e Bianco;Predatori del Mare
128531;Tomaso Gruosso;0;Pavoni Reali;Oro e Viola;Ali Reali
128532;Giusy Toffanin;0;Aquile Blu;Blu e Bianco;Aquile Volanti
128533;Severino Semeraro;0;Camaleonti Arcobaleno;Blu e Verde;Camaleonti Magici
128534;Elena Moles;0;Cinghiali Selvaggi;Marrone e Verde;Cinghiali Ruggenti
128535;Sandro Crippa;0;Cinghiali Selvaggi;Marrone e Verde;Cinghiali Ruggenti
128536;Lanfranco Caligiuri;0;Camaleonti Arcobaleno;Blu e Verde;Camaleonti Magici
128537;Tiziano Fucksia;0;Cavalieri d'Argento;Argento e Blu;
128538;Concetta Toninelli;0;Pantere Rosa;Rosa e Grigio;Pantere Fiere
128539;Dolores Langella;0;Fenici Rosse;Rosso e Arancione;Ali di Fuoco
128540;Ombretta Vegas;0;Fulmini Verdi;Verde e Giallo;Lampi Verdi
128541;Ettore Pietro Sisler;0;Cavalieri d'Argento;Argento e Blu;
128542;Nedo Lorenzo Calenda;0;Fenici Rosse;Rosso e Arancione;Ali di Fuoco
128543;Raffaella Fiormaria Mugnai;0;Leoni Dorati;Giallo e Nero;Leoni Ruggenti
128544;Elisa Taricco;0;Fenici Rosse;Rosso e Arancione;Ali di Fuoco
128545;Vasco Favero;0;Rinoceronti Blu;Verde e Argento;Rino Blu
128546;Giannicola Migliavacca;0;Aquile Reali;Blu e Oro;Reali del Cielo
128547;Erika Papaevangeliu;0;Fulmini Verdi;Verde e Giallo;Lampi Verdi
128548;Maria Teresa Baldassarri;0;Ippopotami Viola;Viola e Oro;
128549;Ludovico Camber;0;Cinghiali Selvaggi;Marrone e Verde;Cinghiali Ruggenti
128550;Maria Paola Scarabosio;0;Elefanti Grigi;Nero e Bianco;Elefanti Titanici
128551;Gaetano Pellegatta;0;Volpi del Bosco;Blu e Rosso;Volpi Veloci
128552;Maria Ida Toffanin;0;Gatti Neri;Nero e Viola;
128553;Maria Virginia Ponzo;0;Pavoni Reali;Oro e Viola;Ali Reali
128554;Salvatore Tito Baratella;0;Corvi della Tempesta;Grigio e Blu;Tempesta Oscura
128555;Giorgio Maria De Zulueta;0;Elefanti Grigi;Nero e Bianco;Elefanti Titanici
128556;Antonio Michele Saia;0;Cavalli Selvaggi;Rosso e Argento;Cavalieri Selvaggi
128557;Denis Della Monica;0;Orsi Polari;Bianco e Blu;
128558;Ludovico Serafini;0;Elefanti Grigi;Nero e Bianco;Elefanti Titanici
128559;Gabriele Occhipinti;0;Gatti Neri;Nero e Viola;
128560;Alfonso Modena;0;Leoni Dorati;Giallo e Nero;Leoni Ruggenti
128561;Tarcisio Morando;0;Ippopotami Viola;Viola e Oro;
128562;Gian Piero Poli;0;Rinoceronti Blu;Verde e Argento;Rino Blu
128563;Pamela Giacoma Giovanna Basso;0;Ippopotami Viola;Viola e Oro;
128564;Gabriele Cantini;0;Ippopotami Viola;Viola e Oro;
128565;Ettore Antonio Bocchino;0;Volpi del Bosco;Blu e Rosso;Volpi Veloci
128566;Paolo Granaiola;0;Leoni Dorati;Giallo e Nero;Leoni Ruggenti
128567;Egidio Luigi Cortiana;0;Leoni Dorati;Giallo e Nero;Leoni Ruggenti
128568;Leana Lumia;0;Squali Azzurri;Azzurro e Bianco;Predatori del Mare
128569;Mino Damante;0;Tigri Nere;Nero e Arancione;Tigri Infuocate
128570;Bartolomeo Gambini;0;Cavalieri d'Argento;Argento e Blu;
128571;Aniello Verini;0;Scorpioni Rossi;Giallo e Verde;Scorpioni d'Acciaio
128572;Agnese Michelini;0;Gufi Notturni;Viola e Grigio;Occhi nella Notte
128573;Sandra Preda;0;Serpenti Dorati;Oro e Rosso;Serpenti Dorati
128574;Ettore Magistrelli;0;Volpi del Bosco;Blu e Rosso;Volpi Veloci
128575;Daniela Bonifazi;0;Cinghiali Selvaggi;Marrone e Verde;Cinghiali Ruggenti
128576;Antonello Greco;0;Fenici Rosse;Rosso e Arancione;Ali di Fuoco
128577;Guglielmo Del Pennino;0;Pavoni Reali;Oro e Viola;Ali Reali
128578;Oscar Luigi Righetti;0;Ippopotami Viola;Viola e Oro;
128579;Ornella Berrino;0;Squali Azzurri;Azzurro e Bianco;Predatori del Mare
128580;Fiorenza Baio;0;Corvi della Tempesta;Grigio e Blu;Tempesta Oscura
128581;Oreste Salvitti;0;Falchi Grigi;Grigio e Nero;Falchi del Vento
128582;Anna Maria Salerno;0;Orsi Polari;Bianco e Blu;
128583;Fabio Musi;0;Aquile Reali;Blu e Oro;Reali del Cielo
128584;Tatjana Olivero;0;Pinguini Polari;Bianco e Nero;
128585;Nico Bevilacqua;0;Pantere Rosa;Rosa e Grigio;Pantere Fiere
128586;Battista Rutelli;0;Squali Azzurri;Azzurro e Bianco;Predatori del Mare
128587;Learco Camusso;0;Dragoni Rossi;Rosso e Nero;Fiamme Rosse
128588;Ilaria Lauro;0;Cavalieri d'Argento;Argento e Blu;
128589;Gilberto Contestabile;0;Cavalli Selvaggi;Rosso e Argento;Cavalieri Selvaggi
128590;Maria Chiara Casoli;0;Cavalli Selvaggi;Rosso e Argento;Cavalieri Selvaggi
128591;Silvio Balboni;0;Pavoni Reali;Oro e Viola;Ali Reali
128592;Massimo Vittorio Accoto;0;Rinoceronti Blu;Verde e Argento;Rino Blu
128593;Simonetta Fedeli;0;Serpenti Dorati;Oro e Rosso;Serpenti Dorati
128594;Anna Caridi;0;Serpenti Dorati;Oro e Rosso;Serpenti Dorati
128595;Annalisa Ronzulli;0;Aquile Blu;Blu e Bianco;Aquile Volanti
128596;Tullio Di Nardo;0;Aquile Blu;Blu e Bianco;Aquile Volanti
128597;Gregorio Bernini;0;Orsi Polari;Bianco e Blu;
128598;Riccardo Ciccanti;0;Scorpioni Rossi;Giallo e Verde;Scorpioni d'Acciaio
128599;Leana Ferrazzi;0;Fulmini Verdi;Verde e Giallo;Lampi Verdi
128600;Emanuela Manunza;0;Aquile Reali;Blu e Oro;Reali del Cielo
128601;Fiorello Castellone;0;Serpenti Dorati;Oro e Rosso;Serpenti Dorati
128602;Cosimo Pallaro;0;Aquile Blu;Blu e Bianco;Aquile Volanti
128603;Vincenzo Maria Di Benedetto;0;Delfini Argentati;Argento e Nero;Onde Argentate
128604;Gustavo Maritati;0;Scorpioni Rossi;Giallo e Verde;Scorpioni d'Acciaio
128605;Doriano Ternullo;0;Cinghiali Selvaggi;Marrone e Verde;Cinghiali Ruggenti
128606;Gianluigi Razzi;0;Corvi della Tempesta;Grigio e Blu;Tempesta Oscura
128607;Lorenzo Emilio Maceratini;0;Delfini Argentati;Argento e Nero;Onde Argentate
128608;Gabriella Mineo;0;Scorpioni Rossi;Giallo e Verde;Scorpioni d'Acciaio
128609;Jonny Albonetti;0;Fulmini Verdi;Verde e Giallo;Lampi Verdi
128610;Federico Favero;0;Cavalieri d'Argento;Argento e Blu;
128611;Giuliomaria Casillo;0;Scorpioni Rossi;Giallo e Verde;Scorpioni d'Acciaio
128612;Mattia Amorena;0;Coccodrilli Verdi;Verde e Marrone;Coccodrilli d'Acciaio
128613;Lidia Presutto;0;Aquile Reali;Blu e Oro;Reali del Cielo
128614;Antonella Naturale;0;Pantere Rosa;Rosa e Grigio;Pantere Fiere
128615;Donato Tommaso Polledri;0;Zebre Striate;Bianco e Rosso;Zebre Elettriche
128616;Lanfranco Pedrini;0;Elefanti Grigi;Nero e Bianco;Elefanti Titanici
128617;Roberta Gelmetti;0;Corvi della Tempesta;Grigio e Blu;Tempesta Oscura
128618;Francesco Saverio Zorzoli;0;Pantere Rosa;Rosa e Grigio;Pantere Fiere
128619;Ivan Torrisi;0;Dragoni Rossi;Rosso e Nero;Fiamme Rosse
128620;Maria Cecilia Barcaiuolo;0;Cavalli Selvaggi;Rosso e Argento;Cavalieri Selvaggi
128621;Rosario Saia;0;Fenici Rosse;Rosso e Arancione;Ali di Fuoco
128622;Gaetano Antonio Rigoni;0;Pinguini Polari;Bianco e Nero;
128623;Elena Durigon;0;Gufi Notturni;Viola e Grigio;Occhi nella Notte
128624;Aurora Berselli;0;Elefanti Grigi;Nero e Bianco;Elefanti Titanici
128625;Anna Cinzia Ruta;0;Gufi Notturni;Viola e Grigio;Occhi nella Notte
128626;Candido Dettori;0;Orsi Polari;Bianco e Blu;
128627;Mariangela Mollame;0;Coccodrilli Verdi;Verde e Marrone;Coccodrilli d'Acciaio
128628;Manuel Manzione;0;Camaleonti Arcobaleno;Blu e Verde;Camaleonti Magici
128629;Jonny Evangelista;0;Pantere Rosa;Rosa e Grigio;Pantere Fiere
128630;Adriano Capaldi;0;Cavalieri d'Argento;Argento e Blu;
128631;Elio Massimo Del Vecchio;0;Volpi del Bosco;Blu e Rosso;Volpi Veloci
128632;Lorenzo Rojc;0;Corvi della Tempesta;Grigio e Blu;Tempesta Oscura
128633;Giancarlo Dal Mas;0;Ippopotami Viola;Viola e Oro;
128634;Cecilia Nessa;0;Camaleonti Arcobaleno;Blu e Verde;Camaleonti Magici
128635;Graziano Berrino;0;Pavoni Reali;Oro e Viola;Ali Reali
128636;Raoul Conti;0;Corvi della Tempesta;Grigio e Blu;Tempesta Oscura
128637;Lavinia Mazzuca Poggiolini;0;Pinguini Polari;Bianco e Nero;
128638;Monica Endrizzi;0;Cavalieri d'Argento;Argento e Blu;
128639;Cristiano Scalfaro;0;Aquile Reali;Blu e Oro;Reali del Cielo
128640;Piero Maturani;0;Coccodrilli Verdi;Verde e Marrone;Coccodrilli d'Acciaio
128641;Valeria Castagnetti;0;Coccodrilli Verdi;Verde e Marrone;Coccodrilli d'Acciaio
128642;Angelo Michele Dessi';0;Pavoni Reali;Oro e Viola;Ali Reali
128643;Adriana De Eccher;0;Aquile Reali;Blu e Oro;Reali del Cielo
128644;Stanislao Petrenga;0;Scorpioni Rossi;Giallo e Verde;Scorpioni d'Acciaio
128645;Raffaele Fina;0;Cavalli Selvaggi;Rosso e Argento;Cavalieri Selvaggi
128646;Cataldo Scalfarotto;0;Gufi Notturni;Viola e Grigio;Occhi nella Notte
128647;Vera Liliana Di Biagio;0;Aquile Reali;Blu e Oro;Reali del Cielo
128648;Oscar Luigi Tunis;0;Falchi Grigi;Grigio e Nero;Falchi del Vento
128649;Carlo Luigi Lunesu;0;Pinguini Polari;Bianco e Nero;
128650;Alberto Adalgisio Monacelli;0;Falchi Grigi;Grigio e Nero;Falchi del Vento
128651;Ylenia Budin;0;Pavoni Reali;Oro e Viola;Ali Reali
128652;Remigio Burgaretta Aparo;0;Dragoni Rossi;Rosso e Nero;Fiamme Rosse
128653;Rossana Perilli;0;Tigri Nere;Nero e Arancione;Tigri Infuocate
128654;Mino Merlo;0;Squali Azzurri;Azzurro e Bianco;Predatori del Mare
128655;Antonio Carloni;0;Cavalli Selvaggi;Rosso e Argento;Cavalieri Selvaggi
128656;Vito Gelmetti;0;Aquile Blu;Blu e Bianco;Aquile Volanti
128657;Pasqualino Lorenzo Migone;0;Falchi Grigi;Grigio e Nero;Falchi del Vento
128658;Giusy Lanzi;0;Delfini Argentati;Argento e Nero;Onde Argentate
128659;Maurizio Satta;0;Fulmini Verdi;Verde e Giallo;Lampi Verdi
128660;Susy Cortiana;0;Ippopotami Viola;Viola e Oro;
128661;Luciano Peruzzotti;0;Fenici Rosse;Rosso e Arancione;Ali di Fuoco
128662;Agnese Lorefice;0;Camaleonti Arcobaleno;Blu e Verde;Camaleonti Magici
128663;Arturo Mario Latorre;0;Aquile Blu;Blu e Bianco;Aquile Volanti
128664;Maria Rosaria Magorno;0;Falchi Grigi;Grigio e Nero;Falchi del Vento
128665;Augusto Leoni;0;Serpenti Dorati;Oro e Rosso;Serpenti Dorati
128666;Carmela Specchia;0;Dragoni Rossi;Rosso e Nero;Fiamme Rosse
128667;Elio Massimo Bugnano;0;Pantere Rosa;Rosa e Grigio;Pantere Fiere
128668;Esteban Juan Berselli;0;Ippopotami Viola;Viola e Oro;
128669;Mariapia Battafarano;0;Camaleonti Arcobaleno;Blu e Verde;Camaleonti Magici
128670;Nedo Lorenzo Carpinelli;0;Cavalieri d'Argento;Argento e Blu;
128671;Paola Magni;0;Volpi del Bosco;Blu e Rosso;Volpi Veloci
128672;Primo Figurelli;0;Cinghiali Selvaggi;Marrone e Verde;Cinghiali Ruggenti
128673;Vito Rosario Del Vecchio;0;Falchi Grigi;Grigio e Nero;Falchi del Vento
128674;Sergio Brutti;0;Camaleonti Arcobaleno;Blu e Verde;Camaleonti Magici
128675;Roberta Marsilio;0;Camaleonti Arcobaleno;Blu e Verde;Camaleonti Magici
128676;Fosco Laus;0;Scorpioni Rossi;Giallo e Verde;Scorpioni d'Acciaio
128677;Magda Vicari;0;Aquile Blu;Blu e Bianco;Aquile Volanti
128678;Renzo Mungari;0;Scorpioni Rossi;Giallo e Verde;Scorpioni d'Acciaio
128679;Aniello Berlusconi;0;Scorpioni Rossi;Giallo e Verde;Scorpioni d'Acciaio
128680;Armin La Loggia;0;Scorpioni Rossi;Giallo e Verde;Scorpioni d'Acciaio
128681;Susanna Donatella Stefano;0;Corvi della Tempesta;Grigio e Blu;Tempesta Oscura
128682;Tony Chike Orsi;0;Lupi del Nord;Bianco e Grigio;Ululati del Nord
128683;Giancarlo Bernasconi;0;Coccodrilli Verdi;Verde e Marrone;Coccodrilli d'Acciaio
128684;Adriana Amati;0;Elefanti Grigi;Nero e Bianco;Elefanti Titanici
128685;Isabella Battistoni;0;Fulmini Verdi;Verde e Giallo;Lampi Verdi
128686;Daria Pucciarelli;0;Squali Azzurri;Azzurro e Bianco;Predatori del Mare
128687;Concetta Cursi;0;Fulmini Verdi;Verde e Giallo;Lampi Verdi
128688;Luisa Fosson;0;Scorpioni Rossi;Giallo e Verde;Scorpioni d'Acciaio
128689;Silvano Donaggio;0;Aquile Reali;Blu e Oro;Reali del Cielo
128690;Massimiliano Licheri;0;Pinguini Polari;Bianco e Nero;
128691;Gaetano Antonio Del Turco;0;Tigri Nere;Nero e Arancione;Tigri Infuocate
128692;Bernabo' Carpinelli;0;Dragoni Rossi;Rosso e Nero;Fiamme Rosse
128693;Adriana Piatti;0;Dragoni Rossi;Rosso e Nero;Fiamme Rosse
128694;Bruno Cagnin;0;Orsi Polari;Bianco e Blu;
128695;Saverio Barbaro;0;Gufi Notturni;Viola e Grigio;Occhi nella Notte
128696;Michele Arcangelo Langella;0;Elefanti Grigi;Nero e Bianco;Elefanti Titanici
128697;Alberto Adalgisio Bosello;0;Pantere Rosa;Rosa e Grigio;Pantere Fiere
128698;Tony Chike Zeffirelli;0;Lupi del Nord;Bianco e Grigio;Ululati del Nord
128699;Alessandrina Nania;0;Cinghiali Selvaggi;Marrone e Verde;Cinghiali Ruggenti
128700;Silvana Andreina Grimani;0;Camaleonti Arcobaleno;Blu e Verde;Camaleonti Magici
128701;Amintore Lepri;0;Cavalieri d'Argento;Argento e Blu;
128702;Urania Giulia Rosina Scilipoti Isgro';0;Dragoni Rossi;Rosso e Nero;Fiamme Rosse
128703;Michelino Pedrini;0;Cavalieri d'Argento;Argento e Blu;
128704;Elidio Floris;0;Tigri Nere;Nero e Arancione;Tigri Infuocate
128705;Rosetta Enza Camo;0;Scorpioni Rossi;Giallo e Verde;Scorpioni d'Acciaio
128706;Carla Carloni;0;Volpi del Bosco;Blu e Rosso;Volpi Veloci
128707;Corrado Lorefice;0;Tigri Nere;Nero e Arancione;Tigri Infuocate
128708;Erica Migone;0;Squali Azzurri;Azzurro e Bianco;Predatori del Mare
128709;Gerardo Tirelli;0;Gatti Neri;Nero e Viola;
128710;Cecilia Corbetta;0;Pinguini Polari;Bianco e Nero;
128711;Iunio Valerio Scarpetti;0;Cinghiali Selvaggi;Marrone e Verde;Cinghiali Ruggenti
128712;Agnese Zeffirelli;0;Serpenti Dorati;Oro e Rosso;Serpenti Dorati
128713;Maria Claudia Berutti;0;Dragoni Rossi;Rosso e Nero;Fiamme Rosse
128714;Alberto Pietro Maria Scalfarotto;0;Scorpioni Rossi;Giallo e Verde;Scorpioni d'Acciaio
128715;Livia Crimi;0;Falchi Grigi;Grigio e Nero;Falchi del Vento
128716;Daisy Pacifico;0;Tigri Nere;Nero e Arancione;Tigri Infuocate
128717;Rosaria Milana;0;Ippopotami Viola;Viola e Oro;
128718;Gian Guido Morgoni;0;Pavoni Reali;Oro e Viola;Ali Reali
128719;Teresa Mancuso;0;Serpenti Dorati;Oro e Rosso;Serpenti Dorati
128720;Michelina Porcari;0;Gufi Notturni;Viola e Grigio;Occhi nella Notte
128721;Danilo Grillotti;0;Lupi del Nord;Bianco e Grigio;Ululati del Nord
128722;Ricardo Antonio Pasquali;0;Pinguini Polari;Bianco e Nero;
128723;Gerardo Piglionica;0;Tigri Nere;Nero e Arancione;Tigri Infuocate
128724;Oscar Luigi Degennaro;0;Pinguini Polari;Bianco e Nero;
128725;Beatrice Battista;0;Lupi del Nord;Bianco e Grigio;Ululati del Nord
128726;Sabrina Gambini;0;Fulmini Verdi;Verde e Giallo;Lampi Verdi
128727;Angela Marcora;0;Gufi Notturni;Viola e Grigio;Occhi nella Notte
128728;Massimo Romeo;0;Cinghiali Selvaggi;Marrone e Verde;Cinghiali Ruggenti
128729;Tarcisio Ognibene;0;Rinoceronti Blu;Verde e Argento;Rino Blu
128730;Ersilia Fiorillo;0;Dragoni Rossi;Rosso e Nero;Fiamme Rosse
128731;Renato Guerino Benedetti Valentini;0;Leoni Dorati;Giallo e Nero;Leoni Ruggenti
128732;Vanna Bettamio;0;Zebre Striate;Bianco e Rosso;Zebre Elettriche
128733;Gaetano Antonio Pinggera;0;Fenici Rosse;Rosso e Arancione;Ali di Fuoco
128734;Dolores Palumbo;0;Pantere Rosa;Rosa e Grigio;Pantere Fiere
128735;Altero La Marca;0;Scorpioni Rossi;Giallo e Verde;Scorpioni d'Acciaio
128736;Giuseppe Maria Salvato;0;Cinghiali Selvaggi;Marrone e Verde;Cinghiali Ruggenti
128737;Michelino Meluzzi;0;Fulmini Verdi;Verde e Giallo;Lampi Verdi
128738;Valerio Digilio;0;Scorpioni Rossi;Giallo e Verde;Scorpioni d'Acciaio
128739;Karl Briziarelli;0;Volpi del Bosco;Blu e Rosso;Volpi Veloci
128740;Michela Viceconte;0;Pinguini Polari;Bianco e Nero;
128741;Giuliomaria Sangalli;0;Coccodrilli Verdi;Verde e Marrone;Coccodrilli d'Acciaio
128742;Antonio Franco Castagnetti;0;Leoni Dorati;Giallo e Nero;Leoni Ruggenti
128743;Francesca Maria Carella;0;Gatti Neri;Nero e Viola;
128744;Bianca Maria Fattori;0;Orsi Polari;Bianco e Blu;
128745;Mattia Gelmini;0;Leoni Dorati;Giallo e Nero;Leoni Ruggenti
128746;Giovanbattista Gabana;0;Fulmini Verdi;Verde e Giallo;Lampi Verdi
128747;Emilio Paolo Lauro;0;Gufi Notturni;Viola e Grigio;Occhi nella Notte
128748;Tancredi Giorgianni;0;Rinoceronti Blu;Verde e Argento;Rino Blu
128749;Umberto Occhipinti;0;Squali Azzurri;Azzurro e Bianco;Predatori del Mare
128750;Elena Bottici;0;Delfini Argentati;Argento e Nero;Onde Argentate
128751;Manfred Fleres;0;Cinghiali Selvaggi;Marrone e Verde;Cinghiali Ruggenti
128752;Vincenzo Maria Stradiotto;0;Serpenti Dorati;Oro e Rosso;Serpenti Dorati
128753;Manfred Micele;0;Elefanti Grigi;Nero e Bianco;Elefanti Titanici
128754;Lucia Mazzatorta;0;Fenici Rosse;Rosso e Arancione;Ali di Fuoco
128755;Saverio Garavini;0;Cavalli Selvaggi;Rosso e Argento;Cavalieri Selvaggi
128756;Tullio Maconi;0;Aquile Reali;Blu e Oro;Reali del Cielo
128757;Gisella Bugnano;0;Pinguini Polari;Bianco e Nero;
128758;Sergio Reccia;0;Zebre Striate;Bianco e Rosso;Zebre Elettriche
128759;Marinella De Pietro;0;Squali Azzurri;Azzurro e Bianco;Predatori del Mare
128760;Gianvittorio Carpi;0;Pavoni Reali;Oro e Viola;Ali Reali
128761;Corrado Franco;0;Fenici Rosse;Rosso e Arancione;Ali di Fuoco
128762;Maria Paola Brunale;0;Tigri Nere;Nero e Arancione;Tigri Infuocate
128763;Fosco Ruotolo;0;Dragoni Rossi;Rosso e Nero;Fiamme Rosse
128764;Fabio Lauria;0;Serpenti Dorati;Oro e Rosso;Serpenti Dorati
128765;Sandro Tomaselli;0;Tigri Nere;Nero e Arancione;Tigri Infuocate
128766;Gelsomina Granaiola;0;Aquile Reali;Blu e Oro;Reali del Cielo
128767;Guido Rotondo;0;Cavalieri d'Argento;Argento e Blu;
128768;Ludovico Evangelista;0;Rinoceronti Blu;Verde e Argento;Rino Blu
128769;Ada Gubert;0;Elefanti Grigi;Nero e Bianco;Elefanti Titanici
128770;Bruno Campus;0;Zebre Striate;Bianco e Rosso;Zebre Elettriche
128771;Hans Micheloni;0;Rinoceronti Blu;Verde e Argento;Rino Blu
128772;Vittoria Bencini;0;Coccodrilli Verdi;Verde e Marrone;Coccodrilli d'Acciaio
128773;Antonio Malpezzi;0;Scorpioni Rossi;Giallo e Verde;Scorpioni d'Acciaio
128774;Gaetano Flammia;0;Corvi della Tempesta;Grigio e Blu;Tempesta Oscura
128775;Norberto Perrone;0;Serpenti Dorati;Oro e Rosso;Serpenti Dorati
128776;Costanzo Cervellini;0;Aquile Reali;Blu e Oro;Reali del Cielo
128777;Bernabo' Crescenzio;0;Pavoni Reali;Oro e Viola;Ali Reali
128778;Isabella Campagna;0;Cavalli Selvaggi;Rosso e Argento;Cavalieri Selvaggi
128779;Rosanna Coletti;0;Pantere Rosa;Rosa e Grigio;Pantere Fiere
128780;Simonetta Ayala;0;Fenici Rosse;Rosso e Arancione;Ali di Fuoco
128781;Assuntela Mussolini;0;Leoni Dorati;Giallo e Nero;Leoni Ruggenti
128782;Angelo Bucciero;0;Gatti Neri;Nero e Viola;
128783;Giulio Losurdo;0;Fulmini Verdi;Verde e Giallo;Lampi Verdi
128784;Marco Nespoli;0;Camaleonti Arcobaleno;Blu e Verde;Camaleonti Magici
128785;Rosario Magnalbo';0;Tigri Nere;Nero e Arancione;Tigri Infuocate
128786;Romano Pesco;0;Corvi della Tempesta;Grigio e Blu;Tempesta Oscura
128787;Rosario Coronella;0;Scorpioni Rossi;Giallo e Verde;Scorpioni d'Acciaio
128788;Vincenzo Maria Monacelli;0;Ippopotami Viola;Viola e Oro;
128789;Antonio Gianfranco Follini;0;Elefanti Grigi;Nero e Bianco;Elefanti Titanici
128790;Tilde Trentacoste;0;Corvi della Tempesta;Grigio e Blu;Tempesta Oscura
128791;Sebastiano Mennuni;0;Lupi del Nord;Bianco e Grigio;Ululati del Nord
128792;Renato Rescaglio;0;Coccodrilli Verdi;Verde e Marrone;Coccodrilli d'Acciaio
128793;Francesco Paolo Rotondo;0;Dragoni Rossi;Rosso e Nero;Fiamme Rosse
128794;Mario Perrone;0;Tigri Nere;Nero e Arancione;Tigri Infuocate
128795;Dario Tosato;0;Elefanti Grigi;Nero e Bianco;Elefanti Titanici
128796;Aurelio Giuseppe Grassi;0;Camaleonti Arcobaleno;Blu e Verde;Camaleonti Magici
128797;Enzo Giorgio Secondo Lomuti;0;Cavalli Selvaggi;Rosso e Argento;Cavalieri Selvaggi
128798;Eugenio Mario Aiello;0;Scorpioni Rossi;Giallo e Verde;Scorpioni d'Acciaio
128799;Mauro Antonio Donato D'ali';0;Tigri Nere;Nero e Arancione;Tigri Infuocate
128800;Daniele Sigismondi;0;Corvi della Tempesta;Grigio e Blu;Tempesta Oscura
128801;Giuseppe Maria Chiurazzi;0;Orsi Polari;Bianco e Blu;
128802;Rossella Piccoli;0;Zebre Striate;Bianco e Rosso;Zebre Elettriche
128803;Hans Co';0;Cavalli Selvaggi;Rosso e Argento;Cavalieri Selvaggi
128804;Rosa Maria Tesei;0;Corvi della Tempesta;Grigio e Blu;Tempesta Oscura
128805;Danila Pastore;0;Lupi del Nord;Bianco e Grigio;Ululati del Nord
128806;Tana Bellini;0;Zebre Striate;Bianco e Rosso;Zebre Elettriche
128807;Salvatore Tito Galardi;0;Rinoceronti Blu;Verde e Argento;Rino Blu
128808;Daniela Silvestri;0;Aquile Reali;Blu e Oro;Reali del Cielo
128809;Aldo Minniti;0;Coccodrilli Verdi;Verde e Marrone;Coccodrilli d'Acciaio
128810;Lavinia Staniscia;0;Tigri Nere;Nero e Arancione;Tigri Infuocate
128811;Pamela Giacoma Giovanna Di Piazza;0;Scorpioni Rossi;Giallo e Verde;Scorpioni d'Acciaio
128812;Franca Pittella;0;Pinguini Polari;Bianco e Nero;
128813;Bianca Laura Davico;0;Coccodrilli Verdi;Verde e Marrone;Coccodrilli d'Acciaio
128814;Silvio Emilio Bocca;0;Serpenti Dorati;Oro e Rosso;Serpenti Dorati
128815;Alan Bosi;0;Aquile Blu;Blu e Bianco;Aquile Volanti
128816;Renato Guerino Fenu;0;Serpenti Dorati;Oro e Rosso;Serpenti Dorati
128817;Nicolo' Melchiorre;0;Elefanti Grigi;Nero e Bianco;Elefanti Titanici
128818;Gilberto Sarro;0;Aquile Reali;Blu e Oro;Reali del Cielo
128819;Giovanni Modena;0;Gatti Neri;Nero e Viola;
128820;Filippo Maria Lotito;0;Zebre Striate;Bianco e Rosso;Zebre Elettriche
128821;Erika Enriques;0;Aquile Blu;Blu e Bianco;Aquile Volanti
128822;Angelo Maria Maiorino;0;Ippopotami Viola;Viola e Oro;
128823;Bartolomeo Ceroni;0;Cinghiali Selvaggi;Marrone e Verde;Cinghiali Ruggenti
128824;Rocco Vito Tabladini;0;Tigri Nere;Nero e Arancione;Tigri Infuocate
128825;Carlo Favero;0;Aquile Blu;Blu e Bianco;Aquile Volanti
128826;Marinella Del Vecchio;0;Orsi Polari;Bianco e Blu;
128827;Loredana Cottarelli;0;Squali Azzurri;Azzurro e Bianco;Predatori del Mare
128828;Benedetto Cucca;0;Lupi del Nord;Bianco e Grigio;Ululati del Nord
128829;Benedetto Forcieri;0;Orsi Polari;Bianco e Blu;
128830;Costantino Boccia;0;Cinghiali Selvaggi;Marrone e Verde;Cinghiali Ruggenti
128831;Giorgio Biondi;0;Fulmini Verdi;Verde e Giallo;Lampi Verdi
128832;Aurora Donise;0;Cavalieri d'Argento;Argento e Blu;
128833;Rosellina Astore;0;Cavalieri d'Argento;Argento e Blu;
128834;Anna Cinzia Follini;0;Lupi del Nord;Bianco e Grigio;Ululati del Nord
128835;Dario Serena;0;Ippopotami Viola;Viola e Oro;
128836;Giuliomaria Bonifazi;0;Cavalli Selvaggi;Rosso e Argento;Cavalieri Selvaggi
128837;Aleandro Mineo;0;Cavalieri d'Argento;Argento e Blu;
128838;Aniello Provera;0;Falchi Grigi;Grigio e Nero;Falchi del Vento
128839;Dario Meduri;0;Aquile Blu;Blu e Bianco;Aquile Volanti
128840;Cristina Vita;0;Ippopotami Viola;Viola e Oro;
128841;Rosaria Maffoni;0;Pavoni Reali;Oro e Viola;Ali Reali
128842;Fabrizio Maconi;0;Zebre Striate;Bianco e Rosso;Zebre Elettriche
128843;Luis Alberto Iannuzzi;0;Aquile Reali;Blu e Oro;Reali del Cielo
128844;Egidio Luigi Chiti;0;Leoni Dorati;Giallo e Nero;Leoni Ruggenti
128845;Giuliomaria Aracri;0;Ippopotami Viola;Viola e Oro;
128846;Antonino Vitali;0;Cavalieri d'Argento;Argento e Blu;
128847;Salvo Cortiana;0;Pantere Rosa;Rosa e Grigio;Pantere Fiere
128848;Manfred Berardi;0;Serpenti Dorati;Oro e Rosso;Serpenti Dorati
128849;Giusy Formisano;0;Squali Azzurri;Azzurro e Bianco;Predatori del Mare
128850;Enrico Vetrella;0;Fulmini Verdi;Verde e Giallo;Lampi Verdi
128851;Urania Giulia Rosina Milio;0;Dragoni Rossi;Rosso e Nero;Fiamme Rosse
128852;Lara Malentacchi;0;Gufi Notturni;Viola e Grigio;Occhi nella Notte
128853;Antonio Salvatore Serafini;0;Lupi del Nord;Bianco e Grigio;Ululati del Nord
128854;Elidio Marcenaro;0;Leoni Dorati;Giallo e Nero;Leoni Ruggenti
128855;Vasco Licastro Scardino;0;Zebre Striate;Bianco e Rosso;Zebre Elettriche
128856;Nedo Lorenzo Viespoli;0;Dragoni Rossi;Rosso e Nero;Fiamme Rosse
128857;Aldo Cortiana;0;Pantere Rosa;Rosa e Grigio;Pantere Fiere
128858;Franca Stiffoni;0;Leoni Dorati;Giallo e Nero;Leoni Ruggenti
128859;Flavio Camerini;0;Scorpioni Rossi;Giallo e Verde;Scorpioni d'Acciaio
128860;William Cesaro;0;Gatti Neri;Nero e Viola;
128861;Felice D'alfonso;0;Rinoceronti Blu;Verde e Argento;Rino Blu
128862;Matteo Di Giacomo;0;Gufi Notturni;Viola e Grigio;Occhi nella Notte
128863;Aurelio Giuseppe Zanoni;0;Pinguini Polari;Bianco e Nero;
128864;Agazio Minzolini;0;Serpenti Dorati;Oro e Rosso;Serpenti Dorati
128865;Camilla Pieroni;0;Pavoni Reali;Oro e Viola;Ali Reali
128866;Cataldo Libe';0;Falchi Grigi;Grigio e Nero;Falchi del Vento
128867;Loredana Montalbano;0;Cinghiali Selvaggi;Marrone e Verde;Cinghiali Ruggenti
128868;Gianluca Consolo;0;Ippopotami Viola;Viola e Oro;
128869;Luca Pasinato;0;Aquile Reali;Blu e Oro;Reali del Cielo
128870;Cristina Bitonci;0;Pantere Rosa;Rosa e Grigio;Pantere Fiere
128871;Pamela Giacoma Giovanna Bonatesta;0;Volpi del Bosco;Blu e Rosso;Volpi Veloci
128872;Celestino Laus;0;Aquile Reali;Blu e Oro;Reali del Cielo
128873;Linda Dal Mas;0;Serpenti Dorati;Oro e Rosso;Serpenti Dorati
128874;Antonino Campus;0;Aquile Blu;Blu e Bianco;Aquile Volanti
128875;Michele Pisani;0;Dragoni Rossi;Rosso e Nero;Fiamme Rosse
128876;Euprepio Gruosso;0;Camaleonti Arcobaleno;Blu e Verde;Camaleonti Magici
128877;Gian Marco Buemi;0;Fulmini Verdi;Verde e Giallo;Lampi Verdi
128878;Ivo Filograna;0;Scorpioni Rossi;Giallo e Verde;Scorpioni d'Acciaio
128879;Cristiano Roilo;0;Fenici Rosse;Rosso e Arancione;Ali di Fuoco
128880;Patrizio Giacomo Bonfietti;0;Orsi Polari;Bianco e Blu;
128881;Fausto Casini;0;Falchi Grigi;Grigio e Nero;Falchi del Vento
128882;Emilio Cirinna';0;Squali Azzurri;Azzurro e Bianco;Predatori del Mare
128883;Simone Patton;0;Aquile Reali;Blu e Oro;Reali del Cielo
128884;Magda Paroli;0;Zebre Striate;Bianco e Rosso;Zebre Elettriche
128885;Mauro Speroni;0;Ippopotami Viola;Viola e Oro;
128886;Cristiano Caprili;0;Aquile Blu;Blu e Bianco;Aquile Volanti
128887;Antonio Franco Caponi;0;Fulmini Verdi;Verde e Giallo;Lampi Verdi
128888;Pietro Sacconi;0;Delfini Argentati;Argento e Nero;Onde Argentate
128889;Marina Cazzaro;0;Falchi Grigi;Grigio e Nero;Falchi del Vento
128890;Meinhard Bastico;0;Pinguini Polari;Bianco e Nero;
128891;Tamara Modica;0;Serpenti Dorati;Oro e Rosso;Serpenti Dorati
128892;Vincenzo Ruggero Zanone;0;Fenici Rosse;Rosso e Arancione;Ali di Fuoco
128893;Ettore Antonio Esposito;0;Aquile Reali;Blu e Oro;Reali del Cielo
128894;Anna Rita Fusillo;0;Pantere Rosa;Rosa e Grigio;Pantere Fiere
128895;Sante Puppato;0;Coccodrilli Verdi;Verde e Marrone;Coccodrilli d'Acciaio
128896;Vincenza Molinari;0;Cavalli Selvaggi;Rosso e Argento;Cavalieri Selvaggi
128897;Filadelfio Guido Zizza;0;Scorpioni Rossi;Giallo e Verde;Scorpioni d'Acciaio
128898;Raffaella Serra;0;Coccodrilli Verdi;Verde e Marrone;Coccodrilli d'Acciaio
128899;Maria Grazia Laforgia;0;Elefanti Grigi;Nero e Bianco;Elefanti Titanici
128900;Cosimo Budin;0;Rinoceronti Blu;Verde e Argento;Rino Blu
128901;Manuela Squarcialupi;0;Cavalli Selvaggi;Rosso e Argento;Cavalieri Selvaggi
128902;Maria Alessandra De Lucia;0;Pantere Rosa;Rosa e Grigio;Pantere Fiere
128903;Vito Fede;0;Serpenti Dorati;Oro e Rosso;Serpenti Dorati
128904;Oscar Luigi Repetti;0;Orsi Polari;Bianco e Blu;
128905;Orietta Boccia;0;Lupi del Nord;Bianco e Grigio;Ululati del Nord
128906;Stefania Gabriella Anastasia Cuffaro;0;Cinghiali Selvaggi;Marrone e Verde;Cinghiali Ruggenti
128907;Albert Monti;0;Aquile Blu;Blu e Bianco;Aquile Volanti
128908;Donato Tommaso Peruzzotti;0;Serpenti Dorati;Oro e Rosso;Serpenti Dorati
128909;Fosco Toffanin;0;Fulmini Verdi;Verde e Giallo;Lampi Verdi
128910;Ciro Visentin;0;Cavalieri d'Argento;Argento e Blu;
128911;Donatella Pucciarelli;0;Zebre Striate;Bianco e Rosso;Zebre Elettriche
128912;Aniello Dato;0;Elefanti Grigi;Nero e Bianco;Elefanti Titanici
128913;Alessandro Maninetti;0;Corvi della Tempesta;Grigio e Blu;Tempesta Oscura
128914;Adolfo Caliendo;0;Lupi del Nord;Bianco e Grigio;Ululati del Nord
128915;Alberto Adalgisio Baldassarri;0;Squali Azzurri;Azzurro e Bianco;Predatori del Mare
128916;Saverio Salvatore Maninetti;0;Aquile Blu;Blu e Bianco;Aquile Volanti
128917;Ylenia Camusso;0;Fenici Rosse;Rosso e Arancione;Ali di Fuoco
128918;Antonino Scarpinato;0;Scorpioni Rossi;Giallo e Verde;Scorpioni d'Acciaio
128919;Doriano Lai;0;Tigri Nere;Nero e Arancione;Tigri Infuocate
128920;Gianmarco Randazzo;0;Squali Azzurri;Azzurro e Bianco;Predatori del Mare
128921;Sergio Baccini;0;Pinguini Polari;Bianco e Nero;
128922;Gabriele Stiffoni;0;Orsi Polari;Bianco e Blu;
128923;Cataldo Biscardini;0;Dragoni Rossi;Rosso e Nero;Fiamme Rosse
128924;Tony Chike Murelli;0;Pantere Rosa;Rosa e Grigio;Pantere Fiere
128925;Dafne Fantola;0;Tigri Nere;Nero e Arancione;Tigri Infuocate
128926;Maria Paola Crema;0;Tigri Nere;Nero e Arancione;Tigri Infuocate
128927;Sabrina Campagna;0;Fenici Rosse;Rosso e Arancione;Ali di Fuoco
128928;Emilio Li Gotti;0;Orsi Polari;Bianco e Blu;
128929;Gianvittorio Dini;0;Ippopotami Viola;Viola e Oro;
128930;Gaetano Steger;0;Corvi della Tempesta;Grigio e Blu;Tempesta Oscura
128931;Ortensio Vescovi;0;Cavalli Selvaggi;Rosso e Argento;Cavalieri Selvaggi
128932;Beatrice Ciriani;0;Scorpioni Rossi;Giallo e Verde;Scorpioni d'Acciaio
128933;Lionello Marco Bonfrisco;0;Falchi Grigi;Grigio e Nero;Falchi del Vento
128934;Daniele Gaetano Ucchielli;0;Aquile Reali;Blu e Oro;Reali del Cielo
128935;Loredana Longhi;0;Dragoni Rossi;Rosso e Nero;Fiamme Rosse
128936;Corrado Negri;0;Scorpioni Rossi;Giallo e Verde;Scorpioni d'Acciaio
128937;Natale Maria Alfonso Demasi;0;Cavalieri d'Argento;Argento e Blu;
128938;Niccolo' Pisa;0;Leoni Dorati;Giallo e Nero;Leoni Ruggenti
128939;Olimpia Minzolini;0;Aquile Blu;Blu e Bianco;Aquile Volanti
128940;Antonio Stefano Emprin Gilardini;0;Cavalli Selvaggi;Rosso e Argento;Cavalieri Selvaggi
128941;Rossana Vaccari;0;Squali Azzurri;Azzurro e Bianco;Predatori del Mare
128942;Carmelo Peruzzotti;0;Coccodrilli Verdi;Verde e Marrone;Coccodrilli d'Acciaio
128943;Giacomo Zanoni;0;Aquile Blu;Blu e Bianco;Aquile Volanti
128944;Maria Paola Biasco;0;Fenici Rosse;Rosso e Arancione;Ali di Fuoco
128945;Esterino Battistoni;0;Delfini Argentati;Argento e Nero;Onde Argentate
128946;Pamela Giacoma Giovanna Auddino;0;Scorpioni Rossi;Giallo e Verde;Scorpioni d'Acciaio
128947;Vittoria Francesca Maria Russo Spena;0;Squali Azzurri;Azzurro e Bianco;Predatori del Mare
128948;Giusy Fosson;0;Pavoni Reali;Oro e Viola;Ali Reali
128949;Willer Silvestroni;0;Aquile Blu;Blu e Bianco;Aquile Volanti
128950;Etelwardo Eufemi;0;Volpi del Bosco;Blu e Rosso;Volpi Veloci
128951;Nuccio Germana';0;Aquile Reali;Blu e Oro;Reali del Cielo
128952;Margherita Pavanelli;0;Coccodrilli Verdi;Verde e Marrone;Coccodrilli d'Acciaio
128953;Annamaria Conte;0;Coccodrilli Verdi;Verde e Marrone;Coccodrilli d'Acciaio
128954;Romano Sartori;0;Volpi del Bosco;Blu e Rosso;Volpi Veloci
128955;Jonny Toninelli;0;Volpi del Bosco;Blu e Rosso;Volpi Veloci
128956;Armin Saia;0;Zebre Striate;Bianco e Rosso;Zebre Elettriche
128957;Manuela Mantovano;0;Dragoni Rossi;Rosso e Nero;Fiamme Rosse
128958;Raffaella Fiormaria Conzatti;0;Pantere Rosa;Rosa e Grigio;Pantere Fiere
128959;Franca Coltorti;0;Cinghiali Selvaggi;Marrone e Verde;Cinghiali Ruggenti
128960;Bernabo' Mainardi;0;Cavalli Selvaggi;Rosso e Argento;Cavalieri Selvaggi
128961;Meinhard Caridi;0;Gatti Neri;Nero e Viola;
128962;Giampaolo Ventucci;0;Scorpioni Rossi;Giallo e Verde;Scorpioni d'Acciaio
128963;Graziano Auddino;0;Aquile Blu;Blu e Bianco;Aquile Volanti
128964;Pietro Donise;0;Falchi Grigi;Grigio e Nero;Falchi del Vento
128965;Nino Caruso;0;Ippopotami Viola;Viola e Oro;
128966;Ivo Passigli;0;Ippopotami Viola;Viola e Oro;
128967;Gavino Zanettin;0;Aquile Reali;Blu e Oro;Reali del Cielo
128968;Corradino Garraffa;0;Scorpioni Rossi;Giallo e Verde;Scorpioni d'Acciaio
128969;Primo Pessina;0;Orsi Polari;Bianco e Blu;
128970;Gavino Taricco;0;Scorpioni Rossi;Giallo e Verde;Scorpioni d'Acciaio
128971;Domenico Pagano;0;Lupi del Nord;Bianco e Grigio;Ululati del Nord
128972;Silvano Milo;0;Camaleonti Arcobaleno;Blu e Verde;Camaleonti Magici
128973;Silvia De Carlo;0;Pavoni Reali;Oro e Viola;Ali Reali
128974;Christian Vernetti;0;Squali Azzurri;Azzurro e Bianco;Predatori del Mare
128975;Lara Vicini;0;Gufi Notturni;Viola e Grigio;Occhi nella Notte
128976;Antonio Stefano Vanin;0;Falchi Grigi;Grigio e Nero;Falchi del Vento
128977;Maria Ida Rando;0;Serpenti Dorati;Oro e Rosso;Serpenti Dorati
128978;Enrico Piglionica;0;Cavalli Selvaggi;Rosso e Argento;Cavalieri Selvaggi
128979;Tony Chike Sudano;0;Gufi Notturni;Viola e Grigio;Occhi nella Notte
128980;Tatjana Puglisi;0;Volpi del Bosco;Blu e Rosso;Volpi Veloci
128981;Valentino Liuzzi;0;Corvi della Tempesta;Grigio e Blu;Tempesta Oscura
128982;Augusto Causin;0;Cavalieri d'Argento;Argento e Blu;
128983;Maria Paola De Falco;0;Elefanti Grigi;Nero e Bianco;Elefanti Titanici
128984;Esterino Massidda;0;Gatti Neri;Nero e Viola;
128985;Vladimiro Pagliari;0;Cinghiali Selvaggi;Marrone e Verde;Cinghiali Ruggenti
128986;Cristiano Cattaneo;0;Falchi Grigi;Grigio e Nero;Falchi del Vento
128987;Fausto Dal Mas;0;Pantere Rosa;Rosa e Grigio;Pantere Fiere
128988;Mariano Perosino;0;Tigri Nere;Nero e Arancione;Tigri Infuocate
128989;Tomaso Adduce;0;Pantere Rosa;Rosa e Grigio;Pantere Fiere
128990;Valentino Di Orio;0;Zebre Striate;Bianco e Rosso;Zebre Elettriche
128991;Riccardo Mungari;0;Ippopotami Viola;Viola e Oro;
128992;Albertina Mascitelli;0;Pantere Rosa;Rosa e Grigio;Pantere Fiere
128993;Mariapia Ricciardi;0;Fenici Rosse;Rosso e Arancione;Ali di Fuoco
128994;Maria Antonietta Zanda;0;Gufi Notturni;Viola e Grigio;Occhi nella Notte
128995;Nunzia Iovene;0;Pantere Rosa;Rosa e Grigio;Pantere Fiere
128996;Giuseppe Francesco Maria Vanin;0;Gufi Notturni;Viola e Grigio;Occhi nella Notte
128997;Gian Pietro Stradiotto;0;Camaleonti Arcobaleno;Blu e Verde;Camaleonti Magici
128998;Gianrico Ladu;0;Zebre Striate;Bianco e Rosso;Zebre Elettriche
128999;Iunio Valerio D'apuzzo;0;Tigri Nere;Nero e Arancione;Tigri Infuocate
129000;Agazio Campagna;0;Scorpioni Rossi;Giallo e Verde;Scorpioni d'Acciaio
129001;Luciana Marcheschi;0;Pantere Rosa;Rosa e Grigio;Pantere Fiere
129002;Rosario Giorgio Strano;0;Fulmini Verdi;Verde e Giallo;Lampi Verdi
129003;Furio Forte;0;Aquile Reali;Blu e Oro;Reali del Cielo
129004;Felicia Pollastri;0;Squali Azzurri;Azzurro e Bianco;Predatori del Mare
129005;Urania Giulia Rosina Musumeci;0;Tigri Nere;Nero e Arancione;Tigri Infuocate
129006;Angelo Michele Ferrari;0;Serpenti Dorati;Oro e Rosso;Serpenti Dorati
129007;Susy Astore;0;Delfini Argentati;Argento e Nero;Onde Argentate
129008;Roberto Baldini;0;Corvi della Tempesta;Grigio e Blu;Tempesta Oscura
129009;Margherita Vallardi;0;Pavoni Reali;Oro e Viola;Ali Reali
129010;Silvestro Giaretta;0;Aquile Reali;Blu e Oro;Reali del Cielo
129011;Gianni Di Piazza;0;Rinoceronti Blu;Verde e Argento;Rino Blu
129012;Cesarino Scalia;0;Zebre Striate;Bianco e Rosso;Zebre Elettriche
129013;Renato Cario;0;Gufi Notturni;Viola e Grigio;Occhi nella Notte
129014;Santo Cusimano;0;Gatti Neri;Nero e Viola;
129015;Stanislao Alessandro Iannone;0;Coccodrilli Verdi;Verde e Marrone;Coccodrilli d'Acciaio
129016;Stefano Carlino;0;Elefanti Grigi;Nero e Bianco;Elefanti Titanici
129017;Daria Marano;0;Aquile Blu;Blu e Bianco;Aquile Volanti
129018;Elio Ciampolillo;0;Zebre Striate;Bianco e Rosso;Zebre Elettriche
129019;Filippo Maria Sinisi;0;Fulmini Verdi;Verde e Giallo;Lampi Verdi
129020;Daisy Danieli;0;Orsi Polari;Bianco e Blu;
129021;Altero Menia;0;Pantere Rosa;Rosa e Grigio;Pantere Fiere
129022;Giampaolo Vittorio Elio Carpi;0;Elefanti Grigi;Nero e Bianco;Elefanti Titanici
129023;Antonio Gianfranco Donadi;0;Aquile Blu;Blu e Bianco;Aquile Volanti
129024;Fiorello Zizza;0;Coccodrilli Verdi;Verde e Marrone;Coccodrilli d'Acciaio
129025;Aurora Semeraro;0;Ippopotami Viola;Viola e Oro;
129026;Anna Rita Vetrella;0;Zebre Striate;Bianco e Rosso;Zebre Elettriche
129027;Celestino Perrone;0;Camaleonti Arcobaleno;Blu e Verde;Camaleonti Magici
129028;Nadia Zecchino;0;Cinghiali Selvaggi;Marrone e Verde;Cinghiali Ruggenti
129029;Giuseppe Onorato Benito Borghese;0;Cavalieri d'Argento;Argento e Blu;
129030;Bianca Maria Fede;0;Corvi della Tempesta;Grigio e Blu;Tempesta Oscura
129031;Amintore Di Piazza;0;Volpi del Bosco;Blu e Rosso;Volpi Veloci
129032;Ester La Russa;0;Serpenti Dorati;Oro e Rosso;Serpenti Dorati
129033;Albertino Morselli;0;Cavalli Selvaggi;Rosso e Argento;Cavalieri Selvaggi
129034;Linda Bencini;0;Gatti Neri;Nero e Viola;
129035;Patty Gallicchio;0;Tigri Nere;Nero e Arancione;Tigri Infuocate
129036;Lionello D'andrea;0;Aquile Reali;Blu e Oro;Reali del Cielo
129037;Fabiola Lotito;0;Orsi Polari;Bianco e Blu;
129038;Sandro Vegas;0;Cinghiali Selvaggi;Marrone e Verde;Cinghiali Ruggenti
129039;Nicoletta Sileri;0;Zebre Striate;Bianco e Rosso;Zebre Elettriche
129040;Michele Barelli;0;Cavalieri d'Argento;Argento e Blu;
129041;Vilma Malpezzi;0;Falchi Grigi;Grigio e Nero;Falchi del Vento
129042;Fausto Wilde;0;Ippopotami Viola;Viola e Oro;
129043;Michaela Mazzoni;0;Serpenti Dorati;Oro e Rosso;Serpenti Dorati
129044;Luigi Robol;0;Falchi Grigi;Grigio e Nero;Falchi del Vento
129045;Gian Giacomo Silvestri;0;Zebre Striate;Bianco e Rosso;Zebre Elettriche
129046;Giuseppe Luigi Salvatore Capelli;0;Lupi del Nord;Bianco e Grigio;Ululati del Nord
129047;Adele Piglionica;0;Squali Azzurri;Azzurro e Bianco;Predatori del Mare
129048;Elidio Lasagna;0;Elefanti Grigi;Nero e Bianco;Elefanti Titanici
129049;Mario Semenzato;0;Rinoceronti Blu;Verde e Argento;Rino Blu
129050;Ettore Fazio;0;Camaleonti Arcobaleno;Blu e Verde;Camaleonti Magici
129051;Gianni Lisei;0;Cavalieri d'Argento;Argento e Blu;
129052;Rosario Mattesini;0;Gufi Notturni;Viola e Grigio;Occhi nella Notte
129053;Lucrezia Bortolotto;0;Delfini Argentati;Argento e Nero;Onde Argentate
129054;Maria Paola Tancredi;0;Pavoni Reali;Oro e Viola;Ali Reali
129055;Leonardo Pasquini;0;Coccodrilli Verdi;Verde e Marrone;Coccodrilli d'Acciaio
129056;Alfonso Masini;0;Delfini Argentati;Argento e Nero;Onde Argentate
129057;Mariangela Magoni;0;Cinghiali Selvaggi;Marrone e Verde;Cinghiali Ruggenti
129058;Helga Provera;0;Volpi del Bosco;Blu e Rosso;Volpi Veloci
129059;Bernabo' Alfonzi;0;Volpi del Bosco;Blu e Rosso;Volpi Veloci
129060;Edoardo Franco;0;Lupi del Nord;Bianco e Grigio;Ululati del Nord
129061;Lucrezia Vetrella;0;Cavalli Selvaggi;Rosso e Argento;Cavalieri Selvaggi
129062;Ludovico Calandrini;0;Zebre Striate;Bianco e Rosso;Zebre Elettriche
129063;Felicia Mazzatorta;0;Serpenti Dorati;Oro e Rosso;Serpenti Dorati
129064;Lucia Puglisi;0;Corvi della Tempesta;Grigio e Blu;Tempesta Oscura
129065;Caterina Carbone;0;Volpi del Bosco;Blu e Rosso;Volpi Veloci
129066;Piero Iannuzzi;0;Orsi Polari;Bianco e Blu;
129067;Carlo Azeglio Daniele Galdi;0;Elefanti Grigi;Nero e Bianco;Elefanti Titanici
129068;Altero Rotondi;0;Pantere Rosa;Rosa e Grigio;Pantere Fiere
129069;Franco Costantino Bornacin;0;Corvi della Tempesta;Grigio e Blu;Tempesta Oscura
129070;Nitto Francesco Scalfarotto;0;Orsi Polari;Bianco e Blu;
129071;Gaspare Antonio Marano;0;Lupi del Nord;Bianco e Grigio;Ululati del Nord
129072;Nando Iannone;0;Scorpioni Rossi;Giallo e Verde;Scorpioni d'Acciaio
129073;Maria Cecilia Comincini;0;Fenici Rosse;Rosso e Arancione;Ali di Fuoco
129074;Marta Cabras;0;Leoni Dorati;Giallo e Nero;Leoni Ruggenti
129075;Calogero Caleo;0;Leoni Dorati;Giallo e Nero;Leoni Ruggenti
129076;Lorenzo Emilio Giordano;0;Lupi del Nord;Bianco e Grigio;Ululati del Nord
129077;Cesarino Cassinelli;0;Pantere Rosa;Rosa e Grigio;Pantere Fiere
129078;Marzia Meleleo;0;Cinghiali Selvaggi;Marrone e Verde;Cinghiali Ruggenti
129079;Grazia Barbato;0;Leoni Dorati;Giallo e Nero;Leoni Ruggenti
129080;Gianpaolo Consiglio;0;Lupi del Nord;Bianco e Grigio;Ululati del Nord
129081;Grazia Ricchiuti;0;Fenici Rosse;Rosso e Arancione;Ali di Fuoco
129082;Nicolo' Gentile;0;Rinoceronti Blu;Verde e Argento;Rino Blu
129083;Stelio Pittelli;0;Fenici Rosse;Rosso e Arancione;Ali di Fuoco
129084;Giuseppe Francesco Maria Stefano;0;Gatti Neri;Nero e Viola;
129085;Ersilia Casolati;0;Zebre Striate;Bianco e Rosso;Zebre Elettriche
129086;Lorenzo Emilio Cabras;0;Cinghiali Selvaggi;Marrone e Verde;Cinghiali Ruggenti
129087;Alessio Serra;0;Gatti Neri;Nero e Viola;
129088;Vittorio Poretti;0;Lupi del Nord;Bianco e Grigio;Ululati del Nord
129089;Aniello Maffioli;0;Zebre Striate;Bianco e Rosso;Zebre Elettriche
129090;Niccolo' Massucco;0;Aquile Blu;Blu e Bianco;Aquile Volanti
129091;Vidmer Mura;0;Scorpioni Rossi;Giallo e Verde;Scorpioni d'Acciaio
129092;Filomeno Biagio Florino;0;Cavalieri d'Argento;Argento e Blu;
129093;Elio Liuzzi;0;Pavoni Reali;Oro e Viola;Ali Reali
129094;Raffaela Cicolani;0;Dragoni Rossi;Rosso e Nero;Fiamme Rosse
129095;Maria Laura De Angelis;0;Camaleonti Arcobaleno;Blu e Verde;Camaleonti Magici
129096;Donato Sposetti;0;Falchi Grigi;Grigio e Nero;Falchi del Vento
129097;Guido Quintino Spilabotte;0;Pavoni Reali;Oro e Viola;Ali Reali
129098;Milziade Urraro;0;Delfini Argentati;Argento e Nero;Onde Argentate
129099;Marzia Magoni;0;Fulmini Verdi;Verde e Giallo;Lampi Verdi
129100;Gelsomina Libe';0;Dragoni Rossi;Rosso e Nero;Fiamme Rosse
129101;Michaela Nardini;0;Volpi del Bosco;Blu e Rosso;Volpi Veloci
129102;Rosellina Amorena;0;Fenici Rosse;Rosso e Arancione;Ali di Fuoco
129103;Milos Silvestri;0;Squali Azzurri;Azzurro e Bianco;Predatori del Mare
129104;Maria Claudia Magorno;0;Fenici Rosse;Rosso e Arancione;Ali di Fuoco
129105;Sauro Del Roio;0;Leoni Dorati;Giallo e Nero;Leoni Ruggenti
129106;Daniele Valditara;0;Cavalli Selvaggi;Rosso e Argento;Cavalieri Selvaggi
129107;Orietta Gaglione;0;Zebre Striate;Bianco e Rosso;Zebre Elettriche
129108;Rossana Serena;0;Pinguini Polari;Bianco e Nero;
129109;Michele Arcangelo Comincini;0;Gatti Neri;Nero e Viola;
129110;Guido Cesare Rossa;0;Coccodrilli Verdi;Verde e Marrone;Coccodrilli d'Acciaio
129111;Vittorio Tabladini;0;Pantere Rosa;Rosa e Grigio;Pantere Fiere
129112;Maria Cristina Thaler Ausserhofer;0;Ippopotami Viola;Viola e Oro;
129113;Cristina Cantalamessa;0;Orsi Polari;Bianco e Blu;
129114;Gian Piero Lo Moro;0;Cavalieri d'Argento;Argento e Blu;
129115;Guido Cesare Formigoni;0;Volpi del Bosco;Blu e Rosso;Volpi Veloci
129116;Antonio Salvatore Demasi;0;Gufi Notturni;Viola e Grigio;Occhi nella Notte
129117;Carlo Bernasconi;0;Volpi del Bosco;Blu e Rosso;Volpi Veloci
129118;Ilaria Boldrini;0;Delfini Argentati;Argento e Nero;Onde Argentate
129119;Pierpaolo Scoma;0;Gufi Notturni;Viola e Grigio;Occhi nella Notte
129120;Federico Lubrano Di Ricco;0;Falchi Grigi;Grigio e Nero;Falchi del Vento
129121;Ida Bianchi;0;Pantere Rosa;Rosa e Grigio;Pantere Fiere
129122;Ylenia La Russa;0;Aquile Reali;Blu e Oro;Reali del Cielo
129123;Virginia Bettini;0;Delfini Argentati;Argento e Nero;Onde Argentate
129124;Emma Vicari;0;Dragoni Rossi;Rosso e Nero;Fiamme Rosse
129125;Alfonso Milo;0;Cinghiali Selvaggi;Marrone e Verde;Cinghiali Ruggenti
129126;Leonzio D'ascola;0;Pantere Rosa;Rosa e Grigio;Pantere Fiere
129127;Tancredi Naturale;0;Pantere Rosa;Rosa e Grigio;Pantere Fiere
129128;Sandro Mautone;0;Fulmini Verdi;Verde e Giallo;Lampi Verdi
129129;Carlo Azeglio Lo Moro;0;Tigri Nere;Nero e Arancione;Tigri Infuocate
129130;Giorgio Latronico;0;Elefanti Grigi;Nero e Bianco;Elefanti Titanici
129131;Marinella Crisafulli;0;Aquile Reali;Blu e Oro;Reali del Cielo
129132;Elio Gamba;0;Tigri Nere;Nero e Arancione;Tigri Infuocate
129133;Ivo Conte;0;Orsi Polari;Bianco e Blu;
129134;Ada Parente;0;Aquile Blu;Blu e Bianco;Aquile Volanti
129135;Alessandra Storace;0;Orsi Polari;Bianco e Blu;
129136;Federico Maiorino;0;Elefanti Grigi;Nero e Bianco;Elefanti Titanici
129137;Nazario Murineddu;0;Aquile Blu;Blu e Bianco;Aquile Volanti
129138;Virginia Lisi;0;Cinghiali Selvaggi;Marrone e Verde;Cinghiali Ruggenti
129139;Susy Crescenzio;0;Squali Azzurri;Azzurro e Bianco;Predatori del Mare
129140;Ricardo Antonio Enriques;0;Cavalieri d'Argento;Argento e Blu;
129141;Rossano Caruso;0;Serpenti Dorati;Oro e Rosso;Serpenti Dorati
129142;Fabiola Tiraboschi;0;Pinguini Polari;Bianco e Nero;
129143;Armin Urraro;0;Rinoceronti Blu;Verde e Argento;Rino Blu
129144;Antonio Salvatore Rame;0;Rinoceronti Blu;Verde e Argento;Rino Blu
129145;Davide Betta;0;Leoni Dorati;Giallo e Nero;Leoni Ruggenti
129146;Ciro Pedrizzi;0;Orsi Polari;Bianco e Blu;
129147;Athos Maggiore;0;Scorpioni Rossi;Giallo e Verde;Scorpioni d'Acciaio
129148;Paolo Veltri;0;Squali Azzurri;Azzurro e Bianco;Predatori del Mare
129149;Ricardo Antonio Del Vecchio;0;Rinoceronti Blu;Verde e Argento;Rino Blu
129150;Orietta Agoni;0;Pinguini Polari;Bianco e Nero;
129151;Ferdinando Chiaromonte;0;Volpi del Bosco;Blu e Rosso;Volpi Veloci
129152;Nerina Mussolini;0;Ippopotami Viola;Viola e Oro;
129153;Bartolo Martelli;0;Gufi Notturni;Viola e Grigio;Occhi nella Notte
129154;Gavino Contestabile;0;Pavoni Reali;Oro e Viola;Ali Reali
129155;Alessandra Casini;0;Orsi Polari;Bianco e Blu;
129156;Sauro Carcarino;0;Pinguini Polari;Bianco e Nero;
129157;Lucia Bianconi;0;Aquile Blu;Blu e Bianco;Aquile Volanti
129158;Venera Pinzger;0;Delfini Argentati;Argento e Nero;Onde Argentate
129159;Alberto Pietro Maria Cambursano;0;Coccodrilli Verdi;Verde e Marrone;Coccodrilli d'Acciaio
129160;Vidmer Corti;0;Ippopotami Viola;Viola e Oro;
129161;Aleandro Giannuzzi;0;Pavoni Reali;Oro e Viola;Ali Reali
129162;Lorenzo Cardinali;0;Squali Azzurri;Azzurro e Bianco;Predatori del Mare
129163;Giuliano Ceruti;0;Cinghiali Selvaggi;Marrone e Verde;Cinghiali Ruggenti
129164;Mariano Camusso;0;Elefanti Grigi;Nero e Bianco;Elefanti Titanici
129165;Giacomo Nava;0;Camaleonti Arcobaleno;Blu e Verde;Camaleonti Magici
129166;Adele Naro;0;Volpi del Bosco;Blu e Rosso;Volpi Veloci
129167;Gianluigi Mancuso;0;Scorpioni Rossi;Giallo e Verde;Scorpioni d'Acciaio
129168;Enzo Giorgio Secondo Ciampolillo;0;Coccodrilli Verdi;Verde e Marrone;Coccodrilli d'Acciaio
129169;Fulvia Michela Parente;0;Falchi Grigi;Grigio e Nero;Falchi del Vento
129170;Sandro Palombo;0;Aquile Reali;Blu e Oro;Reali del Cielo
129171;William Alfieri;0;Aquile Blu;Blu e Bianco;Aquile Volanti
129172;Guido Quintino Rosso;0;Falchi Grigi;Grigio e Nero;Falchi del Vento
129173;Gelsomina Cossiga;0;Gatti Neri;Nero e Viola;
129174;Lara Azzollini;0;Pinguini Polari;Bianco e Nero;
129175;Maria Antonietta La Russa;0;Ippopotami Viola;Viola e Oro;
129176;Gennaro Valente;0;Scorpioni Rossi;Giallo e Verde;Scorpioni d'Acciaio
129177;Orfeo Palermo;0;Pinguini Polari;Bianco e Nero;
129178;Mariangela Barbaro;0;Squali Azzurri;Azzurro e Bianco;Predatori del Mare
129179;Leana Boco;0;Tigri Nere;Nero e Arancione;Tigri Infuocate
129180;Giovanni Corrado;0;Scorpioni Rossi;Giallo e Verde;Scorpioni d'Acciaio
129181;Susanna Lina Giulia Zilio;0;Leoni Dorati;Giallo e Nero;Leoni Ruggenti
129182;Mattia Ruta;0;Cavalli Selvaggi;Rosso e Argento;Cavalieri Selvaggi
129183;Rosa Maria Di Giorgi;0;Lupi del Nord;Bianco e Grigio;Ululati del Nord
129184;Giovanni Pietro Lunardi;0;Ippopotami Viola;Viola e Oro;
129185;Antonio Franco Biondelli;0;Pinguini Polari;Bianco e Nero;
129186;Giacinto Merlo;0;Aquile Reali;Blu e Oro;Reali del Cielo
129187;Gianrico Lumia;0;Leoni Dorati;Giallo e Nero;Leoni Ruggenti
129188;Vito Claudio Lombardi Satriani;0;Camaleonti Arcobaleno;Blu e Verde;Camaleonti Magici
129189;Angelo Matrisciano;0;Orsi Polari;Bianco e Blu;
129190;Ada Pagliari;0;Pantere Rosa;Rosa e Grigio;Pantere Fiere
129191;Domenica Pedrizzi;0;Volpi del Bosco;Blu e Rosso;Volpi Veloci
129192;Ilaria Centaro;0;Pantere Rosa;Rosa e Grigio;Pantere Fiere
129193;Bartolo Colombo;0;Corvi della Tempesta;Grigio e Blu;Tempesta Oscura
129194;Danila Giarrusso;0;Cavalieri d'Argento;Argento e Blu;
129195;Pierpaolo Briziarelli;0;Leoni Dorati;Giallo e Nero;Leoni Ruggenti
129196;Tatjana Mussolini;0;Fulmini Verdi;Verde e Giallo;Lampi Verdi
129197;Learco Repetti;0;Pinguini Polari;Bianco e Nero;
129198;Francesca Maria Marconi;0;Scorpioni Rossi;Giallo e Verde;Scorpioni d'Acciaio
129199;Cristiano Divella;0;Corvi della Tempesta;Grigio e Blu;Tempesta Oscura
129200;Stanislao Alessandro Crippa;0;Pinguini Polari;Bianco e Nero;
129201;Italo Pegorer;0;Fulmini Verdi;Verde e Giallo;Lampi Verdi
129202;Giovanna Sartori;0;Tigri Nere;Nero e Arancione;Tigri Infuocate
129203;Nuccio Pedrini;0;Cinghiali Selvaggi;Marrone e Verde;Cinghiali Ruggenti
129204;Monica Papania;0;Pavoni Reali;Oro e Viola;Ali Reali
129205;Nunziante Miglio;0;Lupi del Nord;Bianco e Grigio;Ululati del Nord
129206;Gian Giacomo Conte;0;Zebre Striate;Bianco e Rosso;Zebre Elettriche
129207;Alfredo Lusi;0;Leoni Dorati;Giallo e Nero;Leoni Ruggenti
129208;Irene Lo Giudice;0;Aquile Reali;Blu e Oro;Reali del Cielo
129209;Ferdinando Auddino;0;Pavoni Reali;Oro e Viola;Ali Reali
129210;Marina Liris;0;Tigri Nere;Nero e Arancione;Tigri Infuocate
129211;Liliana Bucci;0;Squali Azzurri;Azzurro e Bianco;Predatori del Mare
129212;Alberto Pietro Maria Boscetto;0;Pavoni Reali;Oro e Viola;Ali Reali
129213;Oreste Centaro;0;Cavalli Selvaggi;Rosso e Argento;Cavalieri Selvaggi
129214;Nunzia Gasparri;0;Squali Azzurri;Azzurro e Bianco;Predatori del Mare
129215;Adolfo Mugnai;0;Dragoni Rossi;Rosso e Nero;Fiamme Rosse
129216;Maria Virginia Biasco;0;Coccodrilli Verdi;Verde e Marrone;Coccodrilli d'Acciaio
129217;Bianca Maria Granato;0;Volpi del Bosco;Blu e Rosso;Volpi Veloci
129218;Maria Ida Dolazza;0;Squali Azzurri;Azzurro e Bianco;Predatori del Mare
129219;Massimo Vittorio Cardinali;0;Dragoni Rossi;Rosso e Nero;Fiamme Rosse
129220;Ivana Vacciano;0;Gatti Neri;Nero e Viola;
129221;Donato Tommaso Poretti;0;Pavoni Reali;Oro e Viola;Ali Reali
129222;Norberto Saggese;0;Aquile Reali;Blu e Oro;Reali del Cielo
129223;Pietro Divella;0;Delfini Argentati;Argento e Nero;Onde Argentate
129224;Cecilia Brunale;0;Orsi Polari;Bianco e Blu;
129225;Marino Germano Lauria;0;Serpenti Dorati;Oro e Rosso;Serpenti Dorati
129226;Gianmarco Cantini;0;Tigri Nere;Nero e Arancione;Tigri Infuocate
129227;Licia Gubetti;0;Cinghiali Selvaggi;Marrone e Verde;Cinghiali Ruggenti
129228;Corradino Bilardi;0;Orsi Polari;Bianco e Blu;
129229;Giuseppe De Eccher;0;Dragoni Rossi;Rosso e Nero;Fiamme Rosse
129230;Giovanni Pietro Zambrino;0;Elefanti Grigi;Nero e Bianco;Elefanti Titanici
129231;Adelaide Cottarelli;0;Cinghiali Selvaggi;Marrone e Verde;Cinghiali Ruggenti
129232;Julia Scarpetti;0;Aquile Reali;Blu e Oro;Reali del Cielo
129233;Gian Carlo Segre;0;Rinoceronti Blu;Verde e Argento;Rino Blu
129234;Alessandro Gasbarri;0;Tigri Nere;Nero e Arancione;Tigri Infuocate
129235;Gabriele Provera;0;Camaleonti Arcobaleno;Blu e Verde;Camaleonti Magici
129236;Loredana Casoli;0;Aquile Blu;Blu e Bianco;Aquile Volanti
129237;Enzo Giorgio Secondo Nicita;0;Serpenti Dorati;Oro e Rosso;Serpenti Dorati
129238;Remigio Moscardelli;0;Squali Azzurri;Azzurro e Bianco;Predatori del Mare
129239;Stelio Ginetti;0;Dragoni Rossi;Rosso e Nero;Fiamme Rosse
129240;Rosario Villari;0;Rinoceronti Blu;Verde e Argento;Rino Blu
129241;Elia Brignone;0;Fulmini Verdi;Verde e Giallo;Lampi Verdi
129242;Angela Anna Bruna De Priamo;0;Camaleonti Arcobaleno;Blu e Verde;Camaleonti Magici
129243;Corrado Giordano;0;Elefanti Grigi;Nero e Bianco;Elefanti Titanici
129244;Lanfranco Bertoni;0;Elefanti Grigi;Nero e Bianco;Elefanti Titanici
129245;Nazario Della Seta;0;Gufi Notturni;Viola e Grigio;Occhi nella Notte
129246;Demetrio Stracquadanio;0;Rinoceronti Blu;Verde e Argento;Rino Blu
129247;Gian Pietro Fantetti;0;Corvi della Tempesta;Grigio e Blu;Tempesta Oscura
129248;Maria Luisa Manca;0;Tigri Nere;Nero e Arancione;Tigri Infuocate
129249;Ricardo Antonio Marti;0;Orsi Polari;Bianco e Blu;
129250;Dino Antolini;0;Rinoceronti Blu;Verde e Argento;Rino Blu
129251;Gilberto Mauro;0;Scorpioni Rossi;Giallo e Verde;Scorpioni d'Acciaio
129252;Mauro Maria Bratina;0;Lupi del Nord;Bianco e Grigio;Ululati del Nord
129253;Pamela Giacoma Giovanna Speziali;0;Volpi del Bosco;Blu e Rosso;Volpi Veloci
129254;Beppe Luzi;0;Coccodrilli Verdi;Verde e Marrone;Coccodrilli d'Acciaio
129255;Giampaolo Vittorio Elio Fazzolari;0;Cinghiali Selvaggi;Marrone e Verde;Cinghiali Ruggenti
129256;Francesca Pedrazzini;0;Lupi del Nord;Bianco e Grigio;Ululati del Nord
129257;Beppe Malvano;0;Rinoceronti Blu;Verde e Argento;Rino Blu
129258;Doriano Lombardi Satriani;0;Squali Azzurri;Azzurro e Bianco;Predatori del Mare
129259;Eva Piatti;0;Pantere Rosa;Rosa e Grigio;Pantere Fiere
129260;Oscar Luigi Salerno;0;Pavoni Reali;Oro e Viola;Ali Reali
129261;Valerio Langella;0;Cavalli Selvaggi;Rosso e Argento;Cavalieri Selvaggi
129262;Martino Borgonzoni;0;Dragoni Rossi;Rosso e Nero;Fiamme Rosse
129263;Lorenzo Guidi;0;Gatti Neri;Nero e Viola;
129264;Valentino Selva;0;Falchi Grigi;Grigio e Nero;Falchi del Vento
129265;Meinhard Greco;0;Cavalieri d'Argento;Argento e Blu;
129266;Graziano Casolati;0;Serpenti Dorati;Oro e Rosso;Serpenti Dorati
129267;Gianclaudio Bonadonna;0;Tigri Nere;Nero e Arancione;Tigri Infuocate
129268;Elvira Lucia Digilio;0;Serpenti Dorati;Oro e Rosso;Serpenti Dorati
129269;Rosanna Saia;0;Gatti Neri;Nero e Viola;
129270;Lodovico Nicita;0;Zebre Striate;Bianco e Rosso;Zebre Elettriche
129271;Sebastiano Fumagalli Carulli;0;Serpenti Dorati;Oro e Rosso;Serpenti Dorati
129272;Alessia Stanca;0;Fenici Rosse;Rosso e Arancione;Ali di Fuoco
129273;Alessandrina Maiorino;0;Rinoceronti Blu;Verde e Argento;Rino Blu
129274;Margherita Tronti;0;Aquile Reali;Blu e Oro;Reali del Cielo
129275;Pasquale Endrizzi;0;Dragoni Rossi;Rosso e Nero;Fiamme Rosse
129276;Bernabo' Manis;0;Scorpioni Rossi;Giallo e Verde;Scorpioni d'Acciaio
129277;Rossano Pardini;0;Orsi Polari;Bianco e Blu;
129278;Vasco Serena;0;Leoni Dorati;Giallo e Nero;Leoni Ruggenti
129279;Angela Bizzotto;0;Tigri Nere;Nero e Arancione;Tigri Infuocate
129280;Luciano Zeller;0;Gufi Notturni;Viola e Grigio;Occhi nella Notte
129281;Ylenia D'onofrio;0;Tigri Nere;Nero e Arancione;Tigri Infuocate
129282;Enzo Giorgio Secondo Leddi;0;Aquile Blu;Blu e Bianco;Aquile Volanti
129283;Vincenzo Maria Baldini;0;Gufi Notturni;Viola e Grigio;Occhi nella Notte
129284;Gian Carlo Cucchi;0;Coccodrilli Verdi;Verde e Marrone;Coccodrilli d'Acciaio
129285;Marcello Follieri;0;Gatti Neri;Nero e Viola;
129286;Achille Lunesu;0;Delfini Argentati;Argento e Nero;Onde Argentate
129287;Ferdinando Riccardi;0;Cinghiali Selvaggi;Marrone e Verde;Cinghiali Ruggenti
129288;Ludovico Giai;0;Fenici Rosse;Rosso e Arancione;Ali di Fuoco
129289;Gino Sarro;0;Coccodrilli Verdi;Verde e Marrone;Coccodrilli d'Acciaio
129290;Tullio Pepe;0;Fenici Rosse;Rosso e Arancione;Ali di Fuoco
129291;Candido Bocca;0;Orsi Polari;Bianco e Blu;
129292;Gavino Pirro;0;Zebre Striate;Bianco e Rosso;Zebre Elettriche
129293;Hans Padua;0;Ippopotami Viola;Viola e Oro;
129294;Romualdo Vittorio Fusillo;0;Volpi del Bosco;Blu e Rosso;Volpi Veloci
129295;Vincenza Ricciardi;0;Gatti Neri;Nero e Viola;
129296;Monica Orru';0;Fenici Rosse;Rosso e Arancione;Ali di Fuoco
129297;Pierluigi Borea;0;Falchi Grigi;Grigio e Nero;Falchi del Vento
129298;Nunzia Cotti;0;Rinoceronti Blu;Verde e Argento;Rino Blu
129299;Angelo Maria Minuto;0;Gufi Notturni;Viola e Grigio;Occhi nella Notte
129300;Carlo Luigi Serafini;0;Scorpioni Rossi;Giallo e Verde;Scorpioni d'Acciaio
129301;Rocco Bugnano;0;Cavalieri d'Argento;Argento e Blu;
129302;Livia Sollo;0;Squali Azzurri;Azzurro e Bianco;Predatori del Mare
129303;Mariarosaria Cucca;0;Aquile Reali;Blu e Oro;Reali del Cielo
129304;Maria Fortuna Gaudiano;0;Elefanti Grigi;Nero e Bianco;Elefanti Titanici
129305;Antonio Stefano Maiorino;0;Serpenti Dorati;Oro e Rosso;Serpenti Dorati
129306;Ulisse De Vecchis;0;Lupi del Nord;Bianco e Grigio;Ululati del Nord
129307;Marina De Eccher;0;Camaleonti Arcobaleno;Blu e Verde;Camaleonti Magici
129308;Cinzia Maria Marilotti;0;Ippopotami Viola;Viola e Oro;
129309;Bianca Laura Sciascia;0;Zebre Striate;Bianco e Rosso;Zebre Elettriche
129310;Agostino D'elia;0;Cavalieri d'Argento;Argento e Blu;
129311;Ciro Santini;0;Squali Azzurri;Azzurro e Bianco;Predatori del Mare
129312;Tino Strano;0;Zebre Striate;Bianco e Rosso;Zebre Elettriche
129313;Vittoria Scarpinato;0;Tigri Nere;Nero e Arancione;Tigri Infuocate
129314;Angela Anna Bruna Leone;0;Corvi della Tempesta;Grigio e Blu;Tempesta Oscura
129315;Fabio Mangili;0;Aquile Reali;Blu e Oro;Reali del Cielo
129316;Candido De Paoli;0;Aquile Blu;Blu e Bianco;Aquile Volanti
129317;Gabriele Marconi;0;Pinguini Polari;Bianco e Nero;
129318;Venera Bruno Ganeri;0;Rinoceronti Blu;Verde e Argento;Rino Blu
129319;Armando Vigevani;0;Aquile Reali;Blu e Oro;Reali del Cielo
129320;Anna Cinzia Pinto;0;Camaleonti Arcobaleno;Blu e Verde;Camaleonti Magici
129321;Manfred Tecce;0;Elefanti Grigi;Nero e Bianco;Elefanti Titanici
129322;Ettore Larizza;0;Camaleonti Arcobaleno;Blu e Verde;Camaleonti Magici
129323;Vincenzo Ruggero Mancini;0;Delfini Argentati;Argento e Nero;Onde Argentate
129324;Diana Mantovano;0;Pavoni Reali;Oro e Viola;Ali Reali
129325;Alfredo Bergonzi;0;Dragoni Rossi;Rosso e Nero;Fiamme Rosse
129326;Oscar Luigi Volcic;0;Elefanti Grigi;Nero e Bianco;Elefanti Titanici
129327;Donato Fuda;0;Pavoni Reali;Oro e Viola;Ali Reali
129328;Raffaella Borroni;0;Rinoceronti Blu;Verde e Argento;Rino Blu
129329;Nunziante Cardinali;0;Pinguini Polari;Bianco e Nero;
129330;Lidia Tunis;0;Pantere Rosa;Rosa e Grigio;Pantere Fiere
129331;Felice Carlo Chiurazzi;0;Dragoni Rossi;Rosso e Nero;Fiamme Rosse
129332;Esteban Juan Ruggeri;0;Cinghiali Selvaggi;Marrone e Verde;Cinghiali Ruggenti
129333;Fernando Caligiuri;0;Fulmini Verdi;Verde e Giallo;Lampi Verdi
129334;Corradino Righetti;0;Dragoni Rossi;Rosso e Nero;Fiamme Rosse
129335;Nazario D'adda;0;Falchi Grigi;Grigio e Nero;Falchi del Vento
129336;Pierluigi Bugnano;0;Rinoceronti Blu;Verde e Argento;Rino Blu
129337;Maria Grazia De Zulueta;0;Zebre Striate;Bianco e Rosso;Zebre Elettriche
129338;Fiorello Bastianoni;0;Pinguini Polari;Bianco e Nero;
129339;Bianca Maria Tarolli;0;Ippopotami Viola;Viola e Oro;
129340;Fausto Manis;0;Lupi del Nord;Bianco e Grigio;Ululati del Nord
129341;Olimpia Corbetta;0;Aquile Blu;Blu e Bianco;Aquile Volanti
129342;Pippo Ceroni;0;Gufi Notturni;Viola e Grigio;Occhi nella Notte
129343;Dolores Sallemi;0;Gatti Neri;Nero e Viola;
129344;Andrea Carmine Crescenzio;0;Volpi del Bosco;Blu e Rosso;Volpi Veloci
129345;Martino Livi Bacci;0;Cavalieri d'Argento;Argento e Blu;
129346;Daniela Della Monica;0;Tigri Nere;Nero e Arancione;Tigri Infuocate
129347;Maria Domenica Rognoni;0;Lupi del Nord;Bianco e Grigio;Ululati del Nord
129348;Maria Cecilia Loreto;0;Cavalli Selvaggi;Rosso e Argento;Cavalieri Selvaggi
129349;Sebastiano Salvini;0;Lupi del Nord;Bianco e Grigio;Ululati del Nord
129350;Pierantonio Rescaglio;0;Scorpioni Rossi;Giallo e Verde;Scorpioni d'Acciaio
129351;Raffaella Fiormaria Mennuni;0;Dragoni Rossi;Rosso e Nero;Fiamme Rosse
129352;Ombretta Marcucci;0;Squali Azzurri;Azzurro e Bianco;Predatori del Mare
129353;Dolores Salvini;0;Elefanti Grigi;Nero e Bianco;Elefanti Titanici
129354;Agostino Zanda;0;Cavalli Selvaggi;Rosso e Argento;Cavalieri Selvaggi
129355;Gabriele Giro;0;Squali Azzurri;Azzurro e Bianco;Predatori del Mare
129356;Fulvia Michela Aderenti;0;Rinoceronti Blu;Verde e Argento;Rino Blu
129357;Gabriella Ostellari;0;Aquile Reali;Blu e Oro;Reali del Cielo
129358;Raffaella Fiormaria Casson;0;Aquile Blu;Blu e Bianco;Aquile Volanti
129359;Maurizio Garnero Santanche';0;Dragoni Rossi;Rosso e Nero;Fiamme Rosse
129360;Nerina Guerzoni;0;Cavalieri d'Argento;Argento e Blu;
129361;Filippo Maria Barelli;0;Falchi Grigi;Grigio e Nero;Falchi del Vento
129362;Anna Maria Richetti;0;Aquile Reali;Blu e Oro;Reali del Cielo
129363;Maria Manunza;0;Serpenti Dorati;Oro e Rosso;Serpenti Dorati
129364;Ornella Bedin;0;Delfini Argentati;Argento e Nero;Onde Argentate
129365;Agostino Giaretta;0;Coccodrilli Verdi;Verde e Marrone;Coccodrilli d'Acciaio
129366;Antonio Michele Pesco;0;Gufi Notturni;Viola e Grigio;Occhi nella Notte
129367;Eugenio Caruso;0;Gatti Neri;Nero e Viola;
129368;Leopoldo Senese;0;Tigri Nere;Nero e Arancione;Tigri Infuocate
129369;Maria Antonietta Stradiotto;0;Cavalieri d'Argento;Argento e Blu;
129370;Manuel Robol;0;Gatti Neri;Nero e Viola;
129371;Lorenzo Emilio Pardini;0;Gatti Neri;Nero e Viola;
129372;Luciana Valpiana;0;Pinguini Polari;Bianco e Nero;
129373;Luca Camber;0;Cavalli Selvaggi;Rosso e Argento;Cavalieri Selvaggi
129374;Ester Storace;0;Orsi Polari;Bianco e Blu;
129375;Jas Veronesi;0;Zebre Striate;Bianco e Rosso;Zebre Elettriche
129376;Gianrico Colombo;0;Rinoceronti Blu;Verde e Argento;Rino Blu
129377;Maria Paola Spelgatti;0;Scorpioni Rossi;Giallo e Verde;Scorpioni d'Acciaio
129378;Vanni Zangrillo;0;Ippopotami Viola;Viola e Oro;
129379;Filippo Maria Falomi;0;Fulmini Verdi;Verde e Giallo;Lampi Verdi
129380;Renzo Borghesi;0;Lupi del Nord;Bianco e Grigio;Ululati del Nord
129381;Gaetano Barba;0;Cavalieri d'Argento;Argento e Blu;
129382;Maria Cecilia Fattori;0;Pinguini Polari;Bianco e Nero;
129383;Tamara Michelini;0;Dragoni Rossi;Rosso e Nero;Fiamme Rosse
129384;Silvia Tredese;0;Aquile Reali;Blu e Oro;Reali del Cielo
129385;Rita Mantovano;0;Corvi della Tempesta;Grigio e Blu;Tempesta Oscura
129386;Maria Luisa Vegas;0;Orsi Polari;Bianco e Blu;
129387;Leonardo Alfonzi;0;Cinghiali Selvaggi;Marrone e Verde;Cinghiali Ruggenti
129388;Tana Puglia;0;Orsi Polari;Bianco e Blu;
129389;Sandro Mario Treu;0;Pavoni Reali;Oro e Viola;Ali Reali
129390;Patrizia Saia;0;Aquile Blu;Blu e Bianco;Aquile Volanti
129391;Euprepio Donno;0;Cavalli Selvaggi;Rosso e Argento;Cavalieri Selvaggi
129392;Cataldo Castiello;0;Cavalli Selvaggi;Rosso e Argento;Cavalieri Selvaggi
129393;Tino Perosino;0;Tigri Nere;Nero e Arancione;Tigri Infuocate
129394;Alessia Micciche';0;Coccodrilli Verdi;Verde e Marrone;Coccodrilli d'Acciaio
129395;Laura Colli;0;Squali Azzurri;Azzurro e Bianco;Predatori del Mare
129396;Fiammetta Sircana;0;Cinghiali Selvaggi;Marrone e Verde;Cinghiali Ruggenti
129397;Stanislao Albertini;0;Gatti Neri;Nero e Viola;
129398;Vittoria Francesca Maria Gabana;0;Serpenti Dorati;Oro e Rosso;Serpenti Dorati
129399;Marcello D'ascola;0;Corvi della Tempesta;Grigio e Blu;Tempesta Oscura
129400;Fedele Palmizio;0;Pantere Rosa;Rosa e Grigio;Pantere Fiere
129401;Raffaele Dondeynaz;0;Leoni Dorati;Giallo e Nero;Leoni Ruggenti
129402;Luciana Florino;0;Delfini Argentati;Argento e Nero;Onde Argentate
129403;Albert Vano;0;Volpi del Bosco;Blu e Rosso;Volpi Veloci
129404;Giacinto Cerno;0;Pinguini Polari;Bianco e Nero;
129405;Sauro Fosson;0;Falchi Grigi;Grigio e Nero;Falchi del Vento
129406;Ivan Castellani;0;Cavalli Selvaggi;Rosso e Argento;Cavalieri Selvaggi
129407;Elvira Lucia Lombardi Satriani;0;Gatti Neri;Nero e Viola;
129408;Rosaria Scoma;0;Scorpioni Rossi;Giallo e Verde;Scorpioni d'Acciaio
129409;Licia Gallone;0;Scorpioni Rossi;Giallo e Verde;Scorpioni d'Acciaio
129410;Elio Flammia;0;Fenici Rosse;Rosso e Arancione;Ali di Fuoco
129411;Irene Valdinosi;0;Pantere Rosa;Rosa e Grigio;Pantere Fiere
129412;Mariapia Barbaro;0;Rinoceronti Blu;Verde e Argento;Rino Blu
129413;Sara Ruvolo;0;Fulmini Verdi;Verde e Giallo;Lampi Verdi
129414;Franco Agostinelli;0;Gatti Neri;Nero e Viola;
129415;Fiorenza Antolini;0;Elefanti Grigi;Nero e Bianco;Elefanti Titanici
129416;Daisy Piloni;0;Coccodrilli Verdi;Verde e Marrone;Coccodrilli d'Acciaio
129417;Vincenzo Maria Uras;0;Rinoceronti Blu;Verde e Argento;Rino Blu
129418;Loris Giuseppe Parrini;0;Scorpioni Rossi;Giallo e Verde;Scorpioni d'Acciaio
129419;Mauro Maria Testor;0;Lupi del Nord;Bianco e Grigio;Ululati del Nord
129420;Lorenzo Emilio Carbone;0;Dragoni Rossi;Rosso e Nero;Fiamme Rosse
129421;Pamela Giacoma Giovanna Livi Bacci;0;Gatti Neri;Nero e Viola;
129422;Annalisa Saggese;0;Camaleonti Arcobaleno;Blu e Verde;Camaleonti Magici
129423;Tomaso Verducci;0;Rinoceronti Blu;Verde e Argento;Rino Blu
129424;Giulio Mario Licheri;0;Squali Azzurri;Azzurro e Bianco;Predatori del Mare
129425;Ada Susta;0;Gufi Notturni;Viola e Grigio;Occhi nella Notte
129426;Ombretta Maria Bizzotto;0;Camaleonti Arcobaleno;Blu e Verde;Camaleonti Magici
129427;Susanna Donatella Cotti;0;Falchi Grigi;Grigio e Nero;Falchi del Vento
129428;Maurizio Bernini;0;Rinoceronti Blu;Verde e Argento;Rino Blu
129429;Vita Maria Azzollini;0;Cavalli Selvaggi;Rosso e Argento;Cavalieri Selvaggi
129430;Hans Valdinosi;0;Elefanti Grigi;Nero e Bianco;Elefanti Titanici
129431;Baldassare Toia;0;Pavoni Reali;Oro e Viola;Ali Reali
129432;Nello Cortelloni;0;Rinoceronti Blu;Verde e Argento;Rino Blu
129433;Carlo Taviani;0;Pinguini Polari;Bianco e Nero;
129434;Lavinia Buccarella;0;Leoni Dorati;Giallo e Nero;Leoni Ruggenti
129435;Domenico Besostri;0;Rinoceronti Blu;Verde e Argento;Rino Blu
129436;Ugo Mazzatorta;0;Rinoceronti Blu;Verde e Argento;Rino Blu
129437;Tiziana Carmela Rosaria Pianetta;0;Rinoceronti Blu;Verde e Argento;Rino Blu
129438;Nicodemo Francesco Orellana;0;Serpenti Dorati;Oro e Rosso;Serpenti Dorati
129439;Armando Colla;0;Delfini Argentati;Argento e Nero;Onde Argentate
129440;Giuliomaria Pittelli;0;Ippopotami Viola;Viola e Oro;
129441;Ilaria Milone;0;Corvi della Tempesta;Grigio e Blu;Tempesta Oscura
129442;Assuntela Massucco;0;Pinguini Polari;Bianco e Nero;
129443;Alberto Adalgisio De Rigo;0;Gufi Notturni;Viola e Grigio;Occhi nella Notte
129444;Ida Orsomarso;0;Cavalli Selvaggi;Rosso e Argento;Cavalieri Selvaggi
129445;Carlo Azeglio Spagnolli;0;Cavalli Selvaggi;Rosso e Argento;Cavalieri Selvaggi
129446;Dafne Gruosso;0;Delfini Argentati;Argento e Nero;Onde Argentate
129447;Donella Allegrini;0;Ippopotami Viola;Viola e Oro;
129448;Mauro Antonio Donato Camerini;0;Gufi Notturni;Viola e Grigio;Occhi nella Notte
129449;Mariano Chiurazzi;0;Scorpioni Rossi;Giallo e Verde;Scorpioni d'Acciaio
129450;Maria Celeste Borghesi;0;Ippopotami Viola;Viola e Oro;
129451;Carmelo De Angelis;0;Cavalli Selvaggi;Rosso e Argento;Cavalieri Selvaggi
129452;Linda Ulivi;0;Falchi Grigi;Grigio e Nero;Falchi del Vento
129453;Alessio Mininno;0;Cinghiali Selvaggi;Marrone e Verde;Cinghiali Ruggenti
129454;Elidio Antonione;0;Ippopotami Viola;Viola e Oro;
129455;Agazio Pedrini;0;Cinghiali Selvaggi;Marrone e Verde;Cinghiali Ruggenti
129456;Gian Pietro Candiani;0;Pinguini Polari;Bianco e Nero;
129457;Ferdinando Sangalli;0;Falchi Grigi;Grigio e Nero;Falchi del Vento
129458;Gianluigi Pezzopane;0;Lupi del Nord;Bianco e Grigio;Ululati del Nord
129459;Adriana Maraventano;0;Camaleonti Arcobaleno;Blu e Verde;Camaleonti Magici
129460;Leonardo Guerra;0;Elefanti Grigi;Nero e Bianco;Elefanti Titanici
129461;Liborio Bonatesta;0;Gatti Neri;Nero e Viola;
129462;Tommaso Cantu';0;Aquile Blu;Blu e Bianco;Aquile Volanti
129463;Giuseppe Luigi Salvatore De Carlo;0;Serpenti Dorati;Oro e Rosso;Serpenti Dorati
129464;Celestino Dentamaro;0;Gufi Notturni;Viola e Grigio;Occhi nella Notte
129465;Francesco Maria Bitonci;0;Aquile Reali;Blu e Oro;Reali del Cielo
129466;Arturo Mario Ventucci;0;Fulmini Verdi;Verde e Giallo;Lampi Verdi
129467;Oscar Luigi Fausti;0;Dragoni Rossi;Rosso e Nero;Fiamme Rosse
129468;Manuel Bodega;0;Leoni Dorati;Giallo e Nero;Leoni Ruggenti
129469;Doris Iwobi;0;Ippopotami Viola;Viola e Oro;
129470;Eva Orsi;0;Pinguini Polari;Bianco e Nero;
129471;Renato Guerino Mazzarello;0;Squali Azzurri;Azzurro e Bianco;Predatori del Mare
129472;Roberta Rufa;0;Falchi Grigi;Grigio e Nero;Falchi del Vento
129473;Guido Cesare La Russa;0;Elefanti Grigi;Nero e Bianco;Elefanti Titanici
129474;Stelio Giorgis;0;Aquile Reali;Blu e Oro;Reali del Cielo
129475;Etelwardo Stucchi;0;Pavoni Reali;Oro e Viola;Ali Reali
129476;Riccardo Mancuso;0;Cavalieri d'Argento;Argento e Blu;
129477;Giulia Storace;0;Corvi della Tempesta;Grigio e Blu;Tempesta Oscura
129478;Daniele Cirinna';0;Pantere Rosa;Rosa e Grigio;Pantere Fiere
129479;Rossana Stabile;0;Zebre Striate;Bianco e Rosso;Zebre Elettriche
129480;Simona Nunzia Pieroni;0;Delfini Argentati;Argento e Nero;Onde Argentate
129481;Maria Antonietta Marchetti;0;Scorpioni Rossi;Giallo e Verde;Scorpioni d'Acciaio
129482;Giuseppe Camusso;0;Squali Azzurri;Azzurro e Bianco;Predatori del Mare
129483;Lionello Marco Mancino;0;Dragoni Rossi;Rosso e Nero;Fiamme Rosse
129484;Ernesto Toffanin;0;Coccodrilli Verdi;Verde e Marrone;Coccodrilli d'Acciaio
129485;Valeria Fontana;0;Camaleonti Arcobaleno;Blu e Verde;Camaleonti Magici
129486;Sara Tomaselli;0;Elefanti Grigi;Nero e Bianco;Elefanti Titanici
129487;Vincenzo Maria Roilo;0;Squali Azzurri;Azzurro e Bianco;Predatori del Mare
129488;Edoardo Rossomando;0;Pinguini Polari;Bianco e Nero;
129489;Giuseppe Fosson;0;Fenici Rosse;Rosso e Arancione;Ali di Fuoco
129490;Gianpaolo Di Nicola;0;Cavalieri d'Argento;Argento e Blu;
129491;Aldo Saporito;0;Fenici Rosse;Rosso e Arancione;Ali di Fuoco
129492;Massimo Vittorio Mangialavori;0;Falchi Grigi;Grigio e Nero;Falchi del Vento
129493;Manfredi Agogliati;0;Corvi della Tempesta;Grigio e Blu;Tempesta Oscura
129494;Giovanna Germontani;0;Pantere Rosa;Rosa e Grigio;Pantere Fiere
129495;Mariastella Boldrini;0;Squali Azzurri;Azzurro e Bianco;Predatori del Mare
129496;Gianmauro Corsini;0;Lupi del Nord;Bianco e Grigio;Ululati del Nord
129497;Erika Bocca;0;Cavalieri d'Argento;Argento e Blu;
129498;Claudio Lupo;0;Tigri Nere;Nero e Arancione;Tigri Infuocate
129499;Aventino Demasi;0;Fenici Rosse;Rosso e Arancione;Ali di Fuoco
129500;Vito Rosario Giorgianni;0;Fulmini Verdi;Verde e Giallo;Lampi Verdi
129501;Lorenzo Uras;0;Coccodrilli Verdi;Verde e Marrone;Coccodrilli d'Acciaio
129502;Guido Quintino Maceratini;0;Orsi Polari;Bianco e Blu;
129503;Leana Meluzzi;0;Pantere Rosa;Rosa e Grigio;Pantere Fiere
129504;Lidia Nave;0;Dragoni Rossi;Rosso e Nero;Fiamme Rosse
129505;Sandro Mario Lusi;0;Falchi Grigi;Grigio e Nero;Falchi del Vento
129506;Pier Ferdinando Taverna;0;Falchi Grigi;Grigio e Nero;Falchi del Vento
129507;Filippo Maria Leonardi;0;Dragoni Rossi;Rosso e Nero;Fiamme Rosse
129508;Ivo Biondelli;0;Scorpioni Rossi;Giallo e Verde;Scorpioni d'Acciaio
129509;Enzo Giorgio Secondo Montagnino;0;Scorpioni Rossi;Giallo e Verde;Scorpioni d'Acciaio
129510;Marcello Tibaldi;0;Aquile Blu;Blu e Bianco;Aquile Volanti
129511;Maurizio De Zulueta;0;Fulmini Verdi;Verde e Giallo;Lampi Verdi
129512;Donato Tommaso Meduri;0;Volpi del Bosco;Blu e Rosso;Volpi Veloci
129513;Lucia Bonifazi;0;Aquile Blu;Blu e Bianco;Aquile Volanti
129514;Luciana Pininfarina;0;Falchi Grigi;Grigio e Nero;Falchi del Vento
129515;Willer Ferrara;0;Zebre Striate;Bianco e Rosso;Zebre Elettriche
129516;Pamela Giacoma Giovanna Ronchi;0;Volpi del Bosco;Blu e Rosso;Volpi Veloci
129517;Giampaolo Brunale;0;Delfini Argentati;Argento e Nero;Onde Argentate
129518;Helga Zizza;0;Serpenti Dorati;Oro e Rosso;Serpenti Dorati
129519;Elena Berardi;0;Delfini Argentati;Argento e Nero;Onde Argentate
129520;Enrico Patuanelli;0;Dragoni Rossi;Rosso e Nero;Fiamme Rosse
129521;Tino Cioffi;0;Squali Azzurri;Azzurro e Bianco;Predatori del Mare
129522;Miguel Bondi;0;Gatti Neri;Nero e Viola;
129523;Pietro Mundi;0;Coccodrilli Verdi;Verde e Marrone;Coccodrilli d'Acciaio
129524;Pippo Guerra;0;Orsi Polari;Bianco e Blu;
129525;Pierpaolo Besostri;0;Zebre Striate;Bianco e Rosso;Zebre Elettriche
129526;Maria Giuseppa Scalia;0;Zebre Striate;Bianco e Rosso;Zebre Elettriche
129527;Gian Guido Mazzaracchio;0;Tigri Nere;Nero e Arancione;Tigri Infuocate
129528;Gaetano Antonio Bonadonna;0;Camaleonti Arcobaleno;Blu e Verde;Camaleonti Magici
129529;Marina Rognoni;0;Cavalieri d'Argento;Argento e Blu;
129530;Fabrizio Capelli;0;Orsi Polari;Bianco e Blu;
129531;Rosaria Mancuso;0;Volpi del Bosco;Blu e Rosso;Volpi Veloci
129532;Erika Nicita;0;Tigri Nere;Nero e Arancione;Tigri Infuocate
129533;Maria Agostina Campari;0;Scorpioni Rossi;Giallo e Verde;Scorpioni d'Acciaio
129534;Manfredi Pettinato;0;Dragoni Rossi;Rosso e Nero;Fiamme Rosse
129535;Amedeo Benedetti Valentini;0;Dragoni Rossi;Rosso e Nero;Fiamme Rosse
129536;Gianpietro Battista;0;Cavalieri d'Argento;Argento e Blu;
129537;Francesco La Pietra;0;Coccodrilli Verdi;Verde e Marrone;Coccodrilli d'Acciaio
129538;Stefania Gabriella Anastasia Berger;0;Aquile Blu;Blu e Bianco;Aquile Volanti
129539;Rosanna Bergamo;0;Pavoni Reali;Oro e Viola;Ali Reali
129540;Irene Petrucci;0;Pantere Rosa;Rosa e Grigio;Pantere Fiere
129541;Emiddio Bobbio;0;Pavoni Reali;Oro e Viola;Ali Reali
129542;Milos De Angelis;0;Cinghiali Selvaggi;Marrone e Verde;Cinghiali Ruggenti
129543;Elisa Gasbarri;0;Cavalieri d'Argento;Argento e Blu;
129544;Marco Besostri;0;Aquile Reali;Blu e Oro;Reali del Cielo
129545;Iunio Valerio Anastasi;0;Zebre Striate;Bianco e Rosso;Zebre Elettriche
129546;Manfredi Boco;0;Serpenti Dorati;Oro e Rosso;Serpenti Dorati
129547;Jose' Luiz Vono;0;Squali Azzurri;Azzurro e Bianco;Predatori del Mare
129548;Santo Bertoni;0;Delfini Argentati;Argento e Nero;Onde Argentate
129549;Emilio Milana;0;Tigri Nere;Nero e Arancione;Tigri Infuocate
129550;Tiziana Carmela Rosaria Martini;0;Cavalieri d'Argento;Argento e Blu;
129551;Maria Luisa Zullo;0;Delfini Argentati;Argento e Nero;Onde Argentate
129552;Gino Occhipinti;0;Serpenti Dorati;Oro e Rosso;Serpenti Dorati
129553;Carlo Luigi Casolati;0;Orsi Polari;Bianco e Blu;
129554;Serenella Licastro Scardino;0;Coccodrilli Verdi;Verde e Marrone;Coccodrilli d'Acciaio
129555;Peppe Bo;0;Zebre Striate;Bianco e Rosso;Zebre Elettriche
129556;Fausto Lauricella;0;Coccodrilli Verdi;Verde e Marrone;Coccodrilli d'Acciaio
129557;Maria Elisabetta Serafini;0;Corvi della Tempesta;Grigio e Blu;Tempesta Oscura
129558;Gian Guido Lepri;0;Pantere Rosa;Rosa e Grigio;Pantere Fiere
129559;Laura Endrizzi;0;Corvi della Tempesta;Grigio e Blu;Tempesta Oscura
129560;Paolo De Bertoldi;0;Leoni Dorati;Giallo e Nero;Leoni Ruggenti
129561;Achille Ortis;0;Zebre Striate;Bianco e Rosso;Zebre Elettriche
129562;Silvia Alfonzi;0;Aquile Reali;Blu e Oro;Reali del Cielo
129563;Concetta Saia;0;Squali Azzurri;Azzurro e Bianco;Predatori del Mare
129564;Guido Cesare Cappelletti;0;Aquile Blu;Blu e Bianco;Aquile Volanti
129565;Lello Lombardo;0;Aquile Blu;Blu e Bianco;Aquile Volanti
129566;Sebastiano Gawronski;0;Serpenti Dorati;Oro e Rosso;Serpenti Dorati
129567;Ada Lombardo;0;Delfini Argentati;Argento e Nero;Onde Argentate
129568;Leonzio Bodega;0;Falchi Grigi;Grigio e Nero;Falchi del Vento
129569;Giampaolo Vittorio Elio Latronico;0;Falchi Grigi;Grigio e Nero;Falchi del Vento
129570;Davide Valente;0;Pantere Rosa;Rosa e Grigio;Pantere Fiere
129571;Alfredo Martinat;0;Pavoni Reali;Oro e Viola;Ali Reali
129572;Lavinia Castiglione;0;Serpenti Dorati;Oro e Rosso;Serpenti Dorati
129573;Ida Maria Castiello;0;Cinghiali Selvaggi;Marrone e Verde;Cinghiali Ruggenti
129574;Renato Possa;0;Cavalieri d'Argento;Argento e Blu;
129575;Davide Collino;0;Pavoni Reali;Oro e Viola;Ali Reali
129576;Lamberto Carofiglio;0;Serpenti Dorati;Oro e Rosso;Serpenti Dorati
129577;Nunzia Tancredi;0;Zebre Striate;Bianco e Rosso;Zebre Elettriche
129578;Vito Claudio Bedin;0;Tigri Nere;Nero e Arancione;Tigri Infuocate
129579;Luciana Crino';0;Rinoceronti Blu;Verde e Argento;Rino Blu
129580;Gian Marco Marcheschi;0;Cavalli Selvaggi;Rosso e Argento;Cavalieri Selvaggi
129581;Gian Carlo Garavini;0;Cavalli Selvaggi;Rosso e Argento;Cavalieri Selvaggi
129582;Sauro Cherchi;0;Falchi Grigi;Grigio e Nero;Falchi del Vento
129583;Raffaela Drago;0;Gufi Notturni;Viola e Grigio;Occhi nella Notte
129584;Bianca Laura Gramazio;0;Rinoceronti Blu;Verde e Argento;Rino Blu
129585;Emiddio Caprili;0;Lupi del Nord;Bianco e Grigio;Ululati del Nord
129586;Virginia Iervolino;0;Dragoni Rossi;Rosso e Nero;Fiamme Rosse
129587;Oreste Benedetti Valentini;0;Pinguini Polari;Bianco e Nero;
129588;Antonello Bizzotto;0;Scorpioni Rossi;Giallo e Verde;Scorpioni d'Acciaio
129589;Maria Luisa Fiorillo;0;Elefanti Grigi;Nero e Bianco;Elefanti Titanici
129590;Armin Cucchi;0;Squali Azzurri;Azzurro e Bianco;Predatori del Mare
129591;Gianclaudio Zeller;0;Camaleonti Arcobaleno;Blu e Verde;Camaleonti Magici
129592;Nicolo' Tato';0;Zebre Striate;Bianco e Rosso;Zebre Elettriche
129593;Nunzia D'urso;0;Camaleonti Arcobaleno;Blu e Verde;Camaleonti Magici
129594;Nello Girotto;0;Volpi del Bosco;Blu e Rosso;Volpi Veloci
129595;Giuseppe Francesco Maria Cucca;0;Leoni Dorati;Giallo e Nero;Leoni Ruggenti
129596;Pier Ferdinando Borghi;0;Fenici Rosse;Rosso e Arancione;Ali di Fuoco
129597;Gerardo Rossomando;0;Elefanti Grigi;Nero e Bianco;Elefanti Titanici
129598;Leonardo De Sena;0;Pinguini Polari;Bianco e Nero;
129599;Orietta Auddino;0;Fulmini Verdi;Verde e Giallo;Lampi Verdi
129600;Michaela Ferrara;0;Aquile Blu;Blu e Bianco;Aquile Volanti
129601;Lucrezia Occhipinti;0;Corvi della Tempesta;Grigio e Blu;Tempesta Oscura
129602;Alfonso Scalia;0;Scorpioni Rossi;Giallo e Verde;Scorpioni d'Acciaio
129603;Alberto Adalgisio Poli;0;Aquile Blu;Blu e Bianco;Aquile Volanti
129604;Ylenia Moro;0;Volpi del Bosco;Blu e Rosso;Volpi Veloci
129605;Marino Germano Matteoli;0;Tigri Nere;Nero e Arancione;Tigri Infuocate
129606;Assuntela Calenda;0;Aquile Blu;Blu e Bianco;Aquile Volanti
129607;Achille Ostellari;0;Camaleonti Arcobaleno;Blu e Verde;Camaleonti Magici
129608;Saverio Salvatore Legnini;0;Camaleonti Arcobaleno;Blu e Verde;Camaleonti Magici
129609;Costantino Centinaio;0;Cavalieri d'Argento;Argento e Blu;
129610;Pamela Giacoma Giovanna De Priamo;0;Elefanti Grigi;Nero e Bianco;Elefanti Titanici
129611;Pietro Boldrini;0;Fulmini Verdi;Verde e Giallo;Lampi Verdi
129612;Giulio Patuanelli;0;Cavalieri d'Argento;Argento e Blu;
129613;Rosetta Enza Del Roio;0;Leoni Dorati;Giallo e Nero;Leoni Ruggenti
129614;Margherita Razzi;0;Corvi della Tempesta;Grigio e Blu;Tempesta Oscura
129615;Gianmarco Tarquinio;0;Gufi Notturni;Viola e Grigio;Occhi nella Notte
129616;Natale Di Giacomo;0;Squali Azzurri;Azzurro e Bianco;Predatori del Mare
129617;Lionello Mussini;0;Corvi della Tempesta;Grigio e Blu;Tempesta Oscura
129618;Magda Angela Tibaldi;0;Cinghiali Selvaggi;Marrone e Verde;Cinghiali Ruggenti
129619;Jose' Luiz Maffioli;0;Aquile Blu;Blu e Bianco;Aquile Volanti
129620;Tony Chike Lo Curzio;0;Squali Azzurri;Azzurro e Bianco;Predatori del Mare
129621;Vincenza Bongiorno;0;Orsi Polari;Bianco e Blu;
129622;Serenella Nisini;0;Leoni Dorati;Giallo e Nero;Leoni Ruggenti
129623;Walter Ragno;0;Orsi Polari;Bianco e Blu;
129624;Patrizia Berger;0;Aquile Blu;Blu e Bianco;Aquile Volanti
129625;Silvano Toniolli;0;Zebre Striate;Bianco e Rosso;Zebre Elettriche
129626;Guido Quintino Ferrara;0;Delfini Argentati;Argento e Nero;Onde Argentate
129627;Raffaella Durigon;0;Coccodrilli Verdi;Verde e Marrone;Coccodrilli d'Acciaio
129628;Alberto Adalgisio Zanone;0;Serpenti Dorati;Oro e Rosso;Serpenti Dorati
129629;Meinhard Garraffa;0;Gatti Neri;Nero e Viola;
129630;Ricardo Antonio Vaccari;0;Lupi del Nord;Bianco e Grigio;Ululati del Nord
129631;Roberta Milana;0;Volpi del Bosco;Blu e Rosso;Volpi Veloci
129632;Alfredo Scarpetti;0;Gatti Neri;Nero e Viola;
129633;Maria Agostina Lauria;0;Serpenti Dorati;Oro e Rosso;Serpenti Dorati
129634;Carla Palermo;0;Volpi del Bosco;Blu e Rosso;Volpi Veloci
129635;Donato Stancanelli;0;Corvi della Tempesta;Grigio e Blu;Tempesta Oscura
129636;Elidio Trevisi;0;Cavalli Selvaggi;Rosso e Argento;Cavalieri Selvaggi
129637;Colomba Galli;0;Corvi della Tempesta;Grigio e Blu;Tempesta Oscura
129638;Tana Barbolini;0;Rinoceronti Blu;Verde e Argento;Rino Blu
129639;Franco Costantino Valdinosi;0;Fulmini Verdi;Verde e Giallo;Lampi Verdi
129640;Carlo Luigi Perrin;0;Zebre Striate;Bianco e Rosso;Zebre Elettriche
129641;Gabriele Fruscio;0;Orsi Polari;Bianco e Blu;
129642;Maria Elisabetta Tato';0;Tigri Nere;Nero e Arancione;Tigri Infuocate
129643;Angelo Staniscia;0;Volpi del Bosco;Blu e Rosso;Volpi Veloci
129644;Simone Gambaro;0;Orsi Polari;Bianco e Blu;
129645;Vincenza Saro;0;Orsi Polari;Bianco e Blu;
129646;Rosaria Ronchi;0;Aquile Reali;Blu e Oro;Reali del Cielo
129647;Gian Carlo Trematerra;0;Aquile Reali;Blu e Oro;Reali del Cielo
129648;Rosetta Enza Sallemi;0;Fenici Rosse;Rosso e Arancione;Ali di Fuoco
129649;Lara Angius;0;Gatti Neri;Nero e Viola;
129650;Fabiola Borghesi;0;Falchi Grigi;Grigio e Nero;Falchi del Vento
129651;Severino Ricchiuti;0;Dragoni Rossi;Rosso e Nero;Fiamme Rosse
129652;Carlo Luigi Mallegni;0;Cinghiali Selvaggi;Marrone e Verde;Cinghiali Ruggenti
129653;Gianluigi D'ippolito Vitale;0;Fenici Rosse;Rosso e Arancione;Ali di Fuoco
129654;Enzo Giorgio Secondo D'urso;0;Fenici Rosse;Rosso e Arancione;Ali di Fuoco
129655;Josefa Augussori;0;Coccodrilli Verdi;Verde e Marrone;Coccodrilli d'Acciaio
129656;Roberto Maria Ferdinando Ruvolo;0;Fenici Rosse;Rosso e Arancione;Ali di Fuoco
129657;Raffaela Digilio;0;Tigri Nere;Nero e Arancione;Tigri Infuocate
129658;Giancarlo Pininfarina;0;Coccodrilli Verdi;Verde e Marrone;Coccodrilli d'Acciaio
129659;Palmiro Bruzzone;0;Volpi del Bosco;Blu e Rosso;Volpi Veloci
129660;Francesco Enrico Stradiotto;0;Lupi del Nord;Bianco e Grigio;Ululati del Nord
129661;Gennaro Capacchione;0;Coccodrilli Verdi;Verde e Marrone;Coccodrilli d'Acciaio
129662;Nerina Bettini;0;Lupi del Nord;Bianco e Grigio;Ululati del Nord
129663;Luis Alberto Zin;0;Serpenti Dorati;Oro e Rosso;Serpenti Dorati
129664;Hans Bisinella;0;Squali Azzurri;Azzurro e Bianco;Predatori del Mare
129665;Stefania Gabriella Anastasia Nastri;0;Corvi della Tempesta;Grigio e Blu;Tempesta Oscura
129666;Agnese Pinzger;0;Aquile Blu;Blu e Bianco;Aquile Volanti
129667;Loris Giuseppe Della Porta;0;Gatti Neri;Nero e Viola;
129668;Paolo Zeller;0;Aquile Reali;Blu e Oro;Reali del Cielo
129669;Tony Chike Follini;0;Corvi della Tempesta;Grigio e Blu;Tempesta Oscura
129670;Andrea Carmine Bonaiuti;0;Gatti Neri;Nero e Viola;
129671;Jas Sileri;0;Cavalli Selvaggi;Rosso e Argento;Cavalieri Selvaggi
129672;Domenica Razzi;0;Pinguini Polari;Bianco e Nero;
129673;Albertino Castelli;0;Zebre Striate;Bianco e Rosso;Zebre Elettriche
129674;Pierluigi Nardini;0;Pavoni Reali;Oro e Viola;Ali Reali
129675;Maria Virginia Vigevani;0;Zebre Striate;Bianco e Rosso;Zebre Elettriche
129676;Assuntela Cabras;0;Cavalieri d'Argento;Argento e Blu;
129677;Alfredo Quarto;0;Orsi Polari;Bianco e Blu;
129678;Bianca Maria Rollandin;0;Fulmini Verdi;Verde e Giallo;Lampi Verdi
129679;Milziade Barani;0;Dragoni Rossi;Rosso e Nero;Fiamme Rosse
129680;Susy Causin;0;Delfini Argentati;Argento e Nero;Onde Argentate
129681;Lorenzo Emilio Cottarelli;0;Lupi del Nord;Bianco e Grigio;Ululati del Nord
129682;Eugenio Parente;0;Zebre Striate;Bianco e Rosso;Zebre Elettriche
129683;Ersilia Biancofiore;0;Cavalli Selvaggi;Rosso e Argento;Cavalieri Selvaggi
129684;Diodato (darko) Mazzarello;0;Gufi Notturni;Viola e Grigio;Occhi nella Notte
129685;Rocco Vito Palumbo;0;Aquile Blu;Blu e Bianco;Aquile Volanti
129686;Carlo Luigi Carofiglio;0;Falchi Grigi;Grigio e Nero;Falchi del Vento
129687;Maurizio Melchiorre;0;Gatti Neri;Nero e Viola;
129688;Rosario Giorgio Michelini;0;Orsi Polari;Bianco e Blu;
129689;Gianmauro Morgoni;0;Cavalieri d'Argento;Argento e Blu;
129690;Angelo Michele De Monte;0;Squali Azzurri;Azzurro e Bianco;Predatori del Mare
129691;Ornella Monacelli;0;Coccodrilli Verdi;Verde e Marrone;Coccodrilli d'Acciaio
129692;Lavinia Sanzarello;0;Zebre Striate;Bianco e Rosso;Zebre Elettriche
129693;Esteban Juan Moronese;0;Lupi del Nord;Bianco e Grigio;Ululati del Nord
129694;Antonio Franco Tredese;0;Volpi del Bosco;Blu e Rosso;Volpi Veloci
129695;Gian Giacomo Napolitano;0;Scorpioni Rossi;Giallo e Verde;Scorpioni d'Acciaio
129696;Caterina Tomassini;0;Falchi Grigi;Grigio e Nero;Falchi del Vento
129697;Ignazio Tomaselli;0;Pinguini Polari;Bianco e Nero;
129698;Martino Piccoli;0;Volpi del Bosco;Blu e Rosso;Volpi Veloci
129699;Adele Rizzotti;0;Serpenti Dorati;Oro e Rosso;Serpenti Dorati
129700;Aurelio Giuseppe Massidda;0;Pantere Rosa;Rosa e Grigio;Pantere Fiere
129701;Antonello Mantovani;0;Ippopotami Viola;Viola e Oro;
129702;Costanzo Pontone;0;Cavalli Selvaggi;Rosso e Argento;Cavalieri Selvaggi
129703;Celestino Leddi;0;Gufi Notturni;Viola e Grigio;Occhi nella Notte
129704;Rita Grillo;0;Leoni Dorati;Giallo e Nero;Leoni Ruggenti
129705;Baldassare Barcaiuolo;0;Falchi Grigi;Grigio e Nero;Falchi del Vento
129706;Valeria Occhiuto;0;Orsi Polari;Bianco e Blu;
129707;Lanfranco Bosello;0;Fulmini Verdi;Verde e Giallo;Lampi Verdi
129708;Gianrico Alberti Casellati;0;Fulmini Verdi;Verde e Giallo;Lampi Verdi
129709;Mario Biondelli;0;Serpenti Dorati;Oro e Rosso;Serpenti Dorati
129710;William Patriarca;0;Aquile Reali;Blu e Oro;Reali del Cielo
129711;Rosa Cantini;0;Aquile Blu;Blu e Bianco;Aquile Volanti
129712;Gian Pietro Salvitti;0;Coccodrilli Verdi;Verde e Marrone;Coccodrilli d'Acciaio
129713;Salvatore Malentacchi;0;Rinoceronti Blu;Verde e Argento;Rino Blu
129714;Adriana Rojc;0;Corvi della Tempesta;Grigio e Blu;Tempesta Oscura
129715;Armin Malan;0;Falchi Grigi;Grigio e Nero;Falchi del Vento
129716;Alessia Palermo;0;Fenici Rosse;Rosso e Arancione;Ali di Fuoco
129717;Riccardo Centinaio;0;Pantere Rosa;Rosa e Grigio;Pantere Fiere
129718;Pierluigi Stucchi;0;Pinguini Polari;Bianco e Nero;
129719;Tommaso Pezzopane;0;Volpi del Bosco;Blu e Rosso;Volpi Veloci
129720;Pier Ferdinando Saporito;0;Zebre Striate;Bianco e Rosso;Zebre Elettriche
129721;Carmine Viviani;0;Aquile Blu;Blu e Bianco;Aquile Volanti
129722;Pasqualino Lorenzo Rotondi;0;Coccodrilli Verdi;Verde e Marrone;Coccodrilli d'Acciaio
129723;Gerardo Iovene;0;Leoni Dorati;Giallo e Nero;Leoni Ruggenti
129724;Olimpia Semenzato;0;Lupi del Nord;Bianco e Grigio;Ululati del Nord
129725;Gilberto Bordon;0;Squali Azzurri;Azzurro e Bianco;Predatori del Mare
129726;Kristalia Rachele Brutti;0;Lupi del Nord;Bianco e Grigio;Ululati del Nord
129727;Carlo Bruno Ganeri;0;Pantere Rosa;Rosa e Grigio;Pantere Fiere
129728;Gianfranco Allegrini;0;Gatti Neri;Nero e Viola;
129729;Achille Petrucci;0;Lupi del Nord;Bianco e Grigio;Ululati del Nord
129730;Piergiorgio Basso;0;Pavoni Reali;Oro e Viola;Ali Reali
129731;Francesco Ragno;0;Aquile Reali;Blu e Oro;Reali del Cielo
129732;Donato Tommaso Camber;0;Ippopotami Viola;Viola e Oro;
129733;Vito Girotto;0;Orsi Polari;Bianco e Blu;
129734;Gelsomina Fisichella;0;Tigri Nere;Nero e Arancione;Tigri Infuocate
129735;Rosario Amoruso;0;Cinghiali Selvaggi;Marrone e Verde;Cinghiali Ruggenti
129736;Adriana Stefani;0;Pavoni Reali;Oro e Viola;Ali Reali
129737;Angelica Perrin;0;Squali Azzurri;Azzurro e Bianco;Predatori del Mare
129738;Primo Turroni;0;Leoni Dorati;Giallo e Nero;Leoni Ruggenti
129739;Cesarino Garavaglia;0;Serpenti Dorati;Oro e Rosso;Serpenti Dorati
129740;Cecilia Camo;0;Serpenti Dorati;Oro e Rosso;Serpenti Dorati
129741;Enrico Della Seta;0;Serpenti Dorati;Oro e Rosso;Serpenti Dorati
129742;Aurelio Giuseppe Gagliardi;0;Ippopotami Viola;Viola e Oro;
129743;Eugenio Mario Padua;0;Camaleonti Arcobaleno;Blu e Verde;Camaleonti Magici
129744;Giusy Durnwalder;0;Leoni Dorati;Giallo e Nero;Leoni Ruggenti
129745;Cristano Camerini;0;Cavalieri d'Argento;Argento e Blu;
129746;Dolores Doria;0;Cavalieri d'Argento;Argento e Blu;
129747;Antonio Stefano Fina;0;Squali Azzurri;Azzurro e Bianco;Predatori del Mare
129748;Maria Ida Astorre;0;Cavalli Selvaggi;Rosso e Argento;Cavalieri Selvaggi
129749;Alfredo Blazina;0;Dragoni Rossi;Rosso e Nero;Fiamme Rosse
129750;Maria Paola Cucchi;0;Cinghiali Selvaggi;Marrone e Verde;Cinghiali Ruggenti
129751;Remigio Centinaio;0;Tigri Nere;Nero e Arancione;Tigri Infuocate
129752;Gianrico Castelli;0;Aquile Blu;Blu e Bianco;Aquile Volanti
129753;Mario Michele Comincini;0;Elefanti Grigi;Nero e Bianco;Elefanti Titanici
129754;Gianni Lai;0;Elefanti Grigi;Nero e Bianco;Elefanti Titanici
129755;Diana Burgaretta Aparo;0;Lupi del Nord;Bianco e Grigio;Ululati del Nord
129756;Silvana Flammia;0;Pinguini Polari;Bianco e Nero;
129757;Giampaolo Malpezzi;0;Volpi del Bosco;Blu e Rosso;Volpi Veloci
129758;Angelo Michele Legnini;0;Dragoni Rossi;Rosso e Nero;Fiamme Rosse
129759;Giuseppe Maria Randazzo;0;Delfini Argentati;Argento e Nero;Onde Argentate
129760;Edo Misserville;0;Cinghiali Selvaggi;Marrone e Verde;Cinghiali Ruggenti
129761;Gianvittore Sanzarello;0;Rinoceronti Blu;Verde e Argento;Rino Blu
129762;Monica Speranzon;0;Squali Azzurri;Azzurro e Bianco;Predatori del Mare
129763;Isabella Battaglia;0;Lupi del Nord;Bianco e Grigio;Ululati del Nord
129764;Accursio Bossi;0;Cinghiali Selvaggi;Marrone e Verde;Cinghiali Ruggenti
129765;Fosco Garavini;0;Volpi del Bosco;Blu e Rosso;Volpi Veloci
129766;Piero De Monte;0;Ippopotami Viola;Viola e Oro;
129767;Federica Grasso;0;Lupi del Nord;Bianco e Grigio;Ululati del Nord
129768;Ester Barachini;0;Cavalli Selvaggi;Rosso e Argento;Cavalieri Selvaggi
129769;Angelo Michele Tabladini;0;Leoni Dorati;Giallo e Nero;Leoni Ruggenti
129770;Rosetta Enza Ferrara;0;Orsi Polari;Bianco e Blu;
129771;Maria Grazia Mattesini;0;Delfini Argentati;Argento e Nero;Onde Argentate
129772;Mario Alejandro Ayala;0;Serpenti Dorati;Oro e Rosso;Serpenti Dorati
129773;Liborio Alderisi;0;Gatti Neri;Nero e Viola;
129774;Costanzo Di Micco;0;Aquile Reali;Blu e Oro;Reali del Cielo
129775;Laura Castiello;0;Pinguini Polari;Bianco e Nero;
129776;Grazia Girotto;0;Cavalli Selvaggi;Rosso e Argento;Cavalieri Selvaggi
129777;Alessia Sbrollini;0;Orsi Polari;Bianco e Blu;
129778;Carla Iervolino;0;Falchi Grigi;Grigio e Nero;Falchi del Vento
129779;Egidio Enrico Lezzi;0;Cavalieri d'Argento;Argento e Blu;
129780;Licia Tirelli;0;Ippopotami Viola;Viola e Oro;
129781;Pamela Giacoma Giovanna Caprili;0;Volpi del Bosco;Blu e Rosso;Volpi Veloci
129782;Meinhard Steger;0;Serpenti Dorati;Oro e Rosso;Serpenti Dorati
129783;Anna Cinzia Causin;0;Pinguini Polari;Bianco e Nero;
129784;Pierantonio Bubbico;0;Camaleonti Arcobaleno;Blu e Verde;Camaleonti Magici
129785;Loris Giuseppe Sisler;0;Gatti Neri;Nero e Viola;
129786;Sergio Pezzopane;0;Squali Azzurri;Azzurro e Bianco;Predatori del Mare
129787;Albertino Rossa;0;Scorpioni Rossi;Giallo e Verde;Scorpioni d'Acciaio
129788;Ciro Ioannucci;0;Cavalieri d'Argento;Argento e Blu;
129789;Angela De Falco;0;Scorpioni Rossi;Giallo e Verde;Scorpioni d'Acciaio
129790;Nadia Marano;0;Cinghiali Selvaggi;Marrone e Verde;Cinghiali Ruggenti
129791;Fabio Debenedetti;0;Cavalli Selvaggi;Rosso e Argento;Cavalieri Selvaggi
129792;Alfonso Bilardi;0;Pinguini Polari;Bianco e Nero;
129793;Giovanni Vittorio Ferrazzi;0;Aquile Blu;Blu e Bianco;Aquile Volanti
129794;Maurizio Agostini;0;Orsi Polari;Bianco e Blu;
129795;Rosa Angela Gotor;0;Scorpioni Rossi;Giallo e Verde;Scorpioni d'Acciaio
129796;Costanzo Scivoletto;0;Orsi Polari;Bianco e Blu;
129797;Daisy Cesaro;0;Pavoni Reali;Oro e Viola;Ali Reali
129798;Mauro Antonio Donato Maggiore;0;Delfini Argentati;Argento e Nero;Onde Argentate
129799;Gianpiero Carlo Giacobbe;0;Volpi del Bosco;Blu e Rosso;Volpi Veloci
129800;Sabina Iuliano;0;Delfini Argentati;Argento e Nero;Onde Argentate
129801;Federica Rapani;0;Zebre Striate;Bianco e Rosso;Zebre Elettriche
129802;Gianmarco Miglio;0;Tigri Nere;Nero e Arancione;Tigri Infuocate
129803;Cristina Camusso;0;Aquile Blu;Blu e Bianco;Aquile Volanti
129804;Enrico Carpi;0;Squali Azzurri;Azzurro e Bianco;Predatori del Mare
129805;Antonio Adolfo Maria Del Turco;0;Pantere Rosa;Rosa e Grigio;Pantere Fiere
129806;Pierantonio Peterlini;0;Volpi del Bosco;Blu e Rosso;Volpi Veloci
129807;Sergio Grimani;0;Tigri Nere;Nero e Arancione;Tigri Infuocate
129808;Francesco Maria Vano;0;Gatti Neri;Nero e Viola;
129809;Valeria Berlinguer;0;Tigri Nere;Nero e Arancione;Tigri Infuocate
129810;Vita Maria Fuda;0;Serpenti Dorati;Oro e Rosso;Serpenti Dorati
129811;Cesarino Borghi;0;Cavalieri d'Argento;Argento e Blu;
129812;Raffaela Marton;0;Pantere Rosa;Rosa e Grigio;Pantere Fiere
129813;Rossana Pasquini;0;Dragoni Rossi;Rosso e Nero;Fiamme Rosse
129814;Domenica Sposetti;0;Lupi del Nord;Bianco e Grigio;Ululati del Nord
129815;Gianpiero Di Micco;0;Gatti Neri;Nero e Viola;
129816;Vito De Cristofaro;0;Gufi Notturni;Viola e Grigio;Occhi nella Notte
129817;Sergio Bevilacqua;0;Cavalli Selvaggi;Rosso e Argento;Cavalieri Selvaggi
129818;Vincenzo Maria Girotto;0;Lupi del Nord;Bianco e Grigio;Ululati del Nord
129819;Nadia D'ubaldo;0;Fenici Rosse;Rosso e Arancione;Ali di Fuoco
129820;Lucrezia Piano;0;Cavalli Selvaggi;Rosso e Argento;Cavalieri Selvaggi
129821;Vidmer Fruscio;0;Zebre Striate;Bianco e Rosso;Zebre Elettriche
129822;Dafne Fallucchi;0;Coccodrilli Verdi;Verde e Marrone;Coccodrilli d'Acciaio
129823;Carlo Palmizio;0;Zebre Striate;Bianco e Rosso;Zebre Elettriche
129824;Mauro Maria Aloisio;0;Tigri Nere;Nero e Arancione;Tigri Infuocate
129825;Claudio Franceschelli;0;Rinoceronti Blu;Verde e Argento;Rino Blu
129826;Sara Licastro Scardino;0;Rinoceronti Blu;Verde e Argento;Rino Blu
129827;Magda Dell'olio;0;Lupi del Nord;Bianco e Grigio;Ululati del Nord
129828;Laura Campus;0;Fulmini Verdi;Verde e Giallo;Lampi Verdi
129829;Tony Chike Zin;0;Coccodrilli Verdi;Verde e Marrone;Coccodrilli d'Acciaio
129830;Nazario Legnini;0;Pinguini Polari;Bianco e Nero;
129831;Giampaolo Marcucci;0;Leoni Dorati;Giallo e Nero;Leoni Ruggenti
129832;Cesare Spadoni Urbani;0;Corvi della Tempesta;Grigio e Blu;Tempesta Oscura
129833;William Campus;0;Cinghiali Selvaggi;Marrone e Verde;Cinghiali Ruggenti
129834;Nitto Francesco Donati;0;Cavalieri d'Argento;Argento e Blu;
129835;Pierfrancesco Emilio Romano Livi Bacci;0;Coccodrilli Verdi;Verde e Marrone;Coccodrilli d'Acciaio
129836;Linda Agogliati;0;Gufi Notturni;Viola e Grigio;Occhi nella Notte
129837;Achille Vicari;0;Cinghiali Selvaggi;Marrone e Verde;Cinghiali Ruggenti
129838;Rosario Sonego;0;Pantere Rosa;Rosa e Grigio;Pantere Fiere
129839;Ferdinando Sollo;0;Fulmini Verdi;Verde e Giallo;Lampi Verdi
129840;Giancarlo Torri;0;Cavalieri d'Argento;Argento e Blu;
129841;Giuseppe Onorato Benito Donno;0;Aquile Blu;Blu e Bianco;Aquile Volanti
129842;Guido Walter Cesare Agnelli;0;Fenici Rosse;Rosso e Arancione;Ali di Fuoco
129843;Oscar Luigi Santangelo;0;Cinghiali Selvaggi;Marrone e Verde;Cinghiali Ruggenti
129844;Gianluca Cappelletti;0;Serpenti Dorati;Oro e Rosso;Serpenti Dorati
129845;Ludovico Valli;0;Cinghiali Selvaggi;Marrone e Verde;Cinghiali Ruggenti
129846;Claudio Palmizio;0;Leoni Dorati;Giallo e Nero;Leoni Ruggenti
129847;Giovanni Vittorio Nava;0;Rinoceronti Blu;Verde e Argento;Rino Blu
129848;Vannino Lisei;0;Squali Azzurri;Azzurro e Bianco;Predatori del Mare
129849;Franca Molinari;0;Cavalli Selvaggi;Rosso e Argento;Cavalieri Selvaggi
129850;Cesarino Elia;0;Gufi Notturni;Viola e Grigio;Occhi nella Notte
129851;Vita Maria Giaretta;0;Orsi Polari;Bianco e Blu;
129852;Giampaolo Vittorio Elio Bortolotto;0;Zebre Striate;Bianco e Rosso;Zebre Elettriche
129853;Celestino Taverna;0;Pinguini Polari;Bianco e Nero;
129854;Nico Alicata;0;Fenici Rosse;Rosso e Arancione;Ali di Fuoco
129855;Filadelfio Guido Piccinelli;0;Elefanti Grigi;Nero e Bianco;Elefanti Titanici
129856;Laura D'ippolito Vitale;0;Cinghiali Selvaggi;Marrone e Verde;Cinghiali Ruggenti
129857;Emanuela Casson;0;Fenici Rosse;Rosso e Arancione;Ali di Fuoco
129858;Livia Casolati;0;Tigri Nere;Nero e Arancione;Tigri Infuocate
129859;Laura Della Vedova;0;Zebre Striate;Bianco e Rosso;Zebre Elettriche
129860;Primo Presutto;0;Squali Azzurri;Azzurro e Bianco;Predatori del Mare
129861;Sebastiano Pisani;0;Orsi Polari;Bianco e Blu;
129862;Armando Baratella;0;Lupi del Nord;Bianco e Grigio;Ululati del Nord
129863;Josefa Fusillo;0;Pinguini Polari;Bianco e Nero;
129864;Ludovico Formigoni;0;Gufi Notturni;Viola e Grigio;Occhi nella Notte
129865;Maria Luisa Magnalbo';0;Pinguini Polari;Bianco e Nero;
129866;Erika Girfatti;0;Fulmini Verdi;Verde e Giallo;Lampi Verdi
129867;Marco Castelli;0;Delfini Argentati;Argento e Nero;Onde Argentate
129868;Alfredo Moles;0;Coccodrilli Verdi;Verde e Marrone;Coccodrilli d'Acciaio
129869;Alessandro Andreotti;0;Pavoni Reali;Oro e Viola;Ali Reali
129870;Gian Guido Smuraglia;0;Squali Azzurri;Azzurro e Bianco;Predatori del Mare
129871;Bachisio Silvio Mazzuca Poggiolini;0;Delfini Argentati;Argento e Nero;Onde Argentate
129872;Dieter Rebuzzi;0;Fenici Rosse;Rosso e Arancione;Ali di Fuoco
129873;Laura Battista;0;Rinoceronti Blu;Verde e Argento;Rino Blu
129874;Rita Cirami;0;Cinghiali Selvaggi;Marrone e Verde;Cinghiali Ruggenti
129875;Giancarlo Marin;0;Leoni Dorati;Giallo e Nero;Leoni Ruggenti
129876;Donato Asciutti;0;Pantere Rosa;Rosa e Grigio;Pantere Fiere
129877;Lavinia Villari;0;Zebre Striate;Bianco e Rosso;Zebre Elettriche
129878;Cecilia Buccico;0;Falchi Grigi;Grigio e Nero;Falchi del Vento
129879;Rosaria Tesei;0;Serpenti Dorati;Oro e Rosso;Serpenti Dorati
129880;Fiorenza Borea;0;Tigri Nere;Nero e Arancione;Tigri Infuocate
129881;Ida Maria Spadoni Urbani;0;Delfini Argentati;Argento e Nero;Onde Argentate
129882;Leonardo Bonfrisco;0;Delfini Argentati;Argento e Nero;Onde Argentate
129883;Athos Balboni;0;Delfini Argentati;Argento e Nero;Onde Argentate
129884;Gian Piero Laforgia;0;Cavalli Selvaggi;Rosso e Argento;Cavalieri Selvaggi
129885;Maurizio Sanna;0;Gufi Notturni;Viola e Grigio;Occhi nella Notte
129886;Nando Pisanu;0;Cinghiali Selvaggi;Marrone e Verde;Cinghiali Ruggenti
129887;Maurizio Idem;0;Leoni Dorati;Giallo e Nero;Leoni Ruggenti
129888;Elia Licheri;0;Ippopotami Viola;Viola e Oro;
129889;Maria Chiara Danzi;0;Coccodrilli Verdi;Verde e Marrone;Coccodrilli d'Acciaio
129890;Christian Trematerra;0;Fulmini Verdi;Verde e Giallo;Lampi Verdi
129891;Piero Volpi;0;Aquile Reali;Blu e Oro;Reali del Cielo
129892;Leonzio Coronella;0;Fenici Rosse;Rosso e Arancione;Ali di Fuoco
129893;Mattia Collino;0;Zebre Striate;Bianco e Rosso;Zebre Elettriche
129894;Gianclaudio Cantini;0;Serpenti Dorati;Oro e Rosso;Serpenti Dorati
129895;Elena Scarabosio;0;Aquile Reali;Blu e Oro;Reali del Cielo
129896;Dieter Bodini;0;Fenici Rosse;Rosso e Arancione;Ali di Fuoco
129897;Concetto Erroi;0;Corvi della Tempesta;Grigio e Blu;Tempesta Oscura
129898;Anna Rita Chirilli;0;Fenici Rosse;Rosso e Arancione;Ali di Fuoco
129899;Elia Morri;0;Volpi del Bosco;Blu e Rosso;Volpi Veloci
129900;Diana Schifani;0;Corvi della Tempesta;Grigio e Blu;Tempesta Oscura
129901;Vito Rosario Alberti Casellati;0;Corvi della Tempesta;Grigio e Blu;Tempesta Oscura
129902;Giovanni Follini;0;Squali Azzurri;Azzurro e Bianco;Predatori del Mare
129903;Nicodemo Francesco Nencini;0;Gatti Neri;Nero e Viola;
129904;Athos Bilotti;0;Coccodrilli Verdi;Verde e Marrone;Coccodrilli d'Acciaio
129905;Isabella Scarpetti;0;Gatti Neri;Nero e Viola;
129906;Enzo Giorgio Secondo Ciccanti;0;Aquile Reali;Blu e Oro;Reali del Cielo
129907;Salvatore Fenu;0;Fenici Rosse;Rosso e Arancione;Ali di Fuoco
129908;Natale Testor;0;Pinguini Polari;Bianco e Nero;
129909;Ilaria Fazzolari;0;Orsi Polari;Bianco e Blu;
129910;Ornella Puglisi;0;Corvi della Tempesta;Grigio e Blu;Tempesta Oscura
129911;Cristiano Confalonieri;0;Camaleonti Arcobaleno;Blu e Verde;Camaleonti Magici
129912;Patrizia Pillon;0;Gufi Notturni;Viola e Grigio;Occhi nella Notte
129913;Angela Anna Bruna Biscardi;0;Rinoceronti Blu;Verde e Argento;Rino Blu
129914;Bartolo Verro;0;Lupi del Nord;Bianco e Grigio;Ululati del Nord
129915;Aniello Toia;0;Lupi del Nord;Bianco e Grigio;Ululati del Nord
129916;Daniele Gaetano Sciascia;0;Squali Azzurri;Azzurro e Bianco;Predatori del Mare
129917;Gaetano Mazzaracchio;0;Volpi del Bosco;Blu e Rosso;Volpi Veloci
129918;Celestino Fisichella;0;Orsi Polari;Bianco e Blu;
129919;Michele Arcangelo Di Giacomo;0;Aquile Blu;Blu e Bianco;Aquile Volanti
129920;Ombretta Marinello;0;Gufi Notturni;Viola e Grigio;Occhi nella Notte
129921;Euprepio Rossomando;0;Falchi Grigi;Grigio e Nero;Falchi del Vento
129922;Maria Paola Misiani;0;Corvi della Tempesta;Grigio e Blu;Tempesta Oscura
129923;Ettore Pietro Romani;0;Falchi Grigi;Grigio e Nero;Falchi del Vento
129924;Annalisa Spinello;0;Lupi del Nord;Bianco e Grigio;Ululati del Nord
129925;Franca Bobba;0;Cavalieri d'Argento;Argento e Blu;
129926;Carlo Luigi Treu;0;Cinghiali Selvaggi;Marrone e Verde;Cinghiali Ruggenti
129927;Ettore Murineddu;0;Aquile Blu;Blu e Bianco;Aquile Volanti
129928;Luisa Follini;0;Gufi Notturni;Viola e Grigio;Occhi nella Notte
129929;Vittorio Micheloni;0;Ippopotami Viola;Viola e Oro;
129930;Grazia Mazzaracchio;0;Falchi Grigi;Grigio e Nero;Falchi del Vento
129931;Agnese Bosello;0;Rinoceronti Blu;Verde e Argento;Rino Blu
129932;Guido Walter Cesare Mallegni;0;Zebre Striate;Bianco e Rosso;Zebre Elettriche
129933;Ludovico Sileri;0;Fenici Rosse;Rosso e Arancione;Ali di Fuoco
129934;Candido Germana';0;Gatti Neri;Nero e Viola;
129935;Maria Alessandra Cervellini;0;Fulmini Verdi;Verde e Giallo;Lampi Verdi
129936;Fulvio Polito;0;Gatti Neri;Nero e Viola;
129937;Dieter Iannuzzi;0;Aquile Blu;Blu e Bianco;Aquile Volanti
129938;Jas Ghigo;0;Pinguini Polari;Bianco e Nero;
129939;Augusto Musumeci;0;Camaleonti Arcobaleno;Blu e Verde;Camaleonti Magici
129940;Lido Malpezzi;0;Elefanti Grigi;Nero e Bianco;Elefanti Titanici
129941;Carmela Cioni;0;Rinoceronti Blu;Verde e Argento;Rino Blu
129942;Raffaella Fiormaria Bressa;0;Fulmini Verdi;Verde e Giallo;Lampi Verdi
129943;Carmine Grimani;0;Tigri Nere;Nero e Arancione;Tigri Infuocate
129944;Arnaldo Taverna;0;Pavoni Reali;Oro e Viola;Ali Reali
129945;Domenica Tirelli;0;Aquile Reali;Blu e Oro;Reali del Cielo
129946;Ottaviano Munerato;0;Delfini Argentati;Argento e Nero;Onde Argentate
129947;Maria Agostina Bonavita;0;Rinoceronti Blu;Verde e Argento;Rino Blu
129948;Alberto Scarpinato;0;Cavalieri d'Argento;Argento e Blu;
129949;Cinzia Maria Tomaselli;0;Serpenti Dorati;Oro e Rosso;Serpenti Dorati
129950;Gisella Botto;0;Fenici Rosse;Rosso e Arancione;Ali di Fuoco
129951;Irene Piscitelli;0;Gufi Notturni;Viola e Grigio;Occhi nella Notte
129952;Angelo Pistorio;0;Dragoni Rossi;Rosso e Nero;Fiamme Rosse
129953;Liliana De Paoli;0;Ippopotami Viola;Viola e Oro;
129954;Oscar Luigi Crippa;0;Rinoceronti Blu;Verde e Argento;Rino Blu
129955;Andrea Nardini;0;Falchi Grigi;Grigio e Nero;Falchi del Vento
129956;Nazario De Bertoldi;0;Pinguini Polari;Bianco e Nero;
129957;Nadia Quarto;0;Ippopotami Viola;Viola e Oro;
129958;Fulvio Crescenzio;0;Gatti Neri;Nero e Viola;
129959;Bachisio Silvio Bornacin;0;Leoni Dorati;Giallo e Nero;Leoni Ruggenti
129960;Rosario Barbato;0;Zebre Striate;Bianco e Rosso;Zebre Elettriche
129961;Patrizia Brisca Menapace;0;Serpenti Dorati;Oro e Rosso;Serpenti Dorati
129962;Nedo Lorenzo Rauti;0;Corvi della Tempesta;Grigio e Blu;Tempesta Oscura
129963;Franco Scanu;0;Rinoceronti Blu;Verde e Argento;Rino Blu
129964;Francesco Maria Sposetti;0;Gufi Notturni;Viola e Grigio;Occhi nella Notte
129965;Gianpiero Carlo Marcucci;0;Fulmini Verdi;Verde e Giallo;Lampi Verdi
129966;Simona Nunzia Forlani;0;Corvi della Tempesta;Grigio e Blu;Tempesta Oscura
129967;Costantino Caprili;0;Delfini Argentati;Argento e Nero;Onde Argentate
129968;Paola Di Maggio;0;Pantere Rosa;Rosa e Grigio;Pantere Fiere
129969;Maria Rosaria Favero;0;Pinguini Polari;Bianco e Nero;
129970;Gian Guido Gambini;0;Gufi Notturni;Viola e Grigio;Occhi nella Notte
129971;Natale Maria Alfonso Padua;0;Serpenti Dorati;Oro e Rosso;Serpenti Dorati
129972;Ombretta Melchiorre;0;Dragoni Rossi;Rosso e Nero;Fiamme Rosse
129973;Vittorio Davico;0;Camaleonti Arcobaleno;Blu e Verde;Camaleonti Magici
129974;Santo Scalia;0;Scorpioni Rossi;Giallo e Verde;Scorpioni d'Acciaio
129975;Marilena Uras;0;Scorpioni Rossi;Giallo e Verde;Scorpioni d'Acciaio
129976;Ester Azzollini;0;Serpenti Dorati;Oro e Rosso;Serpenti Dorati
129977;Corradino Salerno;0;Pavoni Reali;Oro e Viola;Ali Reali
129978;Bianca Laura Cirami;0;Delfini Argentati;Argento e Nero;Onde Argentate
129979;Lucio Alessio Farolfi;0;Orsi Polari;Bianco e Blu;
129980;Ersilia Licheri;0;Tigri Nere;Nero e Arancione;Tigri Infuocate
129981;Ilaria Lunardi;0;Pantere Rosa;Rosa e Grigio;Pantere Fiere
129982;Eugenio Mario Leonardi;0;Fulmini Verdi;Verde e Giallo;Lampi Verdi
129983;Ida Fasano;0;Aquile Blu;Blu e Bianco;Aquile Volanti
129984;Costanzo Buttiglione;0;Cavalli Selvaggi;Rosso e Argento;Cavalieri Selvaggi
129985;Simona Nunzia Coronella;0;Rinoceronti Blu;Verde e Argento;Rino Blu
129986;Oreste Pagliarulo;0;Elefanti Grigi;Nero e Bianco;Elefanti Titanici
129987;Cecilia Conte;0;Aquile Blu;Blu e Bianco;Aquile Volanti
129988;Remigio Cagnin;0;Gatti Neri;Nero e Viola;
129989;Gian Pietro Ancorotti;0;Lupi del Nord;Bianco e Grigio;Ululati del Nord
129990;Ester Castaldi;0;Corvi della Tempesta;Grigio e Blu;Tempesta Oscura
129991;Guido Quintino Mautone;0;Gatti Neri;Nero e Viola;
129992;Rosaria Di Stefano;0;Rinoceronti Blu;Verde e Argento;Rino Blu
129993;Danila Mazzatorta;0;Pinguini Polari;Bianco e Nero;
129994;Aldo Specchia;0;Coccodrilli Verdi;Verde e Marrone;Coccodrilli d'Acciaio
129995;Roberto Enriques;0;Gufi Notturni;Viola e Grigio;Occhi nella Notte
129996;Vera Liliana De Poli;0;Lupi del Nord;Bianco e Grigio;Ululati del Nord
129997;Francesco Paolo Gaglione;0;Cavalli Selvaggi;Rosso e Argento;Cavalieri Selvaggi
129998;Maria Luisa Giorgis;0;Aquile Blu;Blu e Bianco;Aquile Volanti
129999;Amedeo Martini;0;Cavalli Selvaggi;Rosso e Argento;Cavalieri Selvaggi
130000;Orietta Blundo;0;Aquile Blu;Blu e Bianco;Aquile Volanti
130001;Alessandra Malpezzi;0;Dragoni Rossi;Rosso e Nero;Fiamme Rosse
130002;Raffaela Schifani;0;Squali Azzurri;Azzurro e Bianco;Predatori del Mare
130003;Raffaela Turci;0;Scorpioni Rossi;Giallo e Verde;Scorpioni d'Acciaio
130004;Natale Forlani;0;Serpenti Dorati;Oro e Rosso;Serpenti Dorati
130005;Antonio Michele Saccone;0;Volpi del Bosco;Blu e Rosso;Volpi Veloci
130006;Ivana Pasinato;0;Cavalli Selvaggi;Rosso e Argento;Cavalieri Selvaggi
130007;Fiorenza Giovanelli;0;Coccodrilli Verdi;Verde e Marrone;Coccodrilli d'Acciaio
130008;Maria Cristina D'alia;0;Aquile Blu;Blu e Bianco;Aquile Volanti
130009;Luca Lisi;0;Ippopotami Viola;Viola e Oro;
130010;Valeria Rossa;0;Corvi della Tempesta;Grigio e Blu;Tempesta Oscura
130011;Basilio Fosson;0;Aquile Reali;Blu e Oro;Reali del Cielo
130012;Raoul Siliquini;0;Delfini Argentati;Argento e Nero;Onde Argentate
130013;Eva Bonino;0;Volpi del Bosco;Blu e Rosso;Volpi Veloci
130014;Dafne Tubetti;0;Volpi del Bosco;Blu e Rosso;Volpi Veloci
130015;Nazario Loreto;0;Delfini Argentati;Argento e Nero;Onde Argentate
130016;Gian Pietro Iurlaro;0;Cinghiali Selvaggi;Marrone e Verde;Cinghiali Ruggenti
130017;Meinhard Gelmetti;0;Gatti Neri;Nero e Viola;
130018;Maria Agostina De Carolis;0;Pavoni Reali;Oro e Viola;Ali Reali
130019;Concetta Micciche';0;Fenici Rosse;Rosso e Arancione;Ali di Fuoco
130020;Vito Rosario Piloni;0;Pantere Rosa;Rosa e Grigio;Pantere Fiere
130021;Lamberto Donise;0;Dragoni Rossi;Rosso e Nero;Fiamme Rosse
130022;Oreste Carraro;0;Corvi della Tempesta;Grigio e Blu;Tempesta Oscura
130023;Gian Piero Vizzini;0;Squali Azzurri;Azzurro e Bianco;Predatori del Mare
130024;Caterina Aderenti;0;Lupi del Nord;Bianco e Grigio;Ululati del Nord
130025;Donato Milone;0;Volpi del Bosco;Blu e Rosso;Volpi Veloci
130026;Antonella Di Orio;0;Cavalieri d'Argento;Argento e Blu;
130027;Francesco Enrico Tedesco;0;Gatti Neri;Nero e Viola;
130028;Ciro Saltamartini;0;Gufi Notturni;Viola e Grigio;Occhi nella Notte
130029;Giulio Brienza;0;Pavoni Reali;Oro e Viola;Ali Reali
130030;Anna Carmela Besostri;0;Ippopotami Viola;Viola e Oro;
130031;Tommaso Verducci;0;Camaleonti Arcobaleno;Blu e Verde;Camaleonti Magici
130032;Tatjana Mineo;0;Serpenti Dorati;Oro e Rosso;Serpenti Dorati
130033;Riccardo Bucalo;0;Squali Azzurri;Azzurro e Bianco;Predatori del Mare
130034;Amintore D'ubaldo;0;Cinghiali Selvaggi;Marrone e Verde;Cinghiali Ruggenti
130035;Athos Bassoli;0;Fulmini Verdi;Verde e Giallo;Lampi Verdi
130036;Santo Maccanico;0;Cavalli Selvaggi;Rosso e Argento;Cavalieri Selvaggi
130037;Ettore Antonio Ferrante;0;Fenici Rosse;Rosso e Arancione;Ali di Fuoco
130038;Vanni Moles;0;Elefanti Grigi;Nero e Bianco;Elefanti Titanici
130039;Stelio Carbone;0;Aquile Reali;Blu e Oro;Reali del Cielo
130040;Rosaria Lai;0;Delfini Argentati;Argento e Nero;Onde Argentate
130041;Fiorenza Camo;0;Gufi Notturni;Viola e Grigio;Occhi nella Notte
130042;Guido Walter Cesare Tomaselli;0;Rinoceronti Blu;Verde e Argento;Rino Blu
130043;Sauro Compagna;0;Pantere Rosa;Rosa e Grigio;Pantere Fiere
130044;Sandra Contestabile;0;Fulmini Verdi;Verde e Giallo;Lampi Verdi
130045;Giuseppe Maria Piscitelli;0;Pantere Rosa;Rosa e Grigio;Pantere Fiere
130046;Silvio Diana;0;Delfini Argentati;Argento e Nero;Onde Argentate
130047;Gelsomina Ambrogio;0;Tigri Nere;Nero e Arancione;Tigri Infuocate
130048;Adriano Travaglia;0;Aquile Blu;Blu e Bianco;Aquile Volanti
130049;Donato Tommaso Federici;0;Leoni Dorati;Giallo e Nero;Leoni Ruggenti
130050;Mario De Luca;0;Falchi Grigi;Grigio e Nero;Falchi del Vento
130051;Mario Esposito;0;Orsi Polari;Bianco e Blu;
130052;Dario Vano;0;Falchi Grigi;Grigio e Nero;Falchi del Vento
130053;Giuseppe Milana;0;Aquile Reali;Blu e Oro;Reali del Cielo
130054;Mariapia Saporito;0;Falchi Grigi;Grigio e Nero;Falchi del Vento
130055;Antonello Comaroli;0;Lupi del Nord;Bianco e Grigio;Ululati del Nord
130056;Ignazio Tonini;0;Zebre Striate;Bianco e Rosso;Zebre Elettriche
130057;Lanfranco Scoma;0;Fenici Rosse;Rosso e Arancione;Ali di Fuoco
130058;Gianni Pietro Adduce;0;Serpenti Dorati;Oro e Rosso;Serpenti Dorati
130059;Erika Pisanu;0;Rinoceronti Blu;Verde e Argento;Rino Blu
130060;Vanna Minasi;0;Aquile Blu;Blu e Bianco;Aquile Volanti
130061;Etelwardo Bocca;0;Corvi della Tempesta;Grigio e Blu;Tempesta Oscura
130062;Luis Alberto Calderoli;0;Pantere Rosa;Rosa e Grigio;Pantere Fiere
130063;Mirella Massucco;0;Orsi Polari;Bianco e Blu;
130064;Gilberto Bergonzi;0;Lupi del Nord;Bianco e Grigio;Ululati del Nord
130065;Achille Scalera;0;Cinghiali Selvaggi;Marrone e Verde;Cinghiali Ruggenti
130066;Umberto Formigoni;0;Orsi Polari;Bianco e Blu;
130067;Ersilia Vallardi;0;Ippopotami Viola;Viola e Oro;
130068;Angelo Michele Margiotta;0;Tigri Nere;Nero e Arancione;Tigri Infuocate
130069;Edo Calderoli;0;Aquile Reali;Blu e Oro;Reali del Cielo
130070;Gianni Gagliardi;0;Cavalli Selvaggi;Rosso e Argento;Cavalieri Selvaggi
130071;Clemente Tiraboschi;0;Scorpioni Rossi;Giallo e Verde;Scorpioni d'Acciaio
130072;Emiddio Martelli;0;Rinoceronti Blu;Verde e Argento;Rino Blu
130073;Pamela Giacoma Giovanna Thaler Ausserhofer;0;Cavalieri d'Argento;Argento e Blu;
130074;Antonio Michele Nicita;0;Delfini Argentati;Argento e Nero;Onde Argentate
130075;Maria Agostina Puppato;0;Corvi della Tempesta;Grigio e Blu;Tempesta Oscura
130076;Dorina Ceruti;0;Scorpioni Rossi;Giallo e Verde;Scorpioni d'Acciaio
130077;Gilberto Borioli;0;Gatti Neri;Nero e Viola;
130078;Stefania Sartori;0;Dragoni Rossi;Rosso e Nero;Fiamme Rosse
130079;Margherita Sambin;0;Elefanti Grigi;Nero e Bianco;Elefanti Titanici
130080;Maria Claudia Agoni;0;Zebre Striate;Bianco e Rosso;Zebre Elettriche
130081;Silvana Andreina Mancini;0;Gatti Neri;Nero e Viola;
130082;Francesco Paolo Mussolini;0;Gatti Neri;Nero e Viola;
130083;Karl Bonfietti;0;Cavalieri d'Argento;Argento e Blu;
130084;Andrea Benedetti Valentini;0;Gufi Notturni;Viola e Grigio;Occhi nella Notte
130085;Vanni Mercatali;0;Squali Azzurri;Azzurro e Bianco;Predatori del Mare
130086;Gian Marco Bratina;0;Pavoni Reali;Oro e Viola;Ali Reali
130087;Franco Costantino Borioli;0;Aquile Reali;Blu e Oro;Reali del Cielo
130088;Antonio Michele Pasquali;0;Gatti Neri;Nero e Viola;
130089;Lionello D'ascola;0;Camaleonti Arcobaleno;Blu e Verde;Camaleonti Magici
