110090;Annamaria De Feo;0;Aquile Reali;Blu e Oro;Reali del Cielo
110091;Nello Loreto;0;Cavalieri d'Argento;Argento e Blu;
110092;Giovanna Palmizio;0;Serpenti Dorati;Oro e Rosso;Serpenti Dorati
110093;Michela Collina;0;Corvi della Tempesta;Grigio e Blu;Tempesta Oscura
110094;Mauro Maria Piccioni;0;Falchi Grigi;Grigio e Nero;Falchi del Vento
110095;Aventino Ripamonti;0;Delfini Argentati;Argento e Nero;Onde Argentate
110096;Rosa Angela Miglio;0;Cavalieri d'Argento;Argento e Blu;
110097;Dieter Stabile;0;Dragoni Rossi;Rosso e Nero;Fiamme Rosse
110098;Rosetta Enza Trentacoste;0;Leoni Dorati;Giallo e Nero;Leoni Ruggenti
110099;Maria Grazia Fazzone;0;Delfini Argentati;Argento e Nero;Onde Argentate
110100;Amintore Zuccherini;0;Cavalli Selvaggi;Rosso e Argento;Cavalieri Selvaggi
110101;Paola Pacifico;0;Fulmini Verdi;Verde e Giallo;Lampi Verdi
110102;Ersilia Sinisi;0;Fulmini Verdi;Verde e Giallo;Lampi Verdi
110103;Antonio Gianfranco De Santis;0;Squali Azzurri;Azzurro e Bianco;Predatori del Mare
110104;Patrizia Rotondi;0;Fulmini Verdi;Verde e Giallo;Lampi Verdi
110105;Angelo Wilde;0;Delfini Argentati;Argento e Nero;Onde Argentate
110106;Nitto Francesco Chiusoli;0;Volpi del Bosco;Blu e Rosso;Volpi Veloci
110107;Angelo Ronchi;0;Camaleonti Arcobaleno;Blu e Verde;Camaleonti Magici
110108;Alfredo Fede;0;Zebre Striate;Bianco e Rosso;Zebre Elettriche
110109;Antonio Gianfranco Centaro;0;Dragoni Rossi;Rosso e Nero;Fiamme Rosse
110110;Fulvia Michela D'urso;0;Zebre Striate;Bianco e Rosso;Zebre Elettriche
110111;Bartolomeo Battisti;0;Gatti Neri;Nero e Viola;
110112;Lucio Unterberger;0;Rinoceronti Blu;Verde e Argento;Rino Blu
110113;Giovanbattista Chirilli;0;Corvi della Tempesta;Grigio e Blu;Tempesta Oscura
110114;Erika Saltamartini;0;Cinghiali Selvaggi;Marrone e Verde;Cinghiali Ruggenti
110115;Augusto Chiaromonte;0;Cavalli Selvaggi;Rosso e Argento;Cavalieri Selvaggi
110116;Camilla Piccinelli;0;Elefanti Grigi;Nero e Bianco;Elefanti Titanici
110117;Carlo Azeglio Parrini;0;Elefanti Grigi;Nero e Bianco;Elefanti Titanici
110118;Raffaella Fiormaria Maninetti;0;Dragoni Rossi;Rosso e Nero;Fiamme Rosse
110119;Giuliomaria Pesco;0;Falchi Grigi;Grigio e Nero;Falchi del Vento
110120;Gavino Caligiuri;0;Cinghiali Selvaggi;Marrone e Verde;Cinghiali Ruggenti
110121;Liborio Caddeo;0;Fulmini Verdi;Verde e Giallo;Lampi Verdi
110122;Urania Giulia Rosina Anitori;0;Zebre Striate;Bianco e Rosso;Zebre Elettriche
110123;Orfeo Pucciarelli;0;Serpenti Dorati;Oro e Rosso;Serpenti Dorati
110124;Anna Maria Verini;0;Cavalieri d'Argento;Argento e Blu;
110125;Anna Rita Nocco;0;Orsi Polari;Bianco e Blu;
110126;Ricardo Antonio Turco;0;Delfini Argentati;Argento e Nero;Onde Argentate
110127;Silvestro Vaccari;0;Leoni Dorati;Giallo e Nero;Leoni Ruggenti
110128;Olimpia Robol;0;Camaleonti Arcobaleno;Blu e Verde;Camaleonti Magici
110129;Maurizio Caliendo;0;Tigri Nere;Nero e Arancione;Tigri Infuocate
110130;Nerina Floridia;0;Squali Azzurri;Azzurro e Bianco;Predatori del Mare
110131;Gelsomina Fuda;0;Cinghiali Selvaggi;Marrone e Verde;Cinghiali Ruggenti
110132;Daniele Fluttero;0;Cavalieri d'Argento;Argento e Blu;
110133;Flavio Negri;0;Corvi della Tempesta;Grigio e Blu;Tempesta Oscura
110134;Luis Alberto Boccia;0;Falchi Grigi;Grigio e Nero;Falchi del Vento
110135;Gabriele Garavini;0;Elefanti Grigi;Nero e Bianco;Elefanti Titanici
110136;Guido Lanzi;0;Scorpioni Rossi;Giallo e Verde;Scorpioni d'Acciaio
110137;Mariapia Del Roio;0;Cavalli Selvaggi;Rosso e Argento;Cavalieri Selvaggi
110138;Salvatore Tito Follini;0;Cavalli Selvaggi;Rosso e Argento;Cavalieri Selvaggi
110139;Aleandro De Falco;0;Scorpioni Rossi;Giallo e Verde;Scorpioni d'Acciaio
110140;Daniela Rauti;0;Cinghiali Selvaggi;Marrone e Verde;Cinghiali Ruggenti
110141;Guglielmo Chincarini;0;Camaleonti Arcobaleno;Blu e Verde;Camaleonti Magici
110142;Giulia Mininno;0;Aquile Blu;Blu e Bianco;Aquile Volanti
110143;Daisy Sbarbati;0;Pinguini Polari;Bianco e Nero;
110144;Carmela Ziccone;0;Serpenti Dorati;Oro e Rosso;Serpenti Dorati
110145;Maria Ida Falomi;0;Falchi Grigi;Grigio e Nero;Falchi del Vento
110146;Primo Kofler;0;Leoni Dorati;Giallo e Nero;Leoni Ruggenti
110147;Gregorio Salvi;0;Gufi Notturni;Viola e Grigio;Occhi nella Notte
110148;Raffaella Fiormaria Spilabotte;0;Coccodrilli Verdi;Verde e Marrone;Coccodrilli d'Acciaio
110149;Francesco Tabladini;0;Pantere Rosa;Rosa e Grigio;Pantere Fiere
110150;Michaela Piccinelli;0;Aquile Blu;Blu e Bianco;Aquile Volanti
110151;Elia Tarolli;0;Pinguini Polari;Bianco e Nero;
110152;Adele Candiani;0;Tigri Nere;Nero e Arancione;Tigri Infuocate
110153;Gustavo De Carlo;0;Falchi Grigi;Grigio e Nero;Falchi del Vento
110154;Rosaria Zanettin;0;Cavalli Selvaggi;Rosso e Argento;Cavalieri Selvaggi
110155;Beatrice Pera;0;Volpi del Bosco;Blu e Rosso;Volpi Veloci
110156;Silvia Del Barba;0;Cavalieri d'Argento;Argento e Blu;
110157;Raffaele Albano;0;Aquile Blu;Blu e Bianco;Aquile Volanti
110158;Euprepio Cherchi;0;Rinoceronti Blu;Verde e Argento;Rino Blu
110159;Guido Cesare Modena;0;Dragoni Rossi;Rosso e Nero;Fiamme Rosse
110160;Giovanni Vittorio Bucciero;0;Pantere Rosa;Rosa e Grigio;Pantere Fiere
110161;Maria Giuseppa Papini;0;Scorpioni Rossi;Giallo e Verde;Scorpioni d'Acciaio
110162;Grazia Pardi;0;Cinghiali Selvaggi;Marrone e Verde;Cinghiali Ruggenti
110163;Aleandro Jacchia;0;Leoni Dorati;Giallo e Nero;Leoni Ruggenti
110164;Vincenza Silvestri;0;Corvi della Tempesta;Grigio e Blu;Tempesta Oscura
110165;Maria Chiara Renzi;0;Aquile Blu;Blu e Bianco;Aquile Volanti
110166;Gaspare Antonio Cossutta;0;Pavoni Reali;Oro e Viola;Ali Reali
110167;Francesco Antonio Martini;0;Orsi Polari;Bianco e Blu;
110168;Achille Matrisciano;0;Aquile Reali;Blu e Oro;Reali del Cielo
110169;Corradino Mineo;0;Aquile Blu;Blu e Bianco;Aquile Volanti
110170;Euprepio Calderoli;0;Gufi Notturni;Viola e Grigio;Occhi nella Notte
110171;Mauro Pisanu;0;Volpi del Bosco;Blu e Rosso;Volpi Veloci
110172;Ivan Rojc;0;Scorpioni Rossi;Giallo e Verde;Scorpioni d'Acciaio
110173;Luigi Franceschelli;0;Leoni Dorati;Giallo e Nero;Leoni Ruggenti
110174;Filomeno Biagio Capelli;0;Tigri Nere;Nero e Arancione;Tigri Infuocate
110175;Ludovico Bonfrisco;0;Zebre Striate;Bianco e Rosso;Zebre Elettriche
110176;Giulio Mario Binetti;0;Dragoni Rossi;Rosso e Nero;Fiamme Rosse
110177;Felicia Berlusconi;0;Pavoni Reali;Oro e Viola;Ali Reali
110178;Gianpiero Carlo Colucci;0;Scorpioni Rossi;Giallo e Verde;Scorpioni d'Acciaio
110179;Filomeno Biagio Dondeynaz;0;Leoni Dorati;Giallo e Nero;Leoni Ruggenti
110180;William Gallicchio;0;Camaleonti Arcobaleno;Blu e Verde;Camaleonti Magici
110181;Vanna Dentamaro;0;Pavoni Reali;Oro e Viola;Ali Reali
110182;Guido Quintino Causin;0;Serpenti Dorati;Oro e Rosso;Serpenti Dorati
110183;Lido Corti;0;Scorpioni Rossi;Giallo e Verde;Scorpioni d'Acciaio
110184;Patty Pionati;0;Gatti Neri;Nero e Viola;
110185;Valentino Spinello;0;Coccodrilli Verdi;Verde e Marrone;Coccodrilli d'Acciaio
110186;Gianvittore Polidoro;0;Gufi Notturni;Viola e Grigio;Occhi nella Notte
110187;Michele Arcangelo Nugnes;0;Camaleonti Arcobaleno;Blu e Verde;Camaleonti Magici
110188;Bruno Favero;0;Camaleonti Arcobaleno;Blu e Verde;Camaleonti Magici
110189;Carlo Scarpinato;0;Lupi del Nord;Bianco e Grigio;Ululati del Nord
110190;Mino Semenzato;0;Falchi Grigi;Grigio e Nero;Falchi del Vento
110191;Dieter Paganella;0;Serpenti Dorati;Oro e Rosso;Serpenti Dorati
110192;Jonny Marinaro;0;Coccodrilli Verdi;Verde e Marrone;Coccodrilli d'Acciaio
110193;Anna Di Lello Finuoli;0;Cavalli Selvaggi;Rosso e Argento;Cavalieri Selvaggi
110194;Fulvia Michela Avogadro;0;Gatti Neri;Nero e Viola;
110195;Adelaide Di Giacomo;0;Serpenti Dorati;Oro e Rosso;Serpenti Dorati
110196;Vito Claudio Silvestri;0;Scorpioni Rossi;Giallo e Verde;Scorpioni d'Acciaio
110197;Francesco Maria Valpiana;0;Leoni Dorati;Giallo e Nero;Leoni Ruggenti
110198;Edoardo Tiraboschi;0;Pantere Rosa;Rosa e Grigio;Pantere Fiere
110199;Agnese Piredda;0;Aquile Reali;Blu e Oro;Reali del Cielo
110200;Giuseppina Scopelliti;0;Tigri Nere;Nero e Arancione;Tigri Infuocate
110201;Mariano La Mura;0;Rinoceronti Blu;Verde e Argento;Rino Blu
110202;Alessia Bo;0;Camaleonti Arcobaleno;Blu e Verde;Camaleonti Magici
110203;Orietta Bilotti;0;Cavalieri d'Argento;Argento e Blu;
110204;Peppe Messina;0;Falchi Grigi;Grigio e Nero;Falchi del Vento
110205;Felice Carlo Salvitti;0;Leoni Dorati;Giallo e Nero;Leoni Ruggenti
110206;Gianvittore Firrarello;0;Fulmini Verdi;Verde e Giallo;Lampi Verdi
110207;Urania Giulia Rosina Turroni;0;Corvi della Tempesta;Grigio e Blu;Tempesta Oscura
110208;Luigi Napoli;0;Corvi della Tempesta;Grigio e Blu;Tempesta Oscura
110209;Lucrezia Gaggio Giuliani;0;Coccodrilli Verdi;Verde e Marrone;Coccodrilli d'Acciaio
110210;Lorenzo Emilio Brisca Menapace;0;Pantere Rosa;Rosa e Grigio;Pantere Fiere
110211;Emanuele Passoni;0;Serpenti Dorati;Oro e Rosso;Serpenti Dorati
110212;Demetrio Zappacosta;0;Elefanti Grigi;Nero e Bianco;Elefanti Titanici
110213;Leonzio Sironi;0;Cavalli Selvaggi;Rosso e Argento;Cavalieri Selvaggi
110214;Rina Cortelloni;0;Coccodrilli Verdi;Verde e Marrone;Coccodrilli d'Acciaio
110215;Donato Tommaso Verducci;0;Cinghiali Selvaggi;Marrone e Verde;Cinghiali Ruggenti
110216;Cinzia Maria Granato;0;Pinguini Polari;Bianco e Nero;
110217;Meinhard Colla;0;Lupi del Nord;Bianco e Grigio;Ululati del Nord
110218;Lavinia Versace;0;Zebre Striate;Bianco e Rosso;Zebre Elettriche
110219;Mario Alejandro Pollastri;0;Squali Azzurri;Azzurro e Bianco;Predatori del Mare
110220;Elvio Rebuzzi;0;Ippopotami Viola;Viola e Oro;
110221;Erica Cantu';0;Serpenti Dorati;Oro e Rosso;Serpenti Dorati
110222;Arnaldo Santillo;0;Elefanti Grigi;Nero e Bianco;Elefanti Titanici
110223;Diana Storace;0;Aquile Reali;Blu e Oro;Reali del Cielo
110224;Angela Anna Bruna Labellarte;0;Cinghiali Selvaggi;Marrone e Verde;Cinghiali Ruggenti
110225;Rossella Mascitelli;0;Cinghiali Selvaggi;Marrone e Verde;Cinghiali Ruggenti
110226;Severino Petrocelli;0;Ippopotami Viola;Viola e Oro;
110227;Domenica Tredese;0;Cavalli Selvaggi;Rosso e Argento;Cavalieri Selvaggi
110228;Tony Chike Bertorotta;0;Orsi Polari;Bianco e Blu;
110229;Santo De Siano;0;Cavalieri d'Argento;Argento e Blu;
110230;Gianmarco Morri;0;Zebre Striate;Bianco e Rosso;Zebre Elettriche
110231;Michelina Bedin;0;Gufi Notturni;Viola e Grigio;Occhi nella Notte
110232;Daisy Sodano;0;Squali Azzurri;Azzurro e Bianco;Predatori del Mare
110233;Mauro Maria Adamo;0;Coccodrilli Verdi;Verde e Marrone;Coccodrilli d'Acciaio
110234;Stefania Gabriella Anastasia Montagna;0;Lupi del Nord;Bianco e Grigio;Ululati del Nord
110235;Simona Flavia Scurria;0;Falchi Grigi;Grigio e Nero;Falchi del Vento
110236;Felice Carlo Dolazza;0;Aquile Blu;Blu e Bianco;Aquile Volanti
110237;Nicodemo Francesco Bellini;0;Rinoceronti Blu;Verde e Argento;Rino Blu
110238;Emanuele Minasi;0;Coccodrilli Verdi;Verde e Marrone;Coccodrilli d'Acciaio
110239;Altero Michelini;0;Rinoceronti Blu;Verde e Argento;Rino Blu
110240;Patty Larizza;0;Ippopotami Viola;Viola e Oro;
110241;Mariarosaria Galan;0;Cinghiali Selvaggi;Marrone e Verde;Cinghiali Ruggenti
110242;Alberto Adalgisio Mirabelli;0;Fulmini Verdi;Verde e Giallo;Lampi Verdi
110243;Dolores Wilde;0;Dragoni Rossi;Rosso e Nero;Fiamme Rosse
110244;Giorgio Misserville;0;Cavalieri d'Argento;Argento e Blu;
110245;Massimiliano Spilabotte;0;Falchi Grigi;Grigio e Nero;Falchi del Vento
110246;Ombretta Maria Serena;0;Gufi Notturni;Viola e Grigio;Occhi nella Notte
110247;Gian Piero Verducci;0;Falchi Grigi;Grigio e Nero;Falchi del Vento
110248;Mariapia Fazzone;0;Cavalieri d'Argento;Argento e Blu;
110249;Patty Migliavacca;0;Elefanti Grigi;Nero e Bianco;Elefanti Titanici
110250;Alessandra Polito;0;Falchi Grigi;Grigio e Nero;Falchi del Vento
110251;Ivan Cangini;0;Fulmini Verdi;Verde e Giallo;Lampi Verdi
110252;Cesare Comincini;0;Aquile Reali;Blu e Oro;Reali del Cielo
110253;Rosetta Enza De Feo;0;Fulmini Verdi;Verde e Giallo;Lampi Verdi
110254;Domenico Mazzaracchio;0;Dragoni Rossi;Rosso e Nero;Fiamme Rosse
110255;Bachisio Silvio Pasetto;0;Elefanti Grigi;Nero e Bianco;Elefanti Titanici
110256;Gianrico Agogliati;0;Rinoceronti Blu;Verde e Argento;Rino Blu
110257;Rossella Napoli;0;Fulmini Verdi;Verde e Giallo;Lampi Verdi
110258;Agazio Patriarca;0;Pantere Rosa;Rosa e Grigio;Pantere Fiere
110259;Vincenzo Maria Versace;0;Leoni Dorati;Giallo e Nero;Leoni Ruggenti
110260;Giuseppe Luigi Salvatore Maninetti;0;Pavoni Reali;Oro e Viola;Ali Reali
110261;Esteban Juan Bobbio;0;Tigri Nere;Nero e Arancione;Tigri Infuocate
110262;Julia Massucco;0;Gatti Neri;Nero e Viola;
110263;Vladimiro Caridi;0;Pinguini Polari;Bianco e Nero;
110264;Vittorio Latorre;0;Camaleonti Arcobaleno;Blu e Verde;Camaleonti Magici
110265;Walter Patriarca;0;Volpi del Bosco;Blu e Rosso;Volpi Veloci
110266;Irene Rotondo;0;Aquile Reali;Blu e Oro;Reali del Cielo
110267;Lara Rotelli;0;Cavalieri d'Argento;Argento e Blu;
110268;Marinella Parola;0;Falchi Grigi;Grigio e Nero;Falchi del Vento
110269;Ivo Capelli;0;Cinghiali Selvaggi;Marrone e Verde;Cinghiali Ruggenti
110270;Guido Walter Cesare Caridi;0;Cavalli Selvaggi;Rosso e Argento;Cavalieri Selvaggi
110271;Basilio Licastro Scardino;0;Squali Azzurri;Azzurro e Bianco;Predatori del Mare
110272;Susanna Lina Giulia Polito;0;Fulmini Verdi;Verde e Giallo;Lampi Verdi
110273;Peppe De Biasi;0;Delfini Argentati;Argento e Nero;Onde Argentate
110274;Margherita Ramponi;0;Aquile Blu;Blu e Bianco;Aquile Volanti
110275;Sandro Di Bartolomeo;0;Gufi Notturni;Viola e Grigio;Occhi nella Notte
110276;Sante Ternullo;0;Zebre Striate;Bianco e Rosso;Zebre Elettriche
110277;Fernando Casolati;0;Volpi del Bosco;Blu e Rosso;Volpi Veloci
110278;Gianmarco Pellicini;0;Cavalieri d'Argento;Argento e Blu;
110279;Stefano Casson;0;Pinguini Polari;Bianco e Nero;
110280;Helga Dini;0;Camaleonti Arcobaleno;Blu e Verde;Camaleonti Magici
110281;Sabrina Stancanelli;0;Elefanti Grigi;Nero e Bianco;Elefanti Titanici
110282;Silvio Montani;0;Orsi Polari;Bianco e Blu;
110283;Maria Fortuna Abate;0;Elefanti Grigi;Nero e Bianco;Elefanti Titanici
110284;Maria Rosaria Cario;0;Delfini Argentati;Argento e Nero;Onde Argentate
110285;Vittorio Iannuzzi;0;Zebre Striate;Bianco e Rosso;Zebre Elettriche
110286;Gianvittorio Rigo;0;Ippopotami Viola;Viola e Oro;
110287;Christian Lo Moro;0;Cinghiali Selvaggi;Marrone e Verde;Cinghiali Ruggenti
110288;Stelio Bressa;0;Delfini Argentati;Argento e Nero;Onde Argentate
110289;Doris Rubinato;0;Pantere Rosa;Rosa e Grigio;Pantere Fiere
110290;Alan Occhetto;0;Cavalieri d'Argento;Argento e Blu;
110291;Maria Celeste Rosa;0;Rinoceronti Blu;Verde e Argento;Rino Blu
110292;Guido Walter Cesare Santangelo;0;Dragoni Rossi;Rosso e Nero;Fiamme Rosse
110293;Linda Semenzato;0;Cavalieri d'Argento;Argento e Blu;
110294;Gino Manca;0;Volpi del Bosco;Blu e Rosso;Volpi Veloci
110295;Armando Saponara;0;Falchi Grigi;Grigio e Nero;Falchi del Vento
110296;Maria Uras;0;Aquile Reali;Blu e Oro;Reali del Cielo
110297;Alessandro Parente;0;Ippopotami Viola;Viola e Oro;
110298;Maria Rosaria Segre;0;Delfini Argentati;Argento e Nero;Onde Argentate
110299;Emilio Scibona;0;Cinghiali Selvaggi;Marrone e Verde;Cinghiali Ruggenti
110300;Pasqualino Lorenzo Bettini;0;Cavalli Selvaggi;Rosso e Argento;Cavalieri Selvaggi
110301;Corradino Vallone;0;Volpi del Bosco;Blu e Rosso;Volpi Veloci
110302;Lidia Morri;0;Scorpioni Rossi;Giallo e Verde;Scorpioni d'Acciaio
110303;Gian Carlo Pinza;0;Orsi Polari;Bianco e Blu;
110304;Alessandra Rotondi;0;Scorpioni Rossi;Giallo e Verde;Scorpioni d'Acciaio
110305;Arturo Mario Richetti;0;Gatti Neri;Nero e Viola;
110306;Achille Archiutti;0;Rinoceronti Blu;Verde e Argento;Rino Blu
110307;Marcello Colla;0;Lupi del Nord;Bianco e Grigio;Ululati del Nord
110308;Francesco Bonadonna;0;Fulmini Verdi;Verde e Giallo;Lampi Verdi
110309;Ferdinando De Luca;0;Falchi Grigi;Grigio e Nero;Falchi del Vento
110310;Mariano Fausti;0;Dragoni Rossi;Rosso e Nero;Fiamme Rosse
110311;Filadelfio Guido De Petris;0;Lupi del Nord;Bianco e Grigio;Ululati del Nord
110312;Giovanni Pietro Rivolta;0;Aquile Reali;Blu e Oro;Reali del Cielo
110313;Luisa Galardi;0;Cavalieri d'Argento;Argento e Blu;
110314;Simonetta Pianasso;0;Dragoni Rossi;Rosso e Nero;Fiamme Rosse
110315;Maria Grazia Ventucci;0;Cavalieri d'Argento;Argento e Blu;
110316;Angela Anna Bruna Vallardi;0;Pinguini Polari;Bianco e Nero;
110317;Gustavo Fallucchi;0;Fulmini Verdi;Verde e Giallo;Lampi Verdi
110318;Filippo Manconi;0;Volpi del Bosco;Blu e Rosso;Volpi Veloci
110319;Lello Rando;0;Dragoni Rossi;Rosso e Nero;Fiamme Rosse
110320;Vera Liliana Vicini;0;Volpi del Bosco;Blu e Rosso;Volpi Veloci
110321;Angela Anna Bruna Bruzzone;0;Orsi Polari;Bianco e Blu;
110322;Massimo Perilli;0;Gatti Neri;Nero e Viola;
110323;Maria Claudia Pellegatta;0;Fulmini Verdi;Verde e Giallo;Lampi Verdi
110324;Assuntela Donati;0;Pinguini Polari;Bianco e Nero;
110325;Lucia Betta;0;Scorpioni Rossi;Giallo e Verde;Scorpioni d'Acciaio
110326;Gianpietro Cusumano;0;Falchi Grigi;Grigio e Nero;Falchi del Vento
110327;Alessia Gubetti;0;Falchi Grigi;Grigio e Nero;Falchi del Vento
110328;Elidio Taverna;0;Zebre Striate;Bianco e Rosso;Zebre Elettriche
110329;Aldo Candura;0;Elefanti Grigi;Nero e Bianco;Elefanti Titanici
110330;Oskar Zanoni;0;Tigri Nere;Nero e Arancione;Tigri Infuocate
110331;Giorgio Garavaglia;0;Elefanti Grigi;Nero e Bianco;Elefanti Titanici
110332;Cristano Malvano;0;Scorpioni Rossi;Giallo e Verde;Scorpioni d'Acciaio
110333;Egidio Enrico Losurdo;0;Orsi Polari;Bianco e Blu;
110334;Marcello Tomaselli;0;Rinoceronti Blu;Verde e Argento;Rino Blu
110335;Benedetto Pesco;0;Squali Azzurri;Azzurro e Bianco;Predatori del Mare
110336;Licia De Gregorio;0;Squali Azzurri;Azzurro e Bianco;Predatori del Mare
110337;Giuliano Rognoni;0;Gufi Notturni;Viola e Grigio;Occhi nella Notte
110338;Leana Bonadonna;0;Falchi Grigi;Grigio e Nero;Falchi del Vento
110339;Annamaria Vetrella;0;Camaleonti Arcobaleno;Blu e Verde;Camaleonti Magici
110340;Gianpietro Zullo;0;Delfini Argentati;Argento e Nero;Onde Argentate
110341;Ida Maria Pellegatta;0;Volpi del Bosco;Blu e Rosso;Volpi Veloci
110342;Nicola Scanu;0;Gufi Notturni;Viola e Grigio;Occhi nella Notte
110343;Mino Volpi;0;Leoni Dorati;Giallo e Nero;Leoni Ruggenti
110344;Sara Mascioni;0;Pavoni Reali;Oro e Viola;Ali Reali
110345;Agostino Biasco;0;Aquile Reali;Blu e Oro;Reali del Cielo
110346;Donella Irto;0;Cavalieri d'Argento;Argento e Blu;
110347;Giampaolo Vittorio Elio Federici;0;Cavalieri d'Argento;Argento e Blu;
110348;Vilma Bucciarelli;0;Aquile Reali;Blu e Oro;Reali del Cielo
110349;Giannicola Michelini;0;Leoni Dorati;Giallo e Nero;Leoni Ruggenti
110350;Lionello Marco Favero;0;Aquile Blu;Blu e Bianco;Aquile Volanti
110351;Luis Alberto Spinelli;0;Aquile Blu;Blu e Bianco;Aquile Volanti
110352;Orfeo Ternullo;0;Gufi Notturni;Viola e Grigio;Occhi nella Notte
110353;Gianpiero Carlo D'amico;0;Serpenti Dorati;Oro e Rosso;Serpenti Dorati
110354;Egidio Luigi Nerozzi;0;Zebre Striate;Bianco e Rosso;Zebre Elettriche
110355;Giovanbattista Bocca;0;Zebre Striate;Bianco e Rosso;Zebre Elettriche
110356;Livio D'onghia;0;Fenici Rosse;Rosso e Arancione;Ali di Fuoco
110357;Gabriella Ghedini;0;Gufi Notturni;Viola e Grigio;Occhi nella Notte
110358;Maria Grazia Boscetto;0;Orsi Polari;Bianco e Blu;
110359;Valeria Fravezzi;0;Zebre Striate;Bianco e Rosso;Zebre Elettriche
110360;Elio Massimo Rizzi;0;Cavalieri d'Argento;Argento e Blu;
110361;Giuseppina Pedica;0;Serpenti Dorati;Oro e Rosso;Serpenti Dorati
110362;Lucio Alessio Bassanini;0;Aquile Blu;Blu e Bianco;Aquile Volanti
110363;Mirella Passigli;0;Leoni Dorati;Giallo e Nero;Leoni Ruggenti
110364;Giuseppe Tommaso Vincenzo Vigevani;0;Coccodrilli Verdi;Verde e Marrone;Coccodrilli d'Acciaio
110365;Accursio Verducci;0;Cavalieri d'Argento;Argento e Blu;
110366;Ester Modena;0;Leoni Dorati;Giallo e Nero;Leoni Ruggenti
110367;Ivana Tomaselli;0;Aquile Reali;Blu e Oro;Reali del Cielo
110368;Esteban Juan La Marca;0;Fenici Rosse;Rosso e Arancione;Ali di Fuoco
110369;Pasquale Cerno;0;Falchi Grigi;Grigio e Nero;Falchi del Vento
110370;Tilde Mazzuca Poggiolini;0;Cavalli Selvaggi;Rosso e Argento;Cavalieri Selvaggi
110371;Carmelo Zilio;0;Camaleonti Arcobaleno;Blu e Verde;Camaleonti Magici
110372;Costantino Perduca;0;Pinguini Polari;Bianco e Nero;
110373;Magda Angela Paragone;0;Lupi del Nord;Bianco e Grigio;Ululati del Nord
110374;Simona Nunzia Ronchi;0;Dragoni Rossi;Rosso e Nero;Fiamme Rosse
110375;Gianrico Carpinelli;0;Orsi Polari;Bianco e Blu;
110376;Assuntela Mascitelli;0;Gatti Neri;Nero e Viola;
110377;Gianmarco Corti;0;Serpenti Dorati;Oro e Rosso;Serpenti Dorati
110378;Marta Longhi;0;Coccodrilli Verdi;Verde e Marrone;Coccodrilli d'Acciaio
110379;Giorgio Cassano;0;Ippopotami Viola;Viola e Oro;
110380;Maria Giuseppa Saviane;0;Aquile Blu;Blu e Bianco;Aquile Volanti
110381;Maria Claudia Manfredi;0;Cinghiali Selvaggi;Marrone e Verde;Cinghiali Ruggenti
110382;Luis Alberto Craxi;0;Dragoni Rossi;Rosso e Nero;Fiamme Rosse
110383;Tomaso Bobbio;0;Cavalieri d'Argento;Argento e Blu;
110384;Egidio Rastrelli;0;Zebre Striate;Bianco e Rosso;Zebre Elettriche
110385;Andrea Brignone;0;Cinghiali Selvaggi;Marrone e Verde;Cinghiali Ruggenti
110386;Giuseppe Tommaso Vincenzo Sironi;0;Cinghiali Selvaggi;Marrone e Verde;Cinghiali Ruggenti
110387;Furio Lenna;0;Tigri Nere;Nero e Arancione;Tigri Infuocate
110388;Cristiano Pertoldi;0;Corvi della Tempesta;Grigio e Blu;Tempesta Oscura
110389;Ortensio Romano;0;Gufi Notturni;Viola e Grigio;Occhi nella Notte
110390;Ester De Lucia;0;Aquile Reali;Blu e Oro;Reali del Cielo
110391;Renato Donise;0;Leoni Dorati;Giallo e Nero;Leoni Ruggenti
110392;Baldassare Cosenza;0;Fulmini Verdi;Verde e Giallo;Lampi Verdi
110393;Tullio Turci;0;Cavalli Selvaggi;Rosso e Argento;Cavalieri Selvaggi
110394;Alberto Felice Simone Ruta;0;Delfini Argentati;Argento e Nero;Onde Argentate
110395;Ferdinando Lenna;0;Dragoni Rossi;Rosso e Nero;Fiamme Rosse
110396;Umberto Murineddu;0;Fulmini Verdi;Verde e Giallo;Lampi Verdi
110397;Felice Ceruti;0;Corvi della Tempesta;Grigio e Blu;Tempesta Oscura
110398;Domenica Andreotti;0;Cinghiali Selvaggi;Marrone e Verde;Cinghiali Ruggenti
110399;Gustavo Budin;0;Gufi Notturni;Viola e Grigio;Occhi nella Notte
110400;Tancredi Basini;0;Aquile Reali;Blu e Oro;Reali del Cielo
110401;Elia Pittelli;0;Orsi Polari;Bianco e Blu;
110402;Simona Flavia Perosino;0;Gatti Neri;Nero e Viola;
110403;Rossana Giovanardi;0;Squali Azzurri;Azzurro e Bianco;Predatori del Mare
110404;Maria Alessandra Pardini;0;Zebre Striate;Bianco e Rosso;Zebre Elettriche
110405;Romualdo Vittorio Bertuzzi;0;Cinghiali Selvaggi;Marrone e Verde;Cinghiali Ruggenti
110406;Pippo Morelli;0;Gatti Neri;Nero e Viola;
110407;Giovanbattista Tonini;0;Fulmini Verdi;Verde e Giallo;Lampi Verdi
110408;Raoul Pegorer;0;Gatti Neri;Nero e Viola;
110409;Lorenzo D'elia;0;Fulmini Verdi;Verde e Giallo;Lampi Verdi
110410;Luciana Guerzoni;0;Fenici Rosse;Rosso e Arancione;Ali di Fuoco
110411;Liborio Magliocchetti;0;Tigri Nere;Nero e Arancione;Tigri Infuocate
110412;Gisella Misiani;0;Rinoceronti Blu;Verde e Argento;Rino Blu
110413;Andrea Carmine Battistoni;0;Delfini Argentati;Argento e Nero;Onde Argentate
110414;Rosaria Mucchetti;0;Fenici Rosse;Rosso e Arancione;Ali di Fuoco
110415;Valerio Divella;0;Coccodrilli Verdi;Verde e Marrone;Coccodrilli d'Acciaio
110416;Dario Mazzuconi;0;Fulmini Verdi;Verde e Giallo;Lampi Verdi
110417;Emilia Grazia Fregolent;0;Ippopotami Viola;Viola e Oro;
110418;Gianni Fissore;0;Coccodrilli Verdi;Verde e Marrone;Coccodrilli d'Acciaio
110419;Nicolo' Grillo;0;Volpi del Bosco;Blu e Rosso;Volpi Veloci
110420;Denis Zambrino;0;Falchi Grigi;Grigio e Nero;Falchi del Vento
110421;Susanna Lina Giulia Bulgarelli;0;Cavalli Selvaggi;Rosso e Argento;Cavalieri Selvaggi
110422;Goffredo Maria Mazzarello;0;Corvi della Tempesta;Grigio e Blu;Tempesta Oscura
110423;Graziano Del Turco;0;Cavalieri d'Argento;Argento e Blu;
110424;Guido Cesare Compagna;0;Squali Azzurri;Azzurro e Bianco;Predatori del Mare
110425;Carlo Castellone;0;Delfini Argentati;Argento e Nero;Onde Argentate
110426;Susy Camber;0;Pantere Rosa;Rosa e Grigio;Pantere Fiere
110427;Gianpaolo Pizzol;0;Scorpioni Rossi;Giallo e Verde;Scorpioni d'Acciaio
110428;Francesco Viespoli;0;Dragoni Rossi;Rosso e Nero;Fiamme Rosse
110429;Claudio Candiani;0;Corvi della Tempesta;Grigio e Blu;Tempesta Oscura
110430;Sergio Erroi;0;Fenici Rosse;Rosso e Arancione;Ali di Fuoco
110431;Sara Saltamartini;0;Rinoceronti Blu;Verde e Argento;Rino Blu
110432;Maria Claudia Pavanelli;0;Gufi Notturni;Viola e Grigio;Occhi nella Notte
110433;Silvia Zanoletti;0;Squali Azzurri;Azzurro e Bianco;Predatori del Mare
110434;Italo Donise;0;Gatti Neri;Nero e Viola;
110435;Lucrezia Pace;0;Elefanti Grigi;Nero e Bianco;Elefanti Titanici
110436;Tatjana Lunardi;0;Zebre Striate;Bianco e Rosso;Zebre Elettriche
110437;Donato Donati;0;Rinoceronti Blu;Verde e Argento;Rino Blu
110438;Antonio Adolfo Maria Fissore;0;Orsi Polari;Bianco e Blu;
110439;Camilla Ortolani;0;Scorpioni Rossi;Giallo e Verde;Scorpioni d'Acciaio
110440;Ettore Pietro Perosino;0;Ippopotami Viola;Viola e Oro;
110441;Achille Evangelista;0;Delfini Argentati;Argento e Nero;Onde Argentate
110442;Maria Celeste Emprin Gilardini;0;Elefanti Grigi;Nero e Bianco;Elefanti Titanici
110443;Gianmarco Latorre;0;Pavoni Reali;Oro e Viola;Ali Reali
110444;Vidmer Cosenza;0;Pantere Rosa;Rosa e Grigio;Pantere Fiere
110445;Filadelfio Guido Lucherini;0;Pinguini Polari;Bianco e Nero;
110446;Vito Mucchetti;0;Aquile Reali;Blu e Oro;Reali del Cielo
110447;Tiziana Vimercati;0;Cavalieri d'Argento;Argento e Blu;
110448;Gavino Maran;0;Coccodrilli Verdi;Verde e Marrone;Coccodrilli d'Acciaio
110449;Nicola Serafini;0;Falchi Grigi;Grigio e Nero;Falchi del Vento
110450;Nedo Lorenzo Cicolani;0;Cavalieri d'Argento;Argento e Blu;
110451;Renzo Travaglia;0;Rinoceronti Blu;Verde e Argento;Rino Blu
110452;Giannicola Pappalardo;0;Fulmini Verdi;Verde e Giallo;Lampi Verdi
110453;Fulvia Michela Smuraglia;0;Cavalieri d'Argento;Argento e Blu;
110454;Agostino Castiglione;0;Serpenti Dorati;Oro e Rosso;Serpenti Dorati
110455;Lucrezia Giannini;0;Zebre Striate;Bianco e Rosso;Zebre Elettriche
110456;Carlo Luigi Langella;0;Elefanti Grigi;Nero e Bianco;Elefanti Titanici
110457;Fosco Zanetta;0;Volpi del Bosco;Blu e Rosso;Volpi Veloci
110458;Silvia Taddei;0;Serpenti Dorati;Oro e Rosso;Serpenti Dorati
110459;Antonino Cardinali;0;Falchi Grigi;Grigio e Nero;Falchi del Vento
110460;Camilla De Feo;0;Squali Azzurri;Azzurro e Bianco;Predatori del Mare
110461;Melchiorre Saia;0;Camaleonti Arcobaleno;Blu e Verde;Camaleonti Magici
110462;Maria Agostina Granaiola;0;Pantere Rosa;Rosa e Grigio;Pantere Fiere
110463;Michele Arcangelo Delogu;0;Cavalli Selvaggi;Rosso e Argento;Cavalieri Selvaggi
110464;Bianca Laura Bianco;0;Cavalieri d'Argento;Argento e Blu;
110465;Dolores Solinas;0;Aquile Reali;Blu e Oro;Reali del Cielo
110466;Vilma Ronchi;0;Elefanti Grigi;Nero e Bianco;Elefanti Titanici
110467;Cosimo Palombo;0;Volpi del Bosco;Blu e Rosso;Volpi Veloci
110468;Adriana Zecchino;0;Aquile Blu;Blu e Bianco;Aquile Volanti
110469;Antonino Zangrillo;0;Pavoni Reali;Oro e Viola;Ali Reali
110470;Valentino Tonini;0;Tigri Nere;Nero e Arancione;Tigri Infuocate
110471;Orietta Iuliano;0;Pavoni Reali;Oro e Viola;Ali Reali
110472;Gian Pietro Camerini;0;Pantere Rosa;Rosa e Grigio;Pantere Fiere
110473;Vincenzo Ruggero Barozzino;0;Zebre Striate;Bianco e Rosso;Zebre Elettriche
110474;Rosario Libe';0;Cavalli Selvaggi;Rosso e Argento;Cavalieri Selvaggi
110475;Riccardo Peruzzotti;0;Elefanti Grigi;Nero e Bianco;Elefanti Titanici
110476;Fausto Grillo;0;Rinoceronti Blu;Verde e Argento;Rino Blu
110477;Ombretta Maria Rotelli;0;Dragoni Rossi;Rosso e Nero;Fiamme Rosse
110478;Pasquale Bettamio;0;Coccodrilli Verdi;Verde e Marrone;Coccodrilli d'Acciaio
110479;Rosa Maria Sanciu;0;Lupi del Nord;Bianco e Grigio;Ululati del Nord
110480;Vladimiro Spagnolli;0;Fenici Rosse;Rosso e Arancione;Ali di Fuoco
110481;Giovanna Auricchio;0;Cinghiali Selvaggi;Marrone e Verde;Cinghiali Ruggenti
110482;Mino Salvini;0;Serpenti Dorati;Oro e Rosso;Serpenti Dorati
110483;Maria Elisabetta Cociancich;0;Serpenti Dorati;Oro e Rosso;Serpenti Dorati
110484;Fedele Agnelli;0;Zebre Striate;Bianco e Rosso;Zebre Elettriche
110485;Roberto Torri;0;Falchi Grigi;Grigio e Nero;Falchi del Vento
110486;Donato Tommaso Maggi;0;Volpi del Bosco;Blu e Rosso;Volpi Veloci
110487;Fabrizio Spadoni Urbani;0;Cinghiali Selvaggi;Marrone e Verde;Cinghiali Ruggenti
110488;Mariangela Zanoni;0;Coccodrilli Verdi;Verde e Marrone;Coccodrilli d'Acciaio
110489;Altero Pisanu;0;Gatti Neri;Nero e Viola;
110490;Caterina Simeoni;0;Dragoni Rossi;Rosso e Nero;Fiamme Rosse
110491;Battista Morelli;0;Scorpioni Rossi;Giallo e Verde;Scorpioni d'Acciaio
110492;Nerina Tonini;0;Squali Azzurri;Azzurro e Bianco;Predatori del Mare
110493;Ettore Pietro Leddi;0;Falchi Grigi;Grigio e Nero;Falchi del Vento
110494;Sandro Mario Capaldi;0;Orsi Polari;Bianco e Blu;
110495;Ciro Damante;0;Volpi del Bosco;Blu e Rosso;Volpi Veloci
110496;Magda Nerozzi;0;Cavalli Selvaggi;Rosso e Argento;Cavalieri Selvaggi
110497;Fulvio Leonardi;0;Cavalli Selvaggi;Rosso e Argento;Cavalieri Selvaggi
110498;Luciano Naccarato;0;Serpenti Dorati;Oro e Rosso;Serpenti Dorati
110499;Dario Lauro;0;Ippopotami Viola;Viola e Oro;
110500;Denis Irto;0;Corvi della Tempesta;Grigio e Blu;Tempesta Oscura
110501;Caterina Mongiello;0;Cavalli Selvaggi;Rosso e Argento;Cavalieri Selvaggi
110502;Gabriele Cassinelli;0;Rinoceronti Blu;Verde e Argento;Rino Blu
110503;Walter Gallone;0;Fulmini Verdi;Verde e Giallo;Lampi Verdi
110504;Sandra Di Marzio;0;Delfini Argentati;Argento e Nero;Onde Argentate
110505;Marilena Muzio;0;Orsi Polari;Bianco e Blu;
110506;Lidia Iervolino;0;Ippopotami Viola;Viola e Oro;
110507;Guido Betta;0;Coccodrilli Verdi;Verde e Marrone;Coccodrilli d'Acciaio
110508;Dino Minasi;0;Dragoni Rossi;Rosso e Nero;Fiamme Rosse
110509;Edoardo Aimi;0;Delfini Argentati;Argento e Nero;Onde Argentate
110510;Basilio Monticone;0;Pantere Rosa;Rosa e Grigio;Pantere Fiere
110511;Susanna Lina Giulia Guerzoni;0;Cinghiali Selvaggi;Marrone e Verde;Cinghiali Ruggenti
110512;Iunio Valerio Padua;0;Rinoceronti Blu;Verde e Argento;Rino Blu
110513;Felice Bonadonna;0;Squali Azzurri;Azzurro e Bianco;Predatori del Mare
110514;Elvira Lucia Pezzopane;0;Aquile Blu;Blu e Bianco;Aquile Volanti
110515;Karl Loiero;0;Pavoni Reali;Oro e Viola;Ali Reali
110516;Giampaolo Vittorio Elio Agoni;0;Dragoni Rossi;Rosso e Nero;Fiamme Rosse
110517;Calogero Morra;0;Coccodrilli Verdi;Verde e Marrone;Coccodrilli d'Acciaio
110518;Lara Cursi;0;Aquile Reali;Blu e Oro;Reali del Cielo
110519;Anna Carmela Zanetta;0;Serpenti Dorati;Oro e Rosso;Serpenti Dorati
110520;Stanislao Alessandro Unterberger;0;Serpenti Dorati;Oro e Rosso;Serpenti Dorati
110521;Venera Murelli;0;Volpi del Bosco;Blu e Rosso;Volpi Veloci
110522;Michele Arcangelo Borghesi;0;Cavalli Selvaggi;Rosso e Argento;Cavalieri Selvaggi
110523;Armin Diana;0;Aquile Blu;Blu e Bianco;Aquile Volanti
110524;Manfredi Tubetti;0;Serpenti Dorati;Oro e Rosso;Serpenti Dorati
110525;Rosario Sbarbati;0;Aquile Reali;Blu e Oro;Reali del Cielo
110526;Vita Maria Bossi;0;Corvi della Tempesta;Grigio e Blu;Tempesta Oscura
110527;Erminia Pionati;0;Pavoni Reali;Oro e Viola;Ali Reali
110528;Tancredi Viespoli;0;Cavalli Selvaggi;Rosso e Argento;Cavalieri Selvaggi
110529;Costantino Staniscia;0;Aquile Reali;Blu e Oro;Reali del Cielo
110530;Silvana Fabris;0;Fulmini Verdi;Verde e Giallo;Lampi Verdi
110531;Vittoria Francesca Maria Gallo;0;Pinguini Polari;Bianco e Nero;
110532;Mariangela Dini;0;Delfini Argentati;Argento e Nero;Onde Argentate
110533;Gianni Pietro Merloni;0;Lupi del Nord;Bianco e Grigio;Ululati del Nord
110534;Alberto Felice Simone Rizzotti;0;Orsi Polari;Bianco e Blu;
110535;Maria Alessandra Steger;0;Cavalli Selvaggi;Rosso e Argento;Cavalieri Selvaggi
110536;Lucia Marcenaro;0;Serpenti Dorati;Oro e Rosso;Serpenti Dorati
110537;Hans Polledri;0;Pantere Rosa;Rosa e Grigio;Pantere Fiere
110538;Willer Finocchiaro;0;Aquile Reali;Blu e Oro;Reali del Cielo
110539;Marilena Forcieri;0;Aquile Blu;Blu e Bianco;Aquile Volanti
110540;Bartolomeo Pardi;0;Zebre Striate;Bianco e Rosso;Zebre Elettriche
110541;Gaetano Lo Giudice;0;Fenici Rosse;Rosso e Arancione;Ali di Fuoco
110542;Renzo Chiaromonte;0;Delfini Argentati;Argento e Nero;Onde Argentate
110543;Ferdinando Gubetti;0;Lupi del Nord;Bianco e Grigio;Ululati del Nord
110544;Isabella Cortiana;0;Cinghiali Selvaggi;Marrone e Verde;Cinghiali Ruggenti
110545;Giuseppe Botto;0;Pavoni Reali;Oro e Viola;Ali Reali
110546;Gian Giacomo Tronti;0;Volpi del Bosco;Blu e Rosso;Volpi Veloci
110547;Elvira Lucia Marsilio;0;Zebre Striate;Bianco e Rosso;Zebre Elettriche
110548;Tiziana Carmela Rosaria Vanin;0;Gatti Neri;Nero e Viola;
110549;Santo Tecce;0;Serpenti Dorati;Oro e Rosso;Serpenti Dorati
110550;Amintore Migliavacca;0;Delfini Argentati;Argento e Nero;Onde Argentate
110551;Caterina Urso;0;Elefanti Grigi;Nero e Bianco;Elefanti Titanici
110552;Rina Di Benedetto;0;Scorpioni Rossi;Giallo e Verde;Scorpioni d'Acciaio
110553;Giampaolo Vittorio Elio Jacchia;0;Leoni Dorati;Giallo e Nero;Leoni Ruggenti
110554;Donato Tommaso Stefano;0;Rinoceronti Blu;Verde e Argento;Rino Blu
110555;Antonino Giovanelli;0;Scorpioni Rossi;Giallo e Verde;Scorpioni d'Acciaio
110556;Goffredo Maria Piredda;0;Tigri Nere;Nero e Arancione;Tigri Infuocate
110557;Virginia Petrocelli;0;Squali Azzurri;Azzurro e Bianco;Predatori del Mare
110558;Maria Chiara Casson;0;Pinguini Polari;Bianco e Nero;
110559;Venera Manassero;0;Cavalieri d'Argento;Argento e Blu;
110560;Vita Maria Lombardi Satriani;0;Gufi Notturni;Viola e Grigio;Occhi nella Notte
110561;Demetrio Grasso;0;Serpenti Dorati;Oro e Rosso;Serpenti Dorati
110562;Amintore Mussini;0;Tigri Nere;Nero e Arancione;Tigri Infuocate
110563;Loris Giuseppe Corbetta;0;Gufi Notturni;Viola e Grigio;Occhi nella Notte
110564;Angelo Michele Vicini;0;Pantere Rosa;Rosa e Grigio;Pantere Fiere
110565;Nicola Adamo;0;Coccodrilli Verdi;Verde e Marrone;Coccodrilli d'Acciaio
110566;Franca Campari;0;Elefanti Grigi;Nero e Bianco;Elefanti Titanici
110567;Cinzia Maria Valdinosi;0;Squali Azzurri;Azzurro e Bianco;Predatori del Mare
110568;Luca Piarulli;0;Serpenti Dorati;Oro e Rosso;Serpenti Dorati
110569;Costanzo Gelmetti;0;Aquile Reali;Blu e Oro;Reali del Cielo
110570;Stanislao Alessandro Michelini;0;Gufi Notturni;Viola e Grigio;Occhi nella Notte
110571;Andrea Paravia;0;Fulmini Verdi;Verde e Giallo;Lampi Verdi
110572;Maria Claudia Di Giacomo;0;Elefanti Grigi;Nero e Bianco;Elefanti Titanici
110573;Angela Anna Bruna Cassano;0;Pantere Rosa;Rosa e Grigio;Pantere Fiere
110574;Leopoldo Biasco;0;Orsi Polari;Bianco e Blu;
110575;Monica Cesaro;0;Fenici Rosse;Rosso e Arancione;Ali di Fuoco
110576;Raffaella Biancofiore;0;Gatti Neri;Nero e Viola;
110577;Vincenzo De Toni;0;Pavoni Reali;Oro e Viola;Ali Reali
110578;Antonio Gianfranco Grassi;0;Lupi del Nord;Bianco e Grigio;Ululati del Nord
110579;Aleandro Flammia;0;Leoni Dorati;Giallo e Nero;Leoni Ruggenti
110580;Rocco Cavallaro;0;Dragoni Rossi;Rosso e Nero;Fiamme Rosse
110581;Diana Salvini;0;Delfini Argentati;Argento e Nero;Onde Argentate
110582;Livia Mazzuconi;0;Dragoni Rossi;Rosso e Nero;Fiamme Rosse
110583;Gianclaudio Bevilacqua;0;Tigri Nere;Nero e Arancione;Tigri Infuocate
110584;Carla Turco;0;Cavalli Selvaggi;Rosso e Argento;Cavalieri Selvaggi
110585;Rosa Silvana Di Pietro;0;Volpi del Bosco;Blu e Rosso;Volpi Veloci
110586;Agazio Fruscio;0;Gufi Notturni;Viola e Grigio;Occhi nella Notte
110587;Ada Salini;0;Fulmini Verdi;Verde e Giallo;Lampi Verdi
110588;Adriana Palma;0;Lupi del Nord;Bianco e Grigio;Ululati del Nord
110589;Felice Barbolini;0;Delfini Argentati;Argento e Nero;Onde Argentate
110590;Cristano Sileri;0;Ippopotami Viola;Viola e Oro;
110591;Giuliano Floridia;0;Squali Azzurri;Azzurro e Bianco;Predatori del Mare
110592;Amintore Astorre;0;Pinguini Polari;Bianco e Nero;
110593;Dolores Quagliariello;0;Ippopotami Viola;Viola e Oro;
110594;Marco Menardi;0;Gufi Notturni;Viola e Grigio;Occhi nella Notte
110595;Simona Rigo;0;Pantere Rosa;Rosa e Grigio;Pantere Fiere
110596;Nerina Campagna;0;Pantere Rosa;Rosa e Grigio;Pantere Fiere
110597;Bernabo' Perosino;0;Cinghiali Selvaggi;Marrone e Verde;Cinghiali Ruggenti
110598;Mariangela Ruggeri;0;Fenici Rosse;Rosso e Arancione;Ali di Fuoco
110599;Mariapia Bianconi;0;Cavalieri d'Argento;Argento e Blu;
110600;Annamaria Bottici;0;Tigri Nere;Nero e Arancione;Tigri Infuocate
110601;Cinzia Maria Forte;0;Falchi Grigi;Grigio e Nero;Falchi del Vento
110602;Giacinto Grassi;0;Lupi del Nord;Bianco e Grigio;Ululati del Nord
110603;Lido Burani Procaccini;0;Volpi del Bosco;Blu e Rosso;Volpi Veloci
110604;Lavinia Polidoro;0;Camaleonti Arcobaleno;Blu e Verde;Camaleonti Magici
110605;Mario Alejandro Bodini;0;Leoni Dorati;Giallo e Nero;Leoni Ruggenti
110606;Michelino Comaroli;0;Orsi Polari;Bianco e Blu;
110607;Ottaviano Mazzoni;0;Coccodrilli Verdi;Verde e Marrone;Coccodrilli d'Acciaio
110608;Gianpiero Taviani;0;Tigri Nere;Nero e Arancione;Tigri Infuocate
110609;Alberto Sibilia;0;Falchi Grigi;Grigio e Nero;Falchi del Vento
110610;Liliana Marinello;0;Orsi Polari;Bianco e Blu;
110611;Daniele Gaetano Tesei;0;Lupi del Nord;Bianco e Grigio;Ululati del Nord
110612;Tancredi De Biasi;0;Dragoni Rossi;Rosso e Nero;Fiamme Rosse
110613;Gelsomina Patton;0;Serpenti Dorati;Oro e Rosso;Serpenti Dorati
110614;Meinhard Franceschelli;0;Lupi del Nord;Bianco e Grigio;Ululati del Nord
110615;Giacomo Lauria;0;Aquile Reali;Blu e Oro;Reali del Cielo
110616;Fosco Cusimano;0;Leoni Dorati;Giallo e Nero;Leoni Ruggenti
110617;Ivan Bergamo;0;Pavoni Reali;Oro e Viola;Ali Reali
110618;Nico Cuffaro;0;Coccodrilli Verdi;Verde e Marrone;Coccodrilli d'Acciaio
110619;Valentino Stancanelli;0;Orsi Polari;Bianco e Blu;
110620;Ombretta Maria De Angelis;0;Gufi Notturni;Viola e Grigio;Occhi nella Notte
110621;Niccolo' Vitali;0;Camaleonti Arcobaleno;Blu e Verde;Camaleonti Magici
110622;Accursio Carpinelli;0;Scorpioni Rossi;Giallo e Verde;Scorpioni d'Acciaio
110623;Egidio Luigi Franceschini;0;Cavalli Selvaggi;Rosso e Argento;Cavalieri Selvaggi
110624;Gianni Pietro Bini;0;Lupi del Nord;Bianco e Grigio;Ululati del Nord
110625;Luis Alberto Delogu;0;Gufi Notturni;Viola e Grigio;Occhi nella Notte
110626;Laura Sibilia;0;Rinoceronti Blu;Verde e Argento;Rino Blu
110627;Filomeno Biagio Vimercati;0;Gatti Neri;Nero e Viola;
110628;Raffaella Fiormaria Stanca;0;Elefanti Grigi;Nero e Bianco;Elefanti Titanici
110629;Emilio Nicola Terracini;0;Dragoni Rossi;Rosso e Nero;Fiamme Rosse
110630;Bianca Maria Stanca;0;Elefanti Grigi;Nero e Bianco;Elefanti Titanici
110631;Fiorenza Saltamartini;0;Camaleonti Arcobaleno;Blu e Verde;Camaleonti Magici
110632;Adriano Sciascia;0;Falchi Grigi;Grigio e Nero;Falchi del Vento
110633;Nando Vano;0;Gatti Neri;Nero e Viola;
110634;Niccolo' Della Seta;0;Lupi del Nord;Bianco e Grigio;Ululati del Nord
110635;Cinzia Pittoni;0;Volpi del Bosco;Blu e Rosso;Volpi Veloci
110636;Tiziano Bilardi;0;Zebre Striate;Bianco e Rosso;Zebre Elettriche
110637;Dario Bongiorno;0;Rinoceronti Blu;Verde e Argento;Rino Blu
110638;Manfredi Sudano;0;Zebre Striate;Bianco e Rosso;Zebre Elettriche
110639;Salvo Bulgarelli;0;Volpi del Bosco;Blu e Rosso;Volpi Veloci
110640;Gian Pietro Giai;0;Rinoceronti Blu;Verde e Argento;Rino Blu
110641;Maria Giuseppa Paravia;0;Cavalli Selvaggi;Rosso e Argento;Cavalieri Selvaggi
110642;Maria Claudia Benvenuto;0;Ippopotami Viola;Viola e Oro;
110643;Simone Carpi;0;Fenici Rosse;Rosso e Arancione;Ali di Fuoco
110644;Daniela Ceroni;0;Gufi Notturni;Viola e Grigio;Occhi nella Notte
110645;Antonio Stefano Tunis;0;Gatti Neri;Nero e Viola;
110646;Silvana Scarpetti;0;Leoni Dorati;Giallo e Nero;Leoni Ruggenti
110647;Umberto Micele;0;Rinoceronti Blu;Verde e Argento;Rino Blu
110648;Lino Flammia;0;Aquile Blu;Blu e Bianco;Aquile Volanti
110649;Lanfranco Barba;0;Delfini Argentati;Argento e Nero;Onde Argentate
110650;Armando Verducci;0;Leoni Dorati;Giallo e Nero;Leoni Ruggenti
110651;Filomeno Biagio Magnolfi;0;Gufi Notturni;Viola e Grigio;Occhi nella Notte
110652;Silvana Andreina Baratella;0;Falchi Grigi;Grigio e Nero;Falchi del Vento
110653;Nitto Francesco Piccone;0;Pantere Rosa;Rosa e Grigio;Pantere Fiere
110654;Gianrico Cirinna';0;Cavalieri d'Argento;Argento e Blu;
110655;Rosanna Giovanelli;0;Squali Azzurri;Azzurro e Bianco;Predatori del Mare
110656;Vannino Occhetto;0;Orsi Polari;Bianco e Blu;
110657;Vilma Rossomando;0;Gatti Neri;Nero e Viola;
110658;Gregorio Albertini;0;Cavalli Selvaggi;Rosso e Argento;Cavalieri Selvaggi
110659;Dorina Borioli;0;Coccodrilli Verdi;Verde e Marrone;Coccodrilli d'Acciaio
110660;Stefania Casoli;0;Delfini Argentati;Argento e Nero;Onde Argentate
110661;Pasqualino Lorenzo Maggiore;0;Leoni Dorati;Giallo e Nero;Leoni Ruggenti
110662;Bartolo Vita;0;Squali Azzurri;Azzurro e Bianco;Predatori del Mare
110663;Carla Carlino;0;Cavalieri d'Argento;Argento e Blu;
110664;Laura Cazzaro;0;Elefanti Grigi;Nero e Bianco;Elefanti Titanici
110665;Mario Pardi;0;Pantere Rosa;Rosa e Grigio;Pantere Fiere
110666;Federica Della Monica;0;Ippopotami Viola;Viola e Oro;
110667;Doris Taricco;0;Scorpioni Rossi;Giallo e Verde;Scorpioni d'Acciaio
110668;Ada Magliocchetti;0;Gatti Neri;Nero e Viola;
110669;Francesco Saverio Demasi;0;Delfini Argentati;Argento e Nero;Onde Argentate
110670;Liliana Della Porta;0;Pinguini Polari;Bianco e Nero;
110671;Emilia Grazia Iwobi;0;Gatti Neri;Nero e Viola;
110672;Orfeo Rusconi;0;Tigri Nere;Nero e Arancione;Tigri Infuocate
110673;Angela Cervellini;0;Aquile Reali;Blu e Oro;Reali del Cielo
110674;Manfredi Cossutta;0;Volpi del Bosco;Blu e Rosso;Volpi Veloci
110675;Ombretta Maria Camerini;0;Scorpioni Rossi;Giallo e Verde;Scorpioni d'Acciaio
110676;Alessio Astorre;0;Gatti Neri;Nero e Viola;
110677;Gaetano Spelgatti;0;Fulmini Verdi;Verde e Giallo;Lampi Verdi
110678;Lara Galioto;0;Squali Azzurri;Azzurro e Bianco;Predatori del Mare
110679;Ivan Burgaretta Aparo;0;Falchi Grigi;Grigio e Nero;Falchi del Vento
110680;Marina Solinas;0;Serpenti Dorati;Oro e Rosso;Serpenti Dorati
110681;Natale Firrarello;0;Aquile Blu;Blu e Bianco;Aquile Volanti
110682;Furio Paragone;0;Pavoni Reali;Oro e Viola;Ali Reali
110683;Romano Liuzzi;0;Fenici Rosse;Rosso e Arancione;Ali di Fuoco
110684;Natale Maria Alfonso Ruvolo;0;Squali Azzurri;Azzurro e Bianco;Predatori del Mare
110685;Livia Pasquini;0;Leoni Dorati;Giallo e Nero;Leoni Ruggenti
110686;Maria Giuseppa Galimberti;0;Fenici Rosse;Rosso e Arancione;Ali di Fuoco
110687;Ettore Pietro Bellanova;0;Cavalieri d'Argento;Argento e Blu;
110688;Francesco Giuliano;0;Cavalieri d'Argento;Argento e Blu;
110689;Luigi Amorena;0;Gatti Neri;Nero e Viola;
110690;Martino Auddino;0;Cavalli Selvaggi;Rosso e Argento;Cavalieri Selvaggi
110691;Rossella Ruotolo;0;Camaleonti Arcobaleno;Blu e Verde;Camaleonti Magici
110692;Eugenio Danieli;0;Fulmini Verdi;Verde e Giallo;Lampi Verdi
110693;Elia Grasso;0;Fulmini Verdi;Verde e Giallo;Lampi Verdi
110694;Oskar Grillo;0;Pinguini Polari;Bianco e Nero;
110695;Dafne Sanciu;0;Delfini Argentati;Argento e Nero;Onde Argentate
110696;Giacomo Wilde;0;Squali Azzurri;Azzurro e Bianco;Predatori del Mare
110697;Baldassare Cucca;0;Pantere Rosa;Rosa e Grigio;Pantere Fiere
110698;Rosa Piglionica;0;Rinoceronti Blu;Verde e Argento;Rino Blu
110699;Elisa Ciarrapico;0;Fenici Rosse;Rosso e Arancione;Ali di Fuoco
110700;Mariangela Spinelli;0;Gatti Neri;Nero e Viola;
110701;Roberto Tomaselli;0;Volpi del Bosco;Blu e Rosso;Volpi Veloci
110702;Rosanna Augello;0;Dragoni Rossi;Rosso e Nero;Fiamme Rosse
110703;Daniela Botto;0;Pinguini Polari;Bianco e Nero;
110704;Rosanna Milo;0;Orsi Polari;Bianco e Blu;
110705;Bachisio Silvio Giacobbe;0;Pinguini Polari;Bianco e Nero;
110706;Walter Astorre;0;Orsi Polari;Bianco e Blu;
110707;Silvana Andreina Taverna;0;Pantere Rosa;Rosa e Grigio;Pantere Fiere
110708;Giovanbattista Filippin;0;Orsi Polari;Bianco e Blu;
110709;Patrizia Borea;0;Volpi del Bosco;Blu e Rosso;Volpi Veloci
110710;Vasco Pisani;0;Volpi del Bosco;Blu e Rosso;Volpi Veloci
110711;Leonzio Lisi;0;Leoni Dorati;Giallo e Nero;Leoni Ruggenti
110712;Lido Giordano;0;Cavalieri d'Argento;Argento e Blu;
110713;Nicodemo Francesco Ossicini;0;Cavalli Selvaggi;Rosso e Argento;Cavalieri Selvaggi
110714;Beppe Poli Bortone;0;Camaleonti Arcobaleno;Blu e Verde;Camaleonti Magici
110715;Nicolo' Speziali;0;Scorpioni Rossi;Giallo e Verde;Scorpioni d'Acciaio
110716;Carmine Ghedini;0;Pavoni Reali;Oro e Viola;Ali Reali
110717;Salvatore Boldi;0;Rinoceronti Blu;Verde e Argento;Rino Blu
110718;Amintore Chiaromonte;0;Corvi della Tempesta;Grigio e Blu;Tempesta Oscura
110719;Vincenza Colucci;0;Volpi del Bosco;Blu e Rosso;Volpi Veloci
110720;Livio Giambrone;0;Falchi Grigi;Grigio e Nero;Falchi del Vento
110721;Alfonso Battistoni;0;Leoni Dorati;Giallo e Nero;Leoni Ruggenti
110722;Calogero Pizzol;0;Cavalieri d'Argento;Argento e Blu;
110723;Antonio Gianfranco Biscardini;0;Orsi Polari;Bianco e Blu;
110724;Aleandro D'ambrosio Lettieri;0;Serpenti Dorati;Oro e Rosso;Serpenti Dorati
110725;Albertina Iwobi;0;Lupi del Nord;Bianco e Grigio;Ululati del Nord
110726;Liborio Carpi;0;Lupi del Nord;Bianco e Grigio;Ululati del Nord
110727;Emiddio Debenedetti;0;Falchi Grigi;Grigio e Nero;Falchi del Vento
110728;William Fuda;0;Cavalli Selvaggi;Rosso e Argento;Cavalieri Selvaggi
110729;Melchiorre Pegorer;0;Cavalli Selvaggi;Rosso e Argento;Cavalieri Selvaggi
110730;Domenico Di Lello Finuoli;0;Serpenti Dorati;Oro e Rosso;Serpenti Dorati
110731;Giuliano Iori;0;Cinghiali Selvaggi;Marrone e Verde;Cinghiali Ruggenti
110732;Gianpietro Gawronski;0;Corvi della Tempesta;Grigio e Blu;Tempesta Oscura
110733;Palmiro Mantovano;0;Volpi del Bosco;Blu e Rosso;Volpi Veloci
110734;Donato Tommaso Magliocchetti;0;Aquile Blu;Blu e Bianco;Aquile Volanti
110735;Gian Guido Barrile;0;Camaleonti Arcobaleno;Blu e Verde;Camaleonti Magici
110736;Lucrezia Pogliese;0;Orsi Polari;Bianco e Blu;
110737;Albertina D'onghia;0;Dragoni Rossi;Rosso e Nero;Fiamme Rosse
110738;Albert Ferrara;0;Delfini Argentati;Argento e Nero;Onde Argentate
110739;Giampaolo Vittorio Elio Lunesu;0;Elefanti Grigi;Nero e Bianco;Elefanti Titanici
110740;Federico Pallaro;0;Aquile Blu;Blu e Bianco;Aquile Volanti
110741;Vita Maria Bastianoni;0;Camaleonti Arcobaleno;Blu e Verde;Camaleonti Magici
110742;Arturo Mario Ichino;0;Lupi del Nord;Bianco e Grigio;Ululati del Nord
110743;Cataldo Bernasconi;0;Aquile Reali;Blu e Oro;Reali del Cielo
110744;Denis Langella;0;Corvi della Tempesta;Grigio e Blu;Tempesta Oscura
110745;Santo Lavagnini;0;Tigri Nere;Nero e Arancione;Tigri Infuocate
110746;Livia Mascitelli;0;Cavalieri d'Argento;Argento e Blu;
110747;Angela Anna Bruna Fusco;0;Elefanti Grigi;Nero e Bianco;Elefanti Titanici
110748;Angelo Chincarini;0;Gufi Notturni;Viola e Grigio;Occhi nella Notte
110749;Francesco Taviani;0;Falchi Grigi;Grigio e Nero;Falchi del Vento
110750;Ylenia Del Turco;0;Pinguini Polari;Bianco e Nero;
110751;Giuliano Piarulli;0;Tigri Nere;Nero e Arancione;Tigri Infuocate
110752;Valeria Arlacchi;0;Leoni Dorati;Giallo e Nero;Leoni Ruggenti
110753;Vincenzo Ruggero Mazzarello;0;Coccodrilli Verdi;Verde e Marrone;Coccodrilli d'Acciaio
110754;Lamberto Cicolani;0;Fenici Rosse;Rosso e Arancione;Ali di Fuoco
110755;Carlo Dalla Zuanna;0;Volpi del Bosco;Blu e Rosso;Volpi Veloci
110756;Lara Vattuone;0;Elefanti Grigi;Nero e Bianco;Elefanti Titanici
110757;Vincenzo Maria Castellone;0;Aquile Reali;Blu e Oro;Reali del Cielo
110758;Giovanbattista Crucioli;0;Coccodrilli Verdi;Verde e Marrone;Coccodrilli d'Acciaio
110759;Maria Fortuna Gnutti;0;Falchi Grigi;Grigio e Nero;Falchi del Vento
110760;Angela Anna Bruna Siliquini;0;Dragoni Rossi;Rosso e Nero;Fiamme Rosse
110761;Michelina Centaro;0;Scorpioni Rossi;Giallo e Verde;Scorpioni d'Acciaio
110762;Teresa Boscetto;0;Ippopotami Viola;Viola e Oro;
110763;Vincenzo Ruggero De Feo;0;Zebre Striate;Bianco e Rosso;Zebre Elettriche
110764;Amedeo Maceratini;0;Squali Azzurri;Azzurro e Bianco;Predatori del Mare
110765;Davide Urraro;0;Corvi della Tempesta;Grigio e Blu;Tempesta Oscura
110766;Emanuele Naro;0;Fenici Rosse;Rosso e Arancione;Ali di Fuoco
110767;Stanislao Alessandro Cantini;0;Fenici Rosse;Rosso e Arancione;Ali di Fuoco
110768;Armin Turini;0;Cinghiali Selvaggi;Marrone e Verde;Cinghiali Ruggenti
110769;Aleandro Crema;0;Aquile Blu;Blu e Bianco;Aquile Volanti
110770;Angela Anna Bruna Marcenaro;0;Fulmini Verdi;Verde e Giallo;Lampi Verdi
110771;Stelio Amoruso;0;Leoni Dorati;Giallo e Nero;Leoni Ruggenti
110772;Mauro Antonio Donato Pavanelli;0;Aquile Reali;Blu e Oro;Reali del Cielo
110773;Carla Battista;0;Scorpioni Rossi;Giallo e Verde;Scorpioni d'Acciaio
110774;Erminia Confalonieri;0;Tigri Nere;Nero e Arancione;Tigri Infuocate
110775;Esterino Dolazza;0;Gufi Notturni;Viola e Grigio;Occhi nella Notte
110776;Rosario Giorgio Berger;0;Aquile Reali;Blu e Oro;Reali del Cielo
110777;Emanuele Pellicini;0;Lupi del Nord;Bianco e Grigio;Ululati del Nord
110778;Concetta Nocco;0;Dragoni Rossi;Rosso e Nero;Fiamme Rosse
110779;Maria Luisa Quarto;0;Pinguini Polari;Bianco e Nero;
110780;Valerio Mininno;0;Ippopotami Viola;Viola e Oro;
110781;Oreste Volpi;0;Dragoni Rossi;Rosso e Nero;Fiamme Rosse
110782;Alberto Biasotti;0;Cavalli Selvaggi;Rosso e Argento;Cavalieri Selvaggi
110783;Bachisio Silvio Di Benedetto;0;Pavoni Reali;Oro e Viola;Ali Reali
110784;Ottaviano Robol;0;Delfini Argentati;Argento e Nero;Onde Argentate
110785;Goffredo Maria Falomi;0;Cinghiali Selvaggi;Marrone e Verde;Cinghiali Ruggenti
110786;Angelica Marti;0;Ippopotami Viola;Viola e Oro;
110787;Ulisse Malabarba;0;Serpenti Dorati;Oro e Rosso;Serpenti Dorati
110788;Diodato (darko) Cecchi Gori;0;Aquile Blu;Blu e Bianco;Aquile Volanti
110789;Guido Quintino Uras;0;Pinguini Polari;Bianco e Nero;
110790;Mariarosaria Sestini;0;Rinoceronti Blu;Verde e Argento;Rino Blu
110791;Martino Zanda;0;Pinguini Polari;Bianco e Nero;
110792;Nicola Rotondi;0;Aquile Reali;Blu e Oro;Reali del Cielo
110793;Nazario Pirro;0;Squali Azzurri;Azzurro e Bianco;Predatori del Mare
110794;Martino Malan;0;Fenici Rosse;Rosso e Arancione;Ali di Fuoco
110795;Bianca Maria Budin;0;Falchi Grigi;Grigio e Nero;Falchi del Vento
110796;Daniele Manzi;0;Orsi Polari;Bianco e Blu;
110797;Sebastiano Enriques;0;Pantere Rosa;Rosa e Grigio;Pantere Fiere
110798;Valeria Bo;0;Pantere Rosa;Rosa e Grigio;Pantere Fiere
110799;Gianvittore Vaccaro;0;Aquile Blu;Blu e Bianco;Aquile Volanti
110800;Giulia Smuraglia;0;Cavalieri d'Argento;Argento e Blu;
110801;Aniello Borghesi;0;Volpi del Bosco;Blu e Rosso;Volpi Veloci
110802;Nicolo' Falanga;0;Leoni Dorati;Giallo e Nero;Leoni Ruggenti
110803;Guglielmo Forlani;0;Aquile Reali;Blu e Oro;Reali del Cielo
110804;Mirella Vedovato;0;Leoni Dorati;Giallo e Nero;Leoni Ruggenti
110805;Pier Ferdinando Lorefice;0;Pantere Rosa;Rosa e Grigio;Pantere Fiere
110806;Tiziana Carmela Rosaria Banti;0;Gufi Notturni;Viola e Grigio;Occhi nella Notte
110807;Remigio Sbarbati;0;Scorpioni Rossi;Giallo e Verde;Scorpioni d'Acciaio
110808;Francesco Vaccaro;0;Orsi Polari;Bianco e Blu;
110809;Valerio Rapani;0;Corvi della Tempesta;Grigio e Blu;Tempesta Oscura
110810;Jas Scanu;0;Lupi del Nord;Bianco e Grigio;Ululati del Nord
110811;Josefa Butti;0;Cinghiali Selvaggi;Marrone e Verde;Cinghiali Ruggenti
110812;Leopoldo Cervellini;0;Gufi Notturni;Viola e Grigio;Occhi nella Notte
110813;Valeria Grasso;0;Orsi Polari;Bianco e Blu;
110814;Saverio Albano;0;Rinoceronti Blu;Verde e Argento;Rino Blu
110815;Rosa Silvana Villone;0;Leoni Dorati;Giallo e Nero;Leoni Ruggenti
110816;Vilma Mundi;0;Coccodrilli Verdi;Verde e Marrone;Coccodrilli d'Acciaio
110817;Livio Stancanelli;0;Orsi Polari;Bianco e Blu;
110818;Fiammetta Soliani;0;Delfini Argentati;Argento e Nero;Onde Argentate
110819;Calogero Errani;0;Gatti Neri;Nero e Viola;
110820;Manuel Mercatali;0;Cavalieri d'Argento;Argento e Blu;
110821;Giuliano Spagnolli;0;Elefanti Grigi;Nero e Bianco;Elefanti Titanici
110822;Anna Cinzia Rojc;0;Cavalieri d'Argento;Argento e Blu;
110823;Dafne Minuto;0;Serpenti Dorati;Oro e Rosso;Serpenti Dorati
110824;Simona Nunzia Occhipinti;0;Pinguini Polari;Bianco e Nero;
110825;Giuliomaria Burgaretta Aparo;0;Serpenti Dorati;Oro e Rosso;Serpenti Dorati
110826;Emiliano Loiero;0;Pantere Rosa;Rosa e Grigio;Pantere Fiere
110827;Orietta Treu;0;Tigri Nere;Nero e Arancione;Tigri Infuocate
110828;Aldo Bossi;0;Cinghiali Selvaggi;Marrone e Verde;Cinghiali Ruggenti
110829;Graziano Debenedetti;0;Squali Azzurri;Azzurro e Bianco;Predatori del Mare
110830;Lidia Misserville;0;Volpi del Bosco;Blu e Rosso;Volpi Veloci
110831;Gaspare Antonio Giuliano;0;Orsi Polari;Bianco e Blu;
110832;Giulio Mario Versace;0;Scorpioni Rossi;Giallo e Verde;Scorpioni d'Acciaio
110833;Margherita De Biasi;0;Pantere Rosa;Rosa e Grigio;Pantere Fiere
110834;Arturo Mario Pezzopane;0;Gatti Neri;Nero e Viola;
110835;Francesco Enrico Valente;0;Cinghiali Selvaggi;Marrone e Verde;Cinghiali Ruggenti
110836;Graziano Muzio;0;Cavalieri d'Argento;Argento e Blu;
110837;Anna Rita Mercatali;0;Gufi Notturni;Viola e Grigio;Occhi nella Notte
110838;Gianrico Puppato;0;Fenici Rosse;Rosso e Arancione;Ali di Fuoco
110839;Maria Domenica Lombardo;0;Aquile Blu;Blu e Bianco;Aquile Volanti
110840;Leonzio Pettinato;0;Gufi Notturni;Viola e Grigio;Occhi nella Notte
110841;Vittoria Francesca Maria Maggi;0;Ippopotami Viola;Viola e Oro;
110842;Giulio Mario Galioto;0;Squali Azzurri;Azzurro e Bianco;Predatori del Mare
110843;Silvia Pessina;0;Cinghiali Selvaggi;Marrone e Verde;Cinghiali Ruggenti
110844;Lucia Manieri;0;Serpenti Dorati;Oro e Rosso;Serpenti Dorati
110845;Jose' Luiz Peterlini;0;Aquile Blu;Blu e Bianco;Aquile Volanti
110846;Bruno Cirinna';0;Camaleonti Arcobaleno;Blu e Verde;Camaleonti Magici
110847;Felice Carlo Basso;0;Elefanti Grigi;Nero e Bianco;Elefanti Titanici
110848;Cinzia La Pietra;0;Cavalli Selvaggi;Rosso e Argento;Cavalieri Selvaggi
110849;Antonio Salvatore La Pietra;0;Corvi della Tempesta;Grigio e Blu;Tempesta Oscura
110850;Corrado Fassone;0;Camaleonti Arcobaleno;Blu e Verde;Camaleonti Magici
110851;Liborio Moles;0;Scorpioni Rossi;Giallo e Verde;Scorpioni d'Acciaio
110852;Fiammetta Zeller;0;Coccodrilli Verdi;Verde e Marrone;Coccodrilli d'Acciaio
110853;Ombretta Maria Gelmini;0;Rinoceronti Blu;Verde e Argento;Rino Blu
110854;Helga Marini;0;Delfini Argentati;Argento e Nero;Onde Argentate
110855;Antonella Taddei;0;Cinghiali Selvaggi;Marrone e Verde;Cinghiali Ruggenti
110856;Vittorio Demasi;0;Camaleonti Arcobaleno;Blu e Verde;Camaleonti Magici
110857;Sandra Pizzol;0;Fulmini Verdi;Verde e Giallo;Lampi Verdi
110858;Martino Iorio;0;Gufi Notturni;Viola e Grigio;Occhi nella Notte
110859;Lamberto Moscardelli;0;Zebre Striate;Bianco e Rosso;Zebre Elettriche
110860;Maria Grazia Calderoli;0;Pavoni Reali;Oro e Viola;Ali Reali
110861;Francesco Perduca;0;Falchi Grigi;Grigio e Nero;Falchi del Vento
110862;Roberto Moles;0;Camaleonti Arcobaleno;Blu e Verde;Camaleonti Magici
110863;Fabiola Doria;0;Fenici Rosse;Rosso e Arancione;Ali di Fuoco
110864;Aurelio Giuseppe Crema;0;Serpenti Dorati;Oro e Rosso;Serpenti Dorati
110865;Sante Ichino;0;Aquile Blu;Blu e Bianco;Aquile Volanti
110866;Erminia Magoni;0;Cavalieri d'Argento;Argento e Blu;
110867;Silvia Guerra;0;Lupi del Nord;Bianco e Grigio;Ululati del Nord
110868;Guido D'urso;0;Elefanti Grigi;Nero e Bianco;Elefanti Titanici
110869;Maria Fortuna Bodini;0;Fenici Rosse;Rosso e Arancione;Ali di Fuoco
110870;Gaspare Antonio Abate;0;Falchi Grigi;Grigio e Nero;Falchi del Vento
110871;Elvira Lucia Vono;0;Cinghiali Selvaggi;Marrone e Verde;Cinghiali Ruggenti
110872;Guglielmo Pecoraro Scanio;0;Camaleonti Arcobaleno;Blu e Verde;Camaleonti Magici
110873;Giulia Bucciarelli;0;Leoni Dorati;Giallo e Nero;Leoni Ruggenti
110874;Elena Petrenga;0;Scorpioni Rossi;Giallo e Verde;Scorpioni d'Acciaio
110875;Marina Nencini;0;Rinoceronti Blu;Verde e Argento;Rino Blu
110876;Maria Giuseppa Lai;0;Corvi della Tempesta;Grigio e Blu;Tempesta Oscura
110877;Alberto Adalgisio Losurdo;0;Leoni Dorati;Giallo e Nero;Leoni Ruggenti
110878;Ida Rojc;0;Aquile Blu;Blu e Bianco;Aquile Volanti
110879;Alberto Felice Simone Mauro;0;Fenici Rosse;Rosso e Arancione;Ali di Fuoco
110880;Giulio Fanfani;0;Ippopotami Viola;Viola e Oro;
110881;Goffredo Maria Cociancich;0;Falchi Grigi;Grigio e Nero;Falchi del Vento
110882;Gianmauro La Pietra;0;Aquile Blu;Blu e Bianco;Aquile Volanti
110883;Adele Agnelli;0;Camaleonti Arcobaleno;Blu e Verde;Camaleonti Magici
110884;Fabrizio Finocchiaro;0;Cavalli Selvaggi;Rosso e Argento;Cavalieri Selvaggi
110885;Antonio Franco Nocerino;0;Serpenti Dorati;Oro e Rosso;Serpenti Dorati
110886;Alan Cosenza;0;Cavalieri d'Argento;Argento e Blu;
110887;Tiziana Carmela Rosaria Crimi;0;Tigri Nere;Nero e Arancione;Tigri Infuocate
110888;Gabriella Ioannucci;0;Gufi Notturni;Viola e Grigio;Occhi nella Notte
110889;Tiziana Carmela Rosaria Fucksia;0;Delfini Argentati;Argento e Nero;Onde Argentate
110890;Nico Figurelli;0;Pinguini Polari;Bianco e Nero;
110891;Elvira Lucia Senese;0;Falchi Grigi;Grigio e Nero;Falchi del Vento
110892;Sandro Occhipinti;0;Aquile Reali;Blu e Oro;Reali del Cielo
110893;Michaela Merlo;0;Dragoni Rossi;Rosso e Nero;Fiamme Rosse
110894;Renzo Spagnolli;0;Orsi Polari;Bianco e Blu;
110895;Michela Pieroni;0;Serpenti Dorati;Oro e Rosso;Serpenti Dorati
110896;Alfredo Russo;0;Cavalli Selvaggi;Rosso e Argento;Cavalieri Selvaggi
110897;Aurelio Giuseppe Occhipinti;0;Cavalli Selvaggi;Rosso e Argento;Cavalieri Selvaggi
110898;Elvio Vedani;0;Cavalli Selvaggi;Rosso e Argento;Cavalieri Selvaggi
110899;Sandro Chiti;0;Lupi del Nord;Bianco e Grigio;Ululati del Nord
110900;Doris Mieli;0;Gatti Neri;Nero e Viola;
110901;Tommaso Agnelli;0;Zebre Striate;Bianco e Rosso;Zebre Elettriche
110902;Felice Carlo Occhetto;0;Pantere Rosa;Rosa e Grigio;Pantere Fiere
110903;Christian Tabladini;0;Ippopotami Viola;Viola e Oro;
110904;Aurora Cusimano;0;Coccodrilli Verdi;Verde e Marrone;Coccodrilli d'Acciaio
110905;Livio Aloisio;0;Pinguini Polari;Bianco e Nero;
110906;Lino Dalla Tor;0;Coccodrilli Verdi;Verde e Marrone;Coccodrilli d'Acciaio
110907;Gabriella Manunza;0;Dragoni Rossi;Rosso e Nero;Fiamme Rosse
110908;Filippo Di Maggio;0;Aquile Reali;Blu e Oro;Reali del Cielo
110909;Anna Cinzia Mangialavori;0;Zebre Striate;Bianco e Rosso;Zebre Elettriche
110910;Orietta Mura;0;Cavalieri d'Argento;Argento e Blu;
110911;Bernabo' Lucidi;0;Camaleonti Arcobaleno;Blu e Verde;Camaleonti Magici
110912;Vladimiro Marano;0;Tigri Nere;Nero e Arancione;Tigri Infuocate
110913;Guido Tocci;0;Falchi Grigi;Grigio e Nero;Falchi del Vento
110914;Erica Albano;0;Gatti Neri;Nero e Viola;
110915;Fabiola Furlan;0;Volpi del Bosco;Blu e Rosso;Volpi Veloci
110916;Elidio Romano;0;Pavoni Reali;Oro e Viola;Ali Reali
110917;Valeria Dirindin;0;Volpi del Bosco;Blu e Rosso;Volpi Veloci
110918;Silvia Misiani;0;Dragoni Rossi;Rosso e Nero;Fiamme Rosse
110919;Rosario Giorgio Donno;0;Camaleonti Arcobaleno;Blu e Verde;Camaleonti Magici
110920;Helga Crema;0;Tigri Nere;Nero e Arancione;Tigri Infuocate
110921;Maria Agostina Testor;0;Cavalieri d'Argento;Argento e Blu;
110922;Stanislao Alessandro Lo Curzio;0;Zebre Striate;Bianco e Rosso;Zebre Elettriche
110923;Willer Contini;0;Zebre Striate;Bianco e Rosso;Zebre Elettriche
110924;Margherita Laniece;0;Cavalieri d'Argento;Argento e Blu;
110925;Giuseppe Contini;0;Serpenti Dorati;Oro e Rosso;Serpenti Dorati
110926;Annalisa Murelli;0;Cinghiali Selvaggi;Marrone e Verde;Cinghiali Ruggenti
110927;Giuseppe Tommaso Vincenzo Scavone;0;Scorpioni Rossi;Giallo e Verde;Scorpioni d'Acciaio
110928;Guglielmo Manconi;0;Elefanti Grigi;Nero e Bianco;Elefanti Titanici
110929;Anna Maria Ruspandini;0;Rinoceronti Blu;Verde e Argento;Rino Blu
110930;Maria Alessandra Licheri;0;Coccodrilli Verdi;Verde e Marrone;Coccodrilli d'Acciaio
110931;Patty Arlacchi;0;Cavalli Selvaggi;Rosso e Argento;Cavalieri Selvaggi
110932;Fernando Frau;0;Fulmini Verdi;Verde e Giallo;Lampi Verdi
110933;Eva Gualdani;0;Coccodrilli Verdi;Verde e Marrone;Coccodrilli d'Acciaio
110934;Melchiorre Morando;0;Fenici Rosse;Rosso e Arancione;Ali di Fuoco
110935;Gian Giacomo Gubert;0;Orsi Polari;Bianco e Blu;
110936;Ombretta Maria Ichino;0;Aquile Reali;Blu e Oro;Reali del Cielo
110937;Ulisse Iannuzzi;0;Scorpioni Rossi;Giallo e Verde;Scorpioni d'Acciaio
110938;Martino Poretti;0;Rinoceronti Blu;Verde e Argento;Rino Blu
110939;Julia Ostellari;0;Camaleonti Arcobaleno;Blu e Verde;Camaleonti Magici
110940;Carlo Bitonci;0;Lupi del Nord;Bianco e Grigio;Ululati del Nord
110941;Tamara Gnutti;0;Dragoni Rossi;Rosso e Nero;Fiamme Rosse
110942;Jas Cioffi;0;Aquile Blu;Blu e Bianco;Aquile Volanti
110943;Maria Cristina Salvi;0;Gufi Notturni;Viola e Grigio;Occhi nella Notte
110944;Aldo Mazzarello;0;Falchi Grigi;Grigio e Nero;Falchi del Vento
110945;Renato Guerino Barbato;0;Falchi Grigi;Grigio e Nero;Falchi del Vento
110946;Erica Simeoni;0;Tigri Nere;Nero e Arancione;Tigri Infuocate
110947;Giovanbattista Mannino;0;Rinoceronti Blu;Verde e Argento;Rino Blu
110948;Daisy Cintola;0;Pinguini Polari;Bianco e Nero;
110949;Fiorello Scalfarotto;0;Fulmini Verdi;Verde e Giallo;Lampi Verdi
110950;Antonio Michele Callegaro;0;Elefanti Grigi;Nero e Bianco;Elefanti Titanici
110951;Willer Doria;0;Tigri Nere;Nero e Arancione;Tigri Infuocate
110952;Silvia Matrisciano;0;Camaleonti Arcobaleno;Blu e Verde;Camaleonti Magici
110953;Amintore Moncada;0;Volpi del Bosco;Blu e Rosso;Volpi Veloci
110954;Anna Rita Aiello;0;Cavalieri d'Argento;Argento e Blu;
110955;Sauro Ronchi;0;Leoni Dorati;Giallo e Nero;Leoni Ruggenti
110956;Battista Corti;0;Pinguini Polari;Bianco e Nero;
110957;Nicoletta Pergreffi;0;Zebre Striate;Bianco e Rosso;Zebre Elettriche
110958;Aurora Lorenzi;0;Pantere Rosa;Rosa e Grigio;Pantere Fiere
110959;Libero Grillotti;0;Ippopotami Viola;Viola e Oro;
110960;Ruggiero Presutto;0;Elefanti Grigi;Nero e Bianco;Elefanti Titanici
110961;Vita Maria Astore;0;Pinguini Polari;Bianco e Nero;
110962;Iunio Valerio Righetti;0;Dragoni Rossi;Rosso e Nero;Fiamme Rosse
110963;Manfred Anastasi;0;Leoni Dorati;Giallo e Nero;Leoni Ruggenti
110964;Leana Filippin;0;Aquile Blu;Blu e Bianco;Aquile Volanti
110965;Dario Taviani;0;Squali Azzurri;Azzurro e Bianco;Predatori del Mare
110966;Linda Florino;0;Leoni Dorati;Giallo e Nero;Leoni Ruggenti
110967;Vittoria Cossiga;0;Pantere Rosa;Rosa e Grigio;Pantere Fiere
110968;Lodovico Urso;0;Delfini Argentati;Argento e Nero;Onde Argentate
110969;Massimo Candura;0;Zebre Striate;Bianco e Rosso;Zebre Elettriche
110970;Valter De Castro;0;Fenici Rosse;Rosso e Arancione;Ali di Fuoco
110971;Gaetano Tredese;0;Cinghiali Selvaggi;Marrone e Verde;Cinghiali Ruggenti
110972;Patrizia Maturani;0;Orsi Polari;Bianco e Blu;
110973;Dorina Modica;0;Pinguini Polari;Bianco e Nero;
110974;Willer Spadoni Urbani;0;Serpenti Dorati;Oro e Rosso;Serpenti Dorati
110975;Ylenia Loiero;0;Pavoni Reali;Oro e Viola;Ali Reali
110976;Niccolo' Ronconi;0;Delfini Argentati;Argento e Nero;Onde Argentate
110977;Ida Maria Scoma;0;Pantere Rosa;Rosa e Grigio;Pantere Fiere
110978;Josefa Speziali;0;Zebre Striate;Bianco e Rosso;Zebre Elettriche
110979;Francesco Enrico Danzi;0;Volpi del Bosco;Blu e Rosso;Volpi Veloci
110980;Giuseppe Maria Preda;0;Corvi della Tempesta;Grigio e Blu;Tempesta Oscura
110981;Ignazio Serra;0;Leoni Dorati;Giallo e Nero;Leoni Ruggenti
110982;Cesarino Digilio;0;Tigri Nere;Nero e Arancione;Tigri Infuocate
110983;Marino Germano Lauricella;0;Falchi Grigi;Grigio e Nero;Falchi del Vento
110984;Aventino D'ubaldo;0;Rinoceronti Blu;Verde e Argento;Rino Blu
110985;Nico Lo Curzio;0;Falchi Grigi;Grigio e Nero;Falchi del Vento
110986;Silvestro De Vecchis;0;Gufi Notturni;Viola e Grigio;Occhi nella Notte
110987;Aniello Preioni;0;Aquile Reali;Blu e Oro;Reali del Cielo
110988;Silvana Fisichella;0;Lupi del Nord;Bianco e Grigio;Ululati del Nord
110989;Stefania Cerno;0;Coccodrilli Verdi;Verde e Marrone;Coccodrilli d'Acciaio
110990;Eugenio Pelella;0;Pavoni Reali;Oro e Viola;Ali Reali
110991;Lidia Senese;0;Zebre Striate;Bianco e Rosso;Zebre Elettriche
110992;Sauro La Loggia;0;Pavoni Reali;Oro e Viola;Ali Reali
110993;Maria Luisa Della Vedova;0;Aquile Reali;Blu e Oro;Reali del Cielo
110994;Lara Misiani;0;Aquile Blu;Blu e Bianco;Aquile Volanti
110995;Tiziana Latronico;0;Falchi Grigi;Grigio e Nero;Falchi del Vento
110996;Alberto Pietro Maria Semenzato;0;Serpenti Dorati;Oro e Rosso;Serpenti Dorati
110997;Jas Caselli;0;Pavoni Reali;Oro e Viola;Ali Reali
110998;Tiziana Carmela Rosaria Fabbri;0;Squali Azzurri;Azzurro e Bianco;Predatori del Mare
110999;Eugenio Pedrazzini;0;Delfini Argentati;Argento e Nero;Onde Argentate
111000;Filadelfio Guido Crescenzio;0;Cavalli Selvaggi;Rosso e Argento;Cavalieri Selvaggi
111001;Emanuele Papini;0;Dragoni Rossi;Rosso e Nero;Fiamme Rosse
111002;Guido Quintino Cociancich;0;Lupi del Nord;Bianco e Grigio;Ululati del Nord
111003;Franco Costantino Pirondini;0;Tigri Nere;Nero e Arancione;Tigri Infuocate
111004;Irene Corrao;0;Coccodrilli Verdi;Verde e Marrone;Coccodrilli d'Acciaio
111005;Lara Messina;0;Falchi Grigi;Grigio e Nero;Falchi del Vento
111006;Amedeo Strano;0;Coccodrilli Verdi;Verde e Marrone;Coccodrilli d'Acciaio
111007;Nicolo' Giuliano;0;Orsi Polari;Bianco e Blu;
111008;Calogero Bressa;0;Leoni Dorati;Giallo e Nero;Leoni Ruggenti
111009;Giusy Nespoli;0;Fulmini Verdi;Verde e Giallo;Lampi Verdi
111010;Pierantonio Bobba;0;Ippopotami Viola;Viola e Oro;
111011;Silvana Bulgarelli;0;Serpenti Dorati;Oro e Rosso;Serpenti Dorati
111012;Patty Ghigo;0;Cinghiali Selvaggi;Marrone e Verde;Cinghiali Ruggenti
111013;Etelwardo Corrado;0;Orsi Polari;Bianco e Blu;
111014;Emilio Nicola Potenti;0;Lupi del Nord;Bianco e Grigio;Ululati del Nord
111015;Lucio Vano;0;Delfini Argentati;Argento e Nero;Onde Argentate
111016;Lucio Zampa;0;Lupi del Nord;Bianco e Grigio;Ululati del Nord
111017;Marcello Meloni;0;Aquile Blu;Blu e Bianco;Aquile Volanti
111018;Antonio Michele Mussini;0;Pantere Rosa;Rosa e Grigio;Pantere Fiere
111019;Rosa Maria Angrisani;0;Cavalieri d'Argento;Argento e Blu;
111020;Antonio Salvatore Palombo;0;Leoni Dorati;Giallo e Nero;Leoni Ruggenti
111021;Francesco Maria D'alessandro Prisco;0;Lupi del Nord;Bianco e Grigio;Ululati del Nord
111022;Ernesto Caridi;0;Rinoceronti Blu;Verde e Argento;Rino Blu
111023;Antonello Casson;0;Camaleonti Arcobaleno;Blu e Verde;Camaleonti Magici
111024;Licia Cicolani;0;Leoni Dorati;Giallo e Nero;Leoni Ruggenti
111025;Rocco Vito Caruso;0;Lupi del Nord;Bianco e Grigio;Ululati del Nord
111026;Susanna Lina Giulia Donati;0;Cinghiali Selvaggi;Marrone e Verde;Cinghiali Ruggenti
111027;Cosimo Formisano;0;Rinoceronti Blu;Verde e Argento;Rino Blu
111028;Furio Borgonzoni;0;Squali Azzurri;Azzurro e Bianco;Predatori del Mare
111029;Nico Cappelletti;0;Pinguini Polari;Bianco e Nero;
111030;Magda Angela Fattorini;0;Fulmini Verdi;Verde e Giallo;Lampi Verdi
111031;Simonetta Crucioli;0;Cavalieri d'Argento;Argento e Blu;
111032;Manuela La Pietra;0;Pavoni Reali;Oro e Viola;Ali Reali
111033;Stefano Fassone;0;Pantere Rosa;Rosa e Grigio;Pantere Fiere
111034;Gianmauro Donise;0;Corvi della Tempesta;Grigio e Blu;Tempesta Oscura
111035;Romualdo Vittorio Di Stefano;0;Leoni Dorati;Giallo e Nero;Leoni Ruggenti
111036;Romualdo Vittorio Bettoni Brandani;0;Camaleonti Arcobaleno;Blu e Verde;Camaleonti Magici
111037;Euprepio Lunesu;0;Gufi Notturni;Viola e Grigio;Occhi nella Notte
111038;Anna Maria Faraone;0;Rinoceronti Blu;Verde e Argento;Rino Blu
111039;Luca Cervellini;0;Ippopotami Viola;Viola e Oro;
111040;Ada Sangalli;0;Leoni Dorati;Giallo e Nero;Leoni Ruggenti
111041;Saverio Zaffini;0;Cavalieri d'Argento;Argento e Blu;
111042;Paola Lumia;0;Squali Azzurri;Azzurro e Bianco;Predatori del Mare
111043;Felicia Del Vecchio;0;Elefanti Grigi;Nero e Bianco;Elefanti Titanici
111044;Daniele Presutto;0;Cavalieri d'Argento;Argento e Blu;
111045;Beppe Folloni;0;Volpi del Bosco;Blu e Rosso;Volpi Veloci
111046;Fernando Vetrella;0;Cinghiali Selvaggi;Marrone e Verde;Cinghiali Ruggenti
111047;Cristiano Giaretta;0;Fenici Rosse;Rosso e Arancione;Ali di Fuoco
111048;Emilia Grazia Pecoraro Scanio;0;Cavalli Selvaggi;Rosso e Argento;Cavalieri Selvaggi
111049;Alessandrina Caridi;0;Corvi della Tempesta;Grigio e Blu;Tempesta Oscura
111050;Emanuela De Vecchis;0;Falchi Grigi;Grigio e Nero;Falchi del Vento
111051;Luca Salvato;0;Rinoceronti Blu;Verde e Argento;Rino Blu
111052;Fabiola Cursi;0;Delfini Argentati;Argento e Nero;Onde Argentate
111053;Fabrizio Sollo;0;Dragoni Rossi;Rosso e Nero;Fiamme Rosse
111054;Peppe Mazzaracchio;0;Gatti Neri;Nero e Viola;
111055;Vita Maria Perosino;0;Falchi Grigi;Grigio e Nero;Falchi del Vento
111056;Lara Piscitelli;0;Pinguini Polari;Bianco e Nero;
111057;Rocco Murelli;0;Fenici Rosse;Rosso e Arancione;Ali di Fuoco
111058;Niccolo' Greco;0;Pavoni Reali;Oro e Viola;Ali Reali
111059;Fiorenza Pistorio;0;Fulmini Verdi;Verde e Giallo;Lampi Verdi
111060;Liborio Pizzinato;0;Lupi del Nord;Bianco e Grigio;Ululati del Nord
111061;Adelaide Candiani;0;Fulmini Verdi;Verde e Giallo;Lampi Verdi
111062;Tarcisio Cardinali;0;Camaleonti Arcobaleno;Blu e Verde;Camaleonti Magici
111063;Maria Agostina Brignone;0;Orsi Polari;Bianco e Blu;
111064;Manuel Lombardo;0;Aquile Blu;Blu e Bianco;Aquile Volanti
111065;Gianluca Dal Mas;0;Rinoceronti Blu;Verde e Argento;Rino Blu
111066;Fulvio Scotti;0;Cavalli Selvaggi;Rosso e Argento;Cavalieri Selvaggi
111067;Vilma Terracini;0;Zebre Striate;Bianco e Rosso;Zebre Elettriche
111068;Vincenzo Digilio;0;Orsi Polari;Bianco e Blu;
111069;Liliana Modica;0;Cinghiali Selvaggi;Marrone e Verde;Cinghiali Ruggenti
111070;Ludovico Livi Bacci;0;Cavalli Selvaggi;Rosso e Argento;Cavalieri Selvaggi
111071;Cosimo Giaretta;0;Leoni Dorati;Giallo e Nero;Leoni Ruggenti
111072;Maria Domenica Leddi;0;Orsi Polari;Bianco e Blu;
111073;Vera Liliana Cozzolino;0;Falchi Grigi;Grigio e Nero;Falchi del Vento
111074;Silvia Centaro;0;Pavoni Reali;Oro e Viola;Ali Reali
111075;Ilaria Abate;0;Tigri Nere;Nero e Arancione;Tigri Infuocate
111076;Leonzio Barbato;0;Lupi del Nord;Bianco e Grigio;Ululati del Nord
111077;Tilde Amorena;0;Corvi della Tempesta;Grigio e Blu;Tempesta Oscura
111078;Guido Cesare Ucchielli;0;Scorpioni Rossi;Giallo e Verde;Scorpioni d'Acciaio
111079;Julia Toninelli;0;Falchi Grigi;Grigio e Nero;Falchi del Vento
111080;Barbara Ucchielli;0;Pinguini Polari;Bianco e Nero;
111081;Antonino Toia;0;Ippopotami Viola;Viola e Oro;
111082;Davide Tajani;0;Gatti Neri;Nero e Viola;
111083;Massimiliano Garavaglia;0;Scorpioni Rossi;Giallo e Verde;Scorpioni d'Acciaio
111084;Raffaella Mennuni;0;Lupi del Nord;Bianco e Grigio;Ululati del Nord
111085;Gregorio Pinotti;0;Serpenti Dorati;Oro e Rosso;Serpenti Dorati
111086;Patrizio Giacomo Albertini;0;Gufi Notturni;Viola e Grigio;Occhi nella Notte
111087;Costanzo Buccarella;0;Pantere Rosa;Rosa e Grigio;Pantere Fiere
111088;Maria Adduce;0;Tigri Nere;Nero e Arancione;Tigri Infuocate
111089;Tiziano Monticone;0;Aquile Blu;Blu e Bianco;Aquile Volanti
111090;Carlo Azeglio Avogadro;0;Coccodrilli Verdi;Verde e Marrone;Coccodrilli d'Acciaio
111091;Santo Poli;0;Zebre Striate;Bianco e Rosso;Zebre Elettriche
111092;Emilio Gatti;0;Serpenti Dorati;Oro e Rosso;Serpenti Dorati
111093;Lionello Marco Borea;0;Gatti Neri;Nero e Viola;
111094;Isabella Speranzon;0;Squali Azzurri;Azzurro e Bianco;Predatori del Mare
111095;Lucio Alessio Fregolent;0;Cavalieri d'Argento;Argento e Blu;
111096;Davide Salvitti;0;Pinguini Polari;Bianco e Nero;
111097;Fulvio Fedeli;0;Camaleonti Arcobaleno;Blu e Verde;Camaleonti Magici
111098;Ylenia Pirondini;0;Squali Azzurri;Azzurro e Bianco;Predatori del Mare
111099;Silvano Milana;0;Pantere Rosa;Rosa e Grigio;Pantere Fiere
111100;Elio Rocchi;0;Ippopotami Viola;Viola e Oro;
111101;Laura Moncada;0;Coccodrilli Verdi;Verde e Marrone;Coccodrilli d'Acciaio
111102;Maria Teresa Sambin;0;Gatti Neri;Nero e Viola;
111103;Bianca Laura D'angelo;0;Zebre Striate;Bianco e Rosso;Zebre Elettriche
111104;Pietro Nastri;0;Cavalieri d'Argento;Argento e Blu;
111105;Adolfo Fucksia;0;Squali Azzurri;Azzurro e Bianco;Predatori del Mare
111106;Niccolo' Sudano;0;Squali Azzurri;Azzurro e Bianco;Predatori del Mare
111107;Benedetto Alicata;0;Serpenti Dorati;Oro e Rosso;Serpenti Dorati
111108;Michela Agostinelli;0;Tigri Nere;Nero e Arancione;Tigri Infuocate
111109;Giorgio Maria Sallemi;0;Falchi Grigi;Grigio e Nero;Falchi del Vento
111110;Beatrice Divina;0;Gufi Notturni;Viola e Grigio;Occhi nella Notte
111111;Danilo Carpinelli;0;Camaleonti Arcobaleno;Blu e Verde;Camaleonti Magici
111112;Benedetto Tosato;0;Aquile Blu;Blu e Bianco;Aquile Volanti
111113;Cesarino Pezzopane;0;Fulmini Verdi;Verde e Giallo;Lampi Verdi
111114;Pippo Ricchiuti;0;Cavalieri d'Argento;Argento e Blu;
111115;Anna Cinzia Provera;0;Ippopotami Viola;Viola e Oro;
111116;Fedele Scivoletto;0;Elefanti Grigi;Nero e Bianco;Elefanti Titanici
111117;Peppe Curto;0;Fenici Rosse;Rosso e Arancione;Ali di Fuoco
111118;Antonio Franco Scarpetti;0;Orsi Polari;Bianco e Blu;
111119;Aurora Saccone;0;Fulmini Verdi;Verde e Giallo;Lampi Verdi
111120;Lucia Monteleone;0;Aquile Reali;Blu e Oro;Reali del Cielo
111121;Elvio Aimi;0;Scorpioni Rossi;Giallo e Verde;Scorpioni d'Acciaio
111122;Giuseppe Francesco Maria Maggi;0;Elefanti Grigi;Nero e Bianco;Elefanti Titanici
111123;Michaela Orsi;0;Fulmini Verdi;Verde e Giallo;Lampi Verdi
111124;Rossana Lauria;0;Aquile Reali;Blu e Oro;Reali del Cielo
111125;Egidio Luigi Polledri;0;Volpi del Bosco;Blu e Rosso;Volpi Veloci
111126;Cesarino Cintola;0;Coccodrilli Verdi;Verde e Marrone;Coccodrilli d'Acciaio
111127;Sabina Durigon;0;Ippopotami Viola;Viola e Oro;
111128;Martino Crescenzio;0;Coccodrilli Verdi;Verde e Marrone;Coccodrilli d'Acciaio
111129;Angela Anna Bruna Toniolli;0;Fulmini Verdi;Verde e Giallo;Lampi Verdi
111130;Gianrico Durigon;0;Squali Azzurri;Azzurro e Bianco;Predatori del Mare
111131;Rossella Mangialavori;0;Aquile Reali;Blu e Oro;Reali del Cielo
111132;Fiorenza Sbarbati;0;Cinghiali Selvaggi;Marrone e Verde;Cinghiali Ruggenti
111133;Cinzia Maria Oliva;0;Zebre Striate;Bianco e Rosso;Zebre Elettriche
111134;Gian Carlo Minasi;0;Delfini Argentati;Argento e Nero;Onde Argentate
111135;Cristina Manzione;0;Dragoni Rossi;Rosso e Nero;Fiamme Rosse
111136;Simona Nunzia Moncada;0;Fenici Rosse;Rosso e Arancione;Ali di Fuoco
111137;Umberto Favero;0;Aquile Blu;Blu e Bianco;Aquile Volanti
111138;Gaspare Antonio Procacci;0;Tigri Nere;Nero e Arancione;Tigri Infuocate
111139;Gregorio Riccardi;0;Coccodrilli Verdi;Verde e Marrone;Coccodrilli d'Acciaio
111140;Giulia Mura;0;Zebre Striate;Bianco e Rosso;Zebre Elettriche
111141;Elvio Morgoni;0;Aquile Blu;Blu e Bianco;Aquile Volanti
111142;Maria Rosaria Centinaio;0;Aquile Blu;Blu e Bianco;Aquile Volanti
111143;Ivo Ceccato;0;Camaleonti Arcobaleno;Blu e Verde;Camaleonti Magici
111144;Tarcisio Adragna;0;Lupi del Nord;Bianco e Grigio;Ululati del Nord
111145;Bruno Morando;0;Corvi della Tempesta;Grigio e Blu;Tempesta Oscura
111146;Ada Gabana;0;Aquile Blu;Blu e Bianco;Aquile Volanti
111147;Eva Piloni;0;Cavalli Selvaggi;Rosso e Argento;Cavalieri Selvaggi
111148;Emilia Grazia Musolino;0;Tigri Nere;Nero e Arancione;Tigri Infuocate
111149;Vincenzo Maria Burani Procaccini;0;Cinghiali Selvaggi;Marrone e Verde;Cinghiali Ruggenti
111150;Lidia Gasperini;0;Fulmini Verdi;Verde e Giallo;Lampi Verdi
111151;Adele Lopreiato;0;Gatti Neri;Nero e Viola;
111152;Patrizio Cosenza;0;Squali Azzurri;Azzurro e Bianco;Predatori del Mare
111153;Anna Puglia;0;Delfini Argentati;Argento e Nero;Onde Argentate
111154;Gianpaolo Trevisi;0;Cavalli Selvaggi;Rosso e Argento;Cavalieri Selvaggi
111155;Giulia Corsini;0;Pantere Rosa;Rosa e Grigio;Pantere Fiere
111156;Tancredi Serra;0;Gatti Neri;Nero e Viola;
111157;Gennaro Donno;0;Corvi della Tempesta;Grigio e Blu;Tempesta Oscura
111158;Francesco Saverio Saia;0;Dragoni Rossi;Rosso e Nero;Fiamme Rosse
111159;Hans Gabana;0;Orsi Polari;Bianco e Blu;
111160;Elidio Barba;0;Gufi Notturni;Viola e Grigio;Occhi nella Notte
111161;Filippo Maria Fina;0;Pinguini Polari;Bianco e Nero;
111162;Erika Lauria;0;Cavalli Selvaggi;Rosso e Argento;Cavalieri Selvaggi
111163;Sabrina Labellarte;0;Dragoni Rossi;Rosso e Nero;Fiamme Rosse
111164;Learco La Mura;0;Lupi del Nord;Bianco e Grigio;Ululati del Nord
111165;Saverio Salvatore Basini;0;Falchi Grigi;Grigio e Nero;Falchi del Vento
111166;Sebastiano Rufa;0;Elefanti Grigi;Nero e Bianco;Elefanti Titanici
111167;Willer Taverna;0;Squali Azzurri;Azzurro e Bianco;Predatori del Mare
111168;Candido Gruosso;0;Squali Azzurri;Azzurro e Bianco;Predatori del Mare
111169;Valerio Benvenuto;0;Lupi del Nord;Bianco e Grigio;Ululati del Nord
111170;Elvio Senese;0;Gufi Notturni;Viola e Grigio;Occhi nella Notte
111171;Fedele Bocchino;0;Corvi della Tempesta;Grigio e Blu;Tempesta Oscura
111172;Pierluigi Botto;0;Elefanti Grigi;Nero e Bianco;Elefanti Titanici
111173;Francesco Enrico Travaglia;0;Pinguini Polari;Bianco e Nero;
111174;Mario Alejandro Cucca;0;Fenici Rosse;Rosso e Arancione;Ali di Fuoco
111175;Italo Mastella;0;Pavoni Reali;Oro e Viola;Ali Reali
111176;Giulio Mario Provera;0;Rinoceronti Blu;Verde e Argento;Rino Blu
111177;Lanfranco Fazzone;0;Ippopotami Viola;Viola e Oro;
111178;Mariastella Cirami;0;Pinguini Polari;Bianco e Nero;
111179;Raffaella Fiormaria Maraventano;0;Pantere Rosa;Rosa e Grigio;Pantere Fiere
111180;Giulio Ortolani;0;Squali Azzurri;Azzurro e Bianco;Predatori del Mare
111181;Simona Flavia Borghi;0;Delfini Argentati;Argento e Nero;Onde Argentate
111182;Carlo Ricchiuti;0;Orsi Polari;Bianco e Blu;
111183;Stanislao Quagliariello;0;Corvi della Tempesta;Grigio e Blu;Tempesta Oscura
111184;Mario Alejandro Petrucci;0;Volpi del Bosco;Blu e Rosso;Volpi Veloci
111185;Giovanni Vittorio Federici;0;Gufi Notturni;Viola e Grigio;Occhi nella Notte
111186;Raffaela Taviani;0;Corvi della Tempesta;Grigio e Blu;Tempesta Oscura
111187;Tino De Paoli;0;Leoni Dorati;Giallo e Nero;Leoni Ruggenti
111188;Felicia Stradiotto;0;Squali Azzurri;Azzurro e Bianco;Predatori del Mare
111189;Albert Battisti;0;Elefanti Grigi;Nero e Bianco;Elefanti Titanici
111190;Julia Borghesi;0;Cinghiali Selvaggi;Marrone e Verde;Cinghiali Ruggenti
111191;Michele Razzi;0;Volpi del Bosco;Blu e Rosso;Volpi Veloci
111192;Giovanbattista Crosio;0;Cavalli Selvaggi;Rosso e Argento;Cavalieri Selvaggi
111193;Tiziana Cortelloni;0;Pavoni Reali;Oro e Viola;Ali Reali
111194;Marco Maiorino;0;Aquile Reali;Blu e Oro;Reali del Cielo
111195;Cinzia Dalla Zuanna;0;Lupi del Nord;Bianco e Grigio;Ululati del Nord
111196;Eugenio Mario Veraldi;0;Zebre Striate;Bianco e Rosso;Zebre Elettriche
111197;Giuseppe Maria Stucchi;0;Gatti Neri;Nero e Viola;
111198;Corrado Zeffirelli;0;Scorpioni Rossi;Giallo e Verde;Scorpioni d'Acciaio
111199;Simona Flavia Adduce;0;Lupi del Nord;Bianco e Grigio;Ululati del Nord
111200;Albertina Parola;0;Volpi del Bosco;Blu e Rosso;Volpi Veloci
111201;Vito Claudio Casoli;0;Squali Azzurri;Azzurro e Bianco;Predatori del Mare
111202;Gaetano Scarabosio;0;Cavalli Selvaggi;Rosso e Argento;Cavalieri Selvaggi
111203;Michelina Bellini;0;Dragoni Rossi;Rosso e Nero;Fiamme Rosse
111204;Anna Rita Carpi;0;Squali Azzurri;Azzurro e Bianco;Predatori del Mare
111205;Giampaolo Saro;0;Serpenti Dorati;Oro e Rosso;Serpenti Dorati
111206;Nico Gabana;0;Scorpioni Rossi;Giallo e Verde;Scorpioni d'Acciaio
111207;Simone Biondi;0;Squali Azzurri;Azzurro e Bianco;Predatori del Mare
111208;Giuliano La Pietra;0;Cavalieri d'Argento;Argento e Blu;
111209;Gianvittorio Vedani;0;Corvi della Tempesta;Grigio e Blu;Tempesta Oscura
111210;Giovanni Pietro Ricciardi;0;Aquile Blu;Blu e Bianco;Aquile Volanti
111211;Walter Vacciano;0;Gufi Notturni;Viola e Grigio;Occhi nella Notte
111212;Susy Puppato;0;Serpenti Dorati;Oro e Rosso;Serpenti Dorati
111213;Maria Laura Puglisi;0;Ippopotami Viola;Viola e Oro;
111214;Salvatore Tito Gagliardi;0;Coccodrilli Verdi;Verde e Marrone;Coccodrilli d'Acciaio
111215;Gian Carlo Gustavino;0;Gufi Notturni;Viola e Grigio;Occhi nella Notte
111216;Esterino Saltamartini;0;Squali Azzurri;Azzurro e Bianco;Predatori del Mare
111217;Elidio Longo;0;Pinguini Polari;Bianco e Nero;
111218;Egidio Enrico Marchetti;0;Gufi Notturni;Viola e Grigio;Occhi nella Notte
111219;Anna Bratina;0;Gatti Neri;Nero e Viola;
111220;Saverio Lombardi Satriani;0;Cavalieri d'Argento;Argento e Blu;
111221;Eva Fantola;0;Gufi Notturni;Viola e Grigio;Occhi nella Notte
111222;Tilde Mascioni;0;Leoni Dorati;Giallo e Nero;Leoni Ruggenti
111223;Erica Gamba;0;Fenici Rosse;Rosso e Arancione;Ali di Fuoco
111224;Egidio Enrico Nannicini;0;Fenici Rosse;Rosso e Arancione;Ali di Fuoco
111225;Ignazio Rapani;0;Tigri Nere;Nero e Arancione;Tigri Infuocate
111226;Elio Massimo Ayala;0;Pantere Rosa;Rosa e Grigio;Pantere Fiere
111227;Maria Ida Renzi;0;Aquile Blu;Blu e Bianco;Aquile Volanti
111228;Eugenio Mario Barbolini;0;Orsi Polari;Bianco e Blu;
111229;Bianca Laura Vicini;0;Fulmini Verdi;Verde e Giallo;Lampi Verdi
111230;Annamaria Berrino;0;Ippopotami Viola;Viola e Oro;
111231;Accursio Benvenuto;0;Corvi della Tempesta;Grigio e Blu;Tempesta Oscura
111232;Simona Battista;0;Volpi del Bosco;Blu e Rosso;Volpi Veloci
111233;Costanzo Castellone;0;Cinghiali Selvaggi;Marrone e Verde;Cinghiali Ruggenti
111234;Guido Quintino Lonardo;0;Orsi Polari;Bianco e Blu;
111235;Alfonso Scoma;0;Delfini Argentati;Argento e Nero;Onde Argentate
111236;Silvio Emilio De Santis;0;Coccodrilli Verdi;Verde e Marrone;Coccodrilli d'Acciaio
111237;Aurelio Giuseppe Cintola;0;Pinguini Polari;Bianco e Nero;
111238;Ludovico Magnolfi;0;Aquile Reali;Blu e Oro;Reali del Cielo
111239;Meinhard Maiorino;0;Tigri Nere;Nero e Arancione;Tigri Infuocate
111240;Vittoria Francesca Maria Borghesi;0;Cavalli Selvaggi;Rosso e Argento;Cavalieri Selvaggi
111241;Mara Sangalli;0;Serpenti Dorati;Oro e Rosso;Serpenti Dorati
111242;Corrado Guasti;0;Leoni Dorati;Giallo e Nero;Leoni Ruggenti
111243;Mino Barbato;0;Dragoni Rossi;Rosso e Nero;Fiamme Rosse
111244;Jonny Marchetti;0;Cinghiali Selvaggi;Marrone e Verde;Cinghiali Ruggenti
111245;Pierpaolo Zanettin;0;Cavalieri d'Argento;Argento e Blu;
111246;Albert Fazio;0;Gufi Notturni;Viola e Grigio;Occhi nella Notte
111247;Pierluigi Mirabelli;0;Aquile Reali;Blu e Oro;Reali del Cielo
111248;Stanislao Scalfarotto;0;Pantere Rosa;Rosa e Grigio;Pantere Fiere
111249;Enzo Mandelli;0;Rinoceronti Blu;Verde e Argento;Rino Blu
111250;Giorgio Musi;0;Cinghiali Selvaggi;Marrone e Verde;Cinghiali Ruggenti
111251;Mariastella Mancino;0;Aquile Blu;Blu e Bianco;Aquile Volanti
111252;Felice Carlo Visentin;0;Pinguini Polari;Bianco e Nero;
111253;Hans Bosi;0;Gatti Neri;Nero e Viola;
111254;Lorenzo Emilio Galioto;0;Volpi del Bosco;Blu e Rosso;Volpi Veloci
111255;Angelo D'alia;0;Camaleonti Arcobaleno;Blu e Verde;Camaleonti Magici
111256;Lionello Marco Crescenzio;0;Aquile Reali;Blu e Oro;Reali del Cielo
111257;Vito Rosario Abbado;0;Pinguini Polari;Bianco e Nero;
111258;Sara Rotondi;0;Ippopotami Viola;Viola e Oro;
111259;Giulio Di Giorgi;0;Pantere Rosa;Rosa e Grigio;Pantere Fiere
111260;Alessandrina Alessandrini;0;Cinghiali Selvaggi;Marrone e Verde;Cinghiali Ruggenti
111261;Eugenio Mario Morgoni;0;Squali Azzurri;Azzurro e Bianco;Predatori del Mare
111262;Lucio Alessio Forcieri;0;Delfini Argentati;Argento e Nero;Onde Argentate
111263;Vincenzo Maria Losurdo;0;Cavalieri d'Argento;Argento e Blu;
111264;Guglielmo Tesei;0;Orsi Polari;Bianco e Blu;
111265;Fulvio Toia;0;Leoni Dorati;Giallo e Nero;Leoni Ruggenti
111266;Nazario Bordon;0;Orsi Polari;Bianco e Blu;
111267;Edo Scibona;0;Lupi del Nord;Bianco e Grigio;Ululati del Nord
111268;Assuntela Legnini;0;Camaleonti Arcobaleno;Blu e Verde;Camaleonti Magici
111269;Massimo Vittorio Turano;0;Cavalieri d'Argento;Argento e Blu;
111270;Cesarino Crema;0;Squali Azzurri;Azzurro e Bianco;Predatori del Mare
111271;Antonio Salvatore Piccone;0;Camaleonti Arcobaleno;Blu e Verde;Camaleonti Magici
111272;Elio Massimo Masini;0;Volpi del Bosco;Blu e Rosso;Volpi Veloci
111273;Oreste Bianchi;0;Orsi Polari;Bianco e Blu;
111274;Gabriele Baccini;0;Volpi del Bosco;Blu e Rosso;Volpi Veloci
111275;Salvo Santini;0;Elefanti Grigi;Nero e Bianco;Elefanti Titanici
111276;Ettore Randazzo;0;Pinguini Polari;Bianco e Nero;
111277;Cristiano Cario;0;Volpi del Bosco;Blu e Rosso;Volpi Veloci
111278;Goffredo Maria Togni;0;Ippopotami Viola;Viola e Oro;
111279;Stanislao Capaldi;0;Fenici Rosse;Rosso e Arancione;Ali di Fuoco
111280;Beppe Pedrini;0;Rinoceronti Blu;Verde e Argento;Rino Blu
111281;Maria Chiara Scarpa Bonazza Buora;0;Gatti Neri;Nero e Viola;
111282;Ettore Minzolini;0;Scorpioni Rossi;Giallo e Verde;Scorpioni d'Acciaio
111283;Barbara Borghi;0;Rinoceronti Blu;Verde e Argento;Rino Blu
111284;Mariapia Saia;0;Gatti Neri;Nero e Viola;
111285;Donatella Martone;0;Leoni Dorati;Giallo e Nero;Leoni Ruggenti
111286;Roberta Sircana;0;Orsi Polari;Bianco e Blu;
111287;Susanna Donatella Di Piazza;0;Orsi Polari;Bianco e Blu;
111288;Adriana Caddeo;0;Squali Azzurri;Azzurro e Bianco;Predatori del Mare
111289;Milos Tedesco;0;Squali Azzurri;Azzurro e Bianco;Predatori del Mare
111290;Raffaele Messina;0;Squali Azzurri;Azzurro e Bianco;Predatori del Mare
111291;Sonia Giacobbe;0;Corvi della Tempesta;Grigio e Blu;Tempesta Oscura
111292;Adele Poretti;0;Orsi Polari;Bianco e Blu;
111293;Stefania Petrocelli;0;Zebre Striate;Bianco e Rosso;Zebre Elettriche
111294;Maria Elisabetta Piatti;0;Tigri Nere;Nero e Arancione;Tigri Infuocate
111295;Rossana Bonifazi;0;Cavalieri d'Argento;Argento e Blu;
111296;Tana Veronesi;0;Cavalieri d'Argento;Argento e Blu;
111297;Giulio Ponzo;0;Rinoceronti Blu;Verde e Argento;Rino Blu
111298;Giusy Stancanelli;0;Elefanti Grigi;Nero e Bianco;Elefanti Titanici
111299;Mario Crisafulli;0;Aquile Reali;Blu e Oro;Reali del Cielo
111300;Mariangela Minasi;0;Pavoni Reali;Oro e Viola;Ali Reali
111301;Ylenia Sarro;0;Volpi del Bosco;Blu e Rosso;Volpi Veloci
111302;Raffaele Lunardi;0;Volpi del Bosco;Blu e Rosso;Volpi Veloci
111303;Elena Castelli;0;Cinghiali Selvaggi;Marrone e Verde;Cinghiali Ruggenti
111304;Michaela Papaevangeliu;0;Ippopotami Viola;Viola e Oro;
111305;Sandro Mario Brignone;0;Pavoni Reali;Oro e Viola;Ali Reali
111306;Milziade Ciccanti;0;Volpi del Bosco;Blu e Rosso;Volpi Veloci
111307;Valerio Piano;0;Serpenti Dorati;Oro e Rosso;Serpenti Dorati
111308;Lavinia Ranieri;0;Fenici Rosse;Rosso e Arancione;Ali di Fuoco
111309;Giuseppe Cossiga;0;Squali Azzurri;Azzurro e Bianco;Predatori del Mare
111310;Marina Forcieri;0;Leoni Dorati;Giallo e Nero;Leoni Ruggenti
111311;Tino Federici;0;Lupi del Nord;Bianco e Grigio;Ululati del Nord
111312;Lorenzo Emilio Barrile;0;Elefanti Grigi;Nero e Bianco;Elefanti Titanici
111313;Stanislao Alessandro De Feo;0;Delfini Argentati;Argento e Nero;Onde Argentate
111314;Caterina Terzi Di Sant'agata;0;Aquile Blu;Blu e Bianco;Aquile Volanti
111315;Clemente Gamba;0;Fulmini Verdi;Verde e Giallo;Lampi Verdi
111316;Cristiano Botto;0;Gufi Notturni;Viola e Grigio;Occhi nella Notte
111317;Leonardo Pezzopane;0;Gufi Notturni;Viola e Grigio;Occhi nella Notte
111318;Emanuela Ceccanti;0;Gufi Notturni;Viola e Grigio;Occhi nella Notte
111319;Alberto Adalgisio Marchetti;0;Cavalli Selvaggi;Rosso e Argento;Cavalieri Selvaggi
111320;Dafne Ranieri;0;Pavoni Reali;Oro e Viola;Ali Reali
111321;Alberto Pietro Maria Collino;0;Gatti Neri;Nero e Viola;
111322;Pippo Bellini;0;Leoni Dorati;Giallo e Nero;Leoni Ruggenti
111323;Bernabo' Bedin;0;Delfini Argentati;Argento e Nero;Onde Argentate
111324;Manfredi Cintola;0;Pantere Rosa;Rosa e Grigio;Pantere Fiere
111325;Vincenzo Curto;0;Pavoni Reali;Oro e Viola;Ali Reali
111326;Maria Domenica Ceruti;0;Aquile Blu;Blu e Bianco;Aquile Volanti
111327;Nando Capelli;0;Dragoni Rossi;Rosso e Nero;Fiamme Rosse
111328;Umberto De Eccher;0;Corvi della Tempesta;Grigio e Blu;Tempesta Oscura
111329;Bianca Laura Mastrangeli;0;Pantere Rosa;Rosa e Grigio;Pantere Fiere
111330;Gisella Presutto;0;Ippopotami Viola;Viola e Oro;
111331;Gian Pietro D'onghia;0;Aquile Reali;Blu e Oro;Reali del Cielo
111332;Lodovico De Carolis;0;Ippopotami Viola;Viola e Oro;
111333;Ivo Lucherini;0;Gufi Notturni;Viola e Grigio;Occhi nella Notte
111334;Antonio Ronconi;0;Coccodrilli Verdi;Verde e Marrone;Coccodrilli d'Acciaio
111335;Nicolo' Mangialavori;0;Serpenti Dorati;Oro e Rosso;Serpenti Dorati
111336;Elio Nannicini;0;Lupi del Nord;Bianco e Grigio;Ululati del Nord
111337;Renato Guerino Nerozzi;0;Fenici Rosse;Rosso e Arancione;Ali di Fuoco
111338;Tommaso Dalla Chiesa;0;Fulmini Verdi;Verde e Giallo;Lampi Verdi
111339;Vincenza Malentacchi;0;Gufi Notturni;Viola e Grigio;Occhi nella Notte
111340;Piergiorgio Barbato;0;Orsi Polari;Bianco e Blu;
111341;Furio Galimberti;0;Elefanti Grigi;Nero e Bianco;Elefanti Titanici
111342;Aurelio Giuseppe Magri;0;Aquile Blu;Blu e Bianco;Aquile Volanti
111343;Cesarino Biancofiore;0;Squali Azzurri;Azzurro e Bianco;Predatori del Mare
111344;Tatjana Liuzzi;0;Ippopotami Viola;Viola e Oro;
111345;Ivo Giordano;0;Aquile Reali;Blu e Oro;Reali del Cielo
111346;Silvana Ventucci;0;Serpenti Dorati;Oro e Rosso;Serpenti Dorati
111347;Gianvittore Vanin;0;Pinguini Polari;Bianco e Nero;
111348;Mirella Bertacco;0;Dragoni Rossi;Rosso e Nero;Fiamme Rosse
111349;Tullio Torrisi;0;Gufi Notturni;Viola e Grigio;Occhi nella Notte
111350;Vittoria Francesca Maria Spinelli;0;Rinoceronti Blu;Verde e Argento;Rino Blu
111351;Saverio Salvatore Lisei;0;Corvi della Tempesta;Grigio e Blu;Tempesta Oscura
111352;Gino Fina;0;Volpi del Bosco;Blu e Rosso;Volpi Veloci
111353;Vito Claudio Pogliese;0;Aquile Reali;Blu e Oro;Reali del Cielo
111354;Romano Tajani;0;Pavoni Reali;Oro e Viola;Ali Reali
111355;Leonardo Castiello;0;Rinoceronti Blu;Verde e Argento;Rino Blu
111356;Lavinia Licastro Scardino;0;Tigri Nere;Nero e Arancione;Tigri Infuocate
111357;Magda Angela Bubbico;0;Pinguini Polari;Bianco e Nero;
111358;Manuel Pasquali;0;Squali Azzurri;Azzurro e Bianco;Predatori del Mare
111359;Giulio Mario Pogliese;0;Dragoni Rossi;Rosso e Nero;Fiamme Rosse
111360;Urania Giulia Rosina Procacci;0;Fulmini Verdi;Verde e Giallo;Lampi Verdi
111361;Ferdinando Misiani;0;Fenici Rosse;Rosso e Arancione;Ali di Fuoco
111362;Palmiro Davico;0;Tigri Nere;Nero e Arancione;Tigri Infuocate
111363;Daniele Gaetano Morselli;0;Gatti Neri;Nero e Viola;
111364;Angelica Tocci;0;Fulmini Verdi;Verde e Giallo;Lampi Verdi
111365;Maria Battisti;0;Coccodrilli Verdi;Verde e Marrone;Coccodrilli d'Acciaio
111366;Angelica Mazzuconi;0;Squali Azzurri;Azzurro e Bianco;Predatori del Mare
111367;Anna Cinzia Perosino;0;Leoni Dorati;Giallo e Nero;Leoni Ruggenti
111368;Baldassare Burani Procaccini;0;Aquile Blu;Blu e Bianco;Aquile Volanti
111369;Grazia Meduri;0;Camaleonti Arcobaleno;Blu e Verde;Camaleonti Magici
111370;Bernabo' Astorre;0;Pantere Rosa;Rosa e Grigio;Pantere Fiere
111371;Hans Grasso;0;Volpi del Bosco;Blu e Rosso;Volpi Veloci
111372;Albertina Migone;0;Cinghiali Selvaggi;Marrone e Verde;Cinghiali Ruggenti
111373;Libero Brisca Menapace;0;Zebre Striate;Bianco e Rosso;Zebre Elettriche
111374;Maria Luisa Allegrini;0;Pinguini Polari;Bianco e Nero;
111375;Ivana Lopreiato;0;Elefanti Grigi;Nero e Bianco;Elefanti Titanici
111376;Concetta Maraventano;0;Orsi Polari;Bianco e Blu;
111377;Elvira Lucia Padua;0;Aquile Reali;Blu e Oro;Reali del Cielo
111378;Gianpaolo Pittella;0;Ippopotami Viola;Viola e Oro;
111379;Gaspare Antonio Fontana;0;Rinoceronti Blu;Verde e Argento;Rino Blu
111380;Nedo Lorenzo Pergreffi;0;Serpenti Dorati;Oro e Rosso;Serpenti Dorati
111381;Niccolo' Modica;0;Ippopotami Viola;Viola e Oro;
111382;Esteban Juan De Guidi;0;Pantere Rosa;Rosa e Grigio;Pantere Fiere
111383;Pasquale Bugnano;0;Volpi del Bosco;Blu e Rosso;Volpi Veloci
111384;Agnese Leone;0;Tigri Nere;Nero e Arancione;Tigri Infuocate
111385;Giorgio Aloisio;0;Gufi Notturni;Viola e Grigio;Occhi nella Notte
111386;Gelsomina D'ambrosio;0;Rinoceronti Blu;Verde e Argento;Rino Blu
111387;Pasquale Dato;0;Gatti Neri;Nero e Viola;
111388;Josefa Buemi;0;Pavoni Reali;Oro e Viola;Ali Reali
111389;Ida Maria Follieri;0;Tigri Nere;Nero e Arancione;Tigri Infuocate
111390;Tancredi Lonardo;0;Corvi della Tempesta;Grigio e Blu;Tempesta Oscura
111391;Lello Licastro Scardino;0;Pavoni Reali;Oro e Viola;Ali Reali
111392;Michelina La Pietra;0;Fenici Rosse;Rosso e Arancione;Ali di Fuoco
111393;Emilia Grazia Fabbri;0;Tigri Nere;Nero e Arancione;Tigri Infuocate
111394;Ivana Chiurazzi;0;Pinguini Polari;Bianco e Nero;
111395;Cristina Tubetti;0;Rinoceronti Blu;Verde e Argento;Rino Blu
111396;Gianrico Vescovi;0;Leoni Dorati;Giallo e Nero;Leoni Ruggenti
111397;Luisa Micheloni;0;Corvi della Tempesta;Grigio e Blu;Tempesta Oscura
111398;Fosco Toia;0;Gatti Neri;Nero e Viola;
111399;Sara Carraro;0;Leoni Dorati;Giallo e Nero;Leoni Ruggenti
111400;Lucio De Pin;0;Lupi del Nord;Bianco e Grigio;Ululati del Nord
111401;Michela Maccanico;0;Cavalli Selvaggi;Rosso e Argento;Cavalieri Selvaggi
111402;Felicia Treu;0;Lupi del Nord;Bianco e Grigio;Ululati del Nord
111403;Tony Chike Vallardi;0;Delfini Argentati;Argento e Nero;Onde Argentate
111404;Guido Walter Cesare Nardini;0;Tigri Nere;Nero e Arancione;Tigri Infuocate
111405;Giuseppina Vescovi;0;Aquile Reali;Blu e Oro;Reali del Cielo
111406;Ludovico Razzi;0;Fenici Rosse;Rosso e Arancione;Ali di Fuoco
111407;Tino Cociancich;0;Elefanti Grigi;Nero e Bianco;Elefanti Titanici
111408;Arnaldo Piccinelli;0;Fenici Rosse;Rosso e Arancione;Ali di Fuoco
111409;Edoardo Papatheu;0;Scorpioni Rossi;Giallo e Verde;Scorpioni d'Acciaio
111410;Roberto Torrisi;0;Pinguini Polari;Bianco e Nero;
111411;Olimpia Giordano;0;Cinghiali Selvaggi;Marrone e Verde;Cinghiali Ruggenti
111412;Livia Galioto;0;Scorpioni Rossi;Giallo e Verde;Scorpioni d'Acciaio
111413;Giacinto Gaudiano;0;Pavoni Reali;Oro e Viola;Ali Reali
111414;Diodato (darko) Pirro;0;Cinghiali Selvaggi;Marrone e Verde;Cinghiali Ruggenti
111415;Eugenio Guzzanti;0;Ippopotami Viola;Viola e Oro;
111416;Graziano Carcarino;0;Delfini Argentati;Argento e Nero;Onde Argentate
111417;Armando Pecoraro Scanio;0;Pavoni Reali;Oro e Viola;Ali Reali
111418;Luca Rigoni;0;Serpenti Dorati;Oro e Rosso;Serpenti Dorati
111419;Barbara Viviani;0;Fulmini Verdi;Verde e Giallo;Lampi Verdi
111420;Candido De Rigo;0;Tigri Nere;Nero e Arancione;Tigri Infuocate
111421;Guglielmo Lanzillotta;0;Gufi Notturni;Viola e Grigio;Occhi nella Notte
111422;Daniela Guerrieri Paleotti;0;Aquile Reali;Blu e Oro;Reali del Cielo
111423;Luigi Carrara;0;Aquile Blu;Blu e Bianco;Aquile Volanti
111424;Maria Laura Bassanini;0;Gufi Notturni;Viola e Grigio;Occhi nella Notte
111425;Helga Piglionica;0;Volpi del Bosco;Blu e Rosso;Volpi Veloci
111426;Tino Cario;0;Orsi Polari;Bianco e Blu;
111427;Rita Camusso;0;Squali Azzurri;Azzurro e Bianco;Predatori del Mare
111428;Silvana Marcucci;0;Gatti Neri;Nero e Viola;
111429;Giovanni Lorenzo Rigo;0;Pavoni Reali;Oro e Viola;Ali Reali
111430;Anna Rita Papatheu;0;Pinguini Polari;Bianco e Nero;
111431;Nello Irto;0;Pinguini Polari;Bianco e Nero;
111432;Angelica Rizzotti;0;Volpi del Bosco;Blu e Rosso;Volpi Veloci
111433;Lorenzo Bottici;0;Aquile Reali;Blu e Oro;Reali del Cielo
111434;Alberto Felice Simone Candura;0;Elefanti Grigi;Nero e Bianco;Elefanti Titanici
111435;Lido Ortolani;0;Dragoni Rossi;Rosso e Nero;Fiamme Rosse
111436;Antonio Tirelli;0;Falchi Grigi;Grigio e Nero;Falchi del Vento
111437;Walter Cappelletti;0;Gufi Notturni;Viola e Grigio;Occhi nella Notte
111438;Nerina Elia;0;Lupi del Nord;Bianco e Grigio;Ululati del Nord
111439;Marino Germano Durigon;0;Fenici Rosse;Rosso e Arancione;Ali di Fuoco
111440;Julia Serra;0;Tigri Nere;Nero e Arancione;Tigri Infuocate
111441;Giuliano Donaggio;0;Gufi Notturni;Viola e Grigio;Occhi nella Notte
111442;Francesca Ragno;0;Pavoni Reali;Oro e Viola;Ali Reali
111443;Marina Gamba;0;Dragoni Rossi;Rosso e Nero;Fiamme Rosse
111444;Gianni Pietro Pacifico;0;Fulmini Verdi;Verde e Giallo;Lampi Verdi
111445;Elvira Lucia Ruvolo;0;Aquile Blu;Blu e Bianco;Aquile Volanti
111446;Gabriella Ternullo;0;Pavoni Reali;Oro e Viola;Ali Reali
111447;Nuccio Veronesi;0;Cinghiali Selvaggi;Marrone e Verde;Cinghiali Ruggenti
111448;Ferdinando Toffanin;0;Volpi del Bosco;Blu e Rosso;Volpi Veloci
111449;Candido Garavaglia;0;Aquile Blu;Blu e Bianco;Aquile Volanti
111450;Livio Gawronski;0;Cavalli Selvaggi;Rosso e Argento;Cavalieri Selvaggi
111451;Italo Ria;0;Gufi Notturni;Viola e Grigio;Occhi nella Notte
111452;Antonio Salvatore Crisafulli;0;Leoni Dorati;Giallo e Nero;Leoni Ruggenti
111453;Julia Bodega;0;Gufi Notturni;Viola e Grigio;Occhi nella Notte
111454;Walter Tirelli;0;Dragoni Rossi;Rosso e Nero;Fiamme Rosse
111455;Liborio Conzatti;0;Zebre Striate;Bianco e Rosso;Zebre Elettriche
111456;Giampaolo Cardiello;0;Fenici Rosse;Rosso e Arancione;Ali di Fuoco
111457;Giulio Dessi';0;Aquile Reali;Blu e Oro;Reali del Cielo
111458;Gianluigi Castagnetti;0;Pinguini Polari;Bianco e Nero;
111459;Ivan Giannuzzi;0;Pavoni Reali;Oro e Viola;Ali Reali
111460;Gilberto Confalonieri;0;Aquile Reali;Blu e Oro;Reali del Cielo
111461;Michaela Lavagnini;0;Serpenti Dorati;Oro e Rosso;Serpenti Dorati
111462;Michele Arcangelo Stefani;0;Gufi Notturni;Viola e Grigio;Occhi nella Notte
111463;Egidio Enrico Modena;0;Ippopotami Viola;Viola e Oro;
111464;Gianni Fuda;0;Orsi Polari;Bianco e Blu;
111465;Agnese Toia;0;Pavoni Reali;Oro e Viola;Ali Reali
111466;Emilio Nicola Scanu;0;Aquile Reali;Blu e Oro;Reali del Cielo
111467;Simone Tronti;0;Cinghiali Selvaggi;Marrone e Verde;Cinghiali Ruggenti
111468;Ivo Chiaromonte;0;Lupi del Nord;Bianco e Grigio;Ululati del Nord
111469;Calogero Villari;0;Dragoni Rossi;Rosso e Nero;Fiamme Rosse
111470;Natale Maria Alfonso Vedovato;0;Lupi del Nord;Bianco e Grigio;Ululati del Nord
111471;Maria Antonietta Spinelli;0;Lupi del Nord;Bianco e Grigio;Ululati del Nord
111472;Nerina Borroni;0;Leoni Dorati;Giallo e Nero;Leoni Ruggenti
111473;Corrado Cicolani;0;Fulmini Verdi;Verde e Giallo;Lampi Verdi
111474;Marzia Mirabelli;0;Aquile Reali;Blu e Oro;Reali del Cielo
111475;Federica Vattuone;0;Falchi Grigi;Grigio e Nero;Falchi del Vento
111476;Ettore Antonio Valli;0;Dragoni Rossi;Rosso e Nero;Fiamme Rosse
111477;Ester Lucidi;0;Delfini Argentati;Argento e Nero;Onde Argentate
111478;Filomeno Biagio Ostellari;0;Squali Azzurri;Azzurro e Bianco;Predatori del Mare
111479;Mauro Antonio Donato Biasco;0;Camaleonti Arcobaleno;Blu e Verde;Camaleonti Magici
111480;Davide Bosello;0;Aquile Blu;Blu e Bianco;Aquile Volanti
111481;Ettore Barcaiuolo;0;Serpenti Dorati;Oro e Rosso;Serpenti Dorati
111482;Valentino Marcenaro;0;Coccodrilli Verdi;Verde e Marrone;Coccodrilli d'Acciaio
111483;Tiziano Amato;0;Pavoni Reali;Oro e Viola;Ali Reali
111484;Massimo Cazzaro;0;Delfini Argentati;Argento e Nero;Onde Argentate
111485;Danila Mineo;0;Lupi del Nord;Bianco e Grigio;Ululati del Nord
111486;Palmiro Pagliarulo;0;Corvi della Tempesta;Grigio e Blu;Tempesta Oscura
111487;Raoul Pesco;0;Serpenti Dorati;Oro e Rosso;Serpenti Dorati
111488;Carlo Luigi Simeoni;0;Rinoceronti Blu;Verde e Argento;Rino Blu
111489;Clemente Perosino;0;Ippopotami Viola;Viola e Oro;
111490;Giampaolo Villari;0;Aquile Reali;Blu e Oro;Reali del Cielo
111491;Elena Serafini;0;Leoni Dorati;Giallo e Nero;Leoni Ruggenti
111492;Guglielmo Antonione;0;Pinguini Polari;Bianco e Nero;
111493;Simone Lorenzin;0;Scorpioni Rossi;Giallo e Verde;Scorpioni d'Acciaio
111494;Adriano Cioffi;0;Serpenti Dorati;Oro e Rosso;Serpenti Dorati
111495;Antonio Franco Boldrini;0;Orsi Polari;Bianco e Blu;
111496;Luigi Rotelli;0;Cinghiali Selvaggi;Marrone e Verde;Cinghiali Ruggenti
111497;Armando Giovanardi;0;Zebre Striate;Bianco e Rosso;Zebre Elettriche
111498;Michela Marcheschi;0;Gufi Notturni;Viola e Grigio;Occhi nella Notte
111499;Antonio Livi Bacci;0;Cavalli Selvaggi;Rosso e Argento;Cavalieri Selvaggi
111500;Liborio Del Pennino;0;Camaleonti Arcobaleno;Blu e Verde;Camaleonti Magici
111501;Nello Padua;0;Cinghiali Selvaggi;Marrone e Verde;Cinghiali Ruggenti
111502;Giuseppe Francesco Maria Di Stefano;0;Scorpioni Rossi;Giallo e Verde;Scorpioni d'Acciaio
111503;Roberto Comincioli;0;Volpi del Bosco;Blu e Rosso;Volpi Veloci
111504;Gianluigi Bignami;0;Leoni Dorati;Giallo e Nero;Leoni Ruggenti
111505;Maria Claudia Orru';0;Squali Azzurri;Azzurro e Bianco;Predatori del Mare
111506;Natale Maria Alfonso Bonfrisco;0;Pantere Rosa;Rosa e Grigio;Pantere Fiere
111507;Vera Liliana Occhipinti;0;Gatti Neri;Nero e Viola;
111508;Amintore Passigli;0;Aquile Blu;Blu e Bianco;Aquile Volanti
111509;Pamela Giacoma Giovanna Di Lello Finuoli;0;Cavalieri d'Argento;Argento e Blu;
111510;Vito Claudio Bruno Ganeri;0;Scorpioni Rossi;Giallo e Verde;Scorpioni d'Acciaio
111511;Daisy Compagna;0;Scorpioni Rossi;Giallo e Verde;Scorpioni d'Acciaio
111512;Vidmer Naro;0;Cinghiali Selvaggi;Marrone e Verde;Cinghiali Ruggenti
111513;Giannicola Manconi;0;Aquile Blu;Blu e Bianco;Aquile Volanti
111514;Gaspare Antonio Cursi;0;Fenici Rosse;Rosso e Arancione;Ali di Fuoco
111515;Gian Marco Barbolini;0;Elefanti Grigi;Nero e Bianco;Elefanti Titanici
111516;Bianca Laura Valli;0;Delfini Argentati;Argento e Nero;Onde Argentate
111517;Stanislao Bergamo;0;Cavalli Selvaggi;Rosso e Argento;Cavalieri Selvaggi
111518;Alessia Briziarelli;0;Leoni Dorati;Giallo e Nero;Leoni Ruggenti
111519;Nino Merlo;0;Corvi della Tempesta;Grigio e Blu;Tempesta Oscura
111520;Barbara Vitali;0;Cinghiali Selvaggi;Marrone e Verde;Cinghiali Ruggenti
111521;Federico Perrin;0;Tigri Nere;Nero e Arancione;Tigri Infuocate
111522;Salvatore Amorena;0;Fenici Rosse;Rosso e Arancione;Ali di Fuoco
111523;Piergiorgio Cutrufo;0;Leoni Dorati;Giallo e Nero;Leoni Ruggenti
111524;Giovanni Pietro Floris;0;Pantere Rosa;Rosa e Grigio;Pantere Fiere
111525;Massimo Bodega;0;Gatti Neri;Nero e Viola;
111526;Alessandra Paita;0;Fulmini Verdi;Verde e Giallo;Lampi Verdi
111527;Filomeno Biagio Scoma;0;Falchi Grigi;Grigio e Nero;Falchi del Vento
111528;Adriana Puglisi;0;Corvi della Tempesta;Grigio e Blu;Tempesta Oscura
111529;Fabrizio Cerno;0;Pinguini Polari;Bianco e Nero;
111530;Dorina Vallone;0;Rinoceronti Blu;Verde e Argento;Rino Blu
111531;Piergiorgio Barelli;0;Cavalieri d'Argento;Argento e Blu;
111532;Nando Mundi;0;Squali Azzurri;Azzurro e Bianco;Predatori del Mare
111533;Nando Vallardi;0;Lupi del Nord;Bianco e Grigio;Ululati del Nord
111534;Ersilia Marti;0;Cinghiali Selvaggi;Marrone e Verde;Cinghiali Ruggenti
111535;Furio Stefano;0;Corvi della Tempesta;Grigio e Blu;Tempesta Oscura
111536;Mauro Tesei;0;Falchi Grigi;Grigio e Nero;Falchi del Vento
111537;Stelio Chirilli;0;Leoni Dorati;Giallo e Nero;Leoni Ruggenti
111538;Giulia Buccarella;0;Cavalli Selvaggi;Rosso e Argento;Cavalieri Selvaggi
111539;Claudio Di Maggio;0;Squali Azzurri;Azzurro e Bianco;Predatori del Mare
111540;Maurizio Volcic;0;Delfini Argentati;Argento e Nero;Onde Argentate
111541;Fabio Quagliariello;0;Serpenti Dorati;Oro e Rosso;Serpenti Dorati
111542;Carmelo Sbrana;0;Fulmini Verdi;Verde e Giallo;Lampi Verdi
111543;Davide Monti;0;Volpi del Bosco;Blu e Rosso;Volpi Veloci
111544;Antonio Salvatore Terracini;0;Aquile Reali;Blu e Oro;Reali del Cielo
111545;Albert Crisanti;0;Pantere Rosa;Rosa e Grigio;Pantere Fiere
111546;Giuseppe Francesco Maria Bucalo;0;Ippopotami Viola;Viola e Oro;
111547;Sante Bettini;0;Delfini Argentati;Argento e Nero;Onde Argentate
111548;Franca Cursi;0;Coccodrilli Verdi;Verde e Marrone;Coccodrilli d'Acciaio
111549;Maria Paola Ciarrapico;0;Gatti Neri;Nero e Viola;
111550;Santo Buccico;0;Pavoni Reali;Oro e Viola;Ali Reali
111551;Sergio Lanzi;0;Camaleonti Arcobaleno;Blu e Verde;Camaleonti Magici
111552;Virginia Ognibene;0;Falchi Grigi;Grigio e Nero;Falchi del Vento
111553;Raffaele Angius;0;Elefanti Grigi;Nero e Bianco;Elefanti Titanici
111554;Piergiorgio Farolfi;0;Cavalieri d'Argento;Argento e Blu;
111555;Remigio Gambini;0;Scorpioni Rossi;Giallo e Verde;Scorpioni d'Acciaio
111556;Agnese Mineo;0;Orsi Polari;Bianco e Blu;
111557;Baldassare Melchiorre;0;Corvi della Tempesta;Grigio e Blu;Tempesta Oscura
111558;Natale Maria Alfonso Tecce;0;Leoni Dorati;Giallo e Nero;Leoni Ruggenti
111559;Lino Morra;0;Cavalieri d'Argento;Argento e Blu;
111560;Antonio Michele Carpinelli;0;Scorpioni Rossi;Giallo e Verde;Scorpioni d'Acciaio
111561;Andrea Carmine Lisi;0;Squali Azzurri;Azzurro e Bianco;Predatori del Mare
111562;Raffaela Blundo;0;Pantere Rosa;Rosa e Grigio;Pantere Fiere
111563;Candido Magni;0;Tigri Nere;Nero e Arancione;Tigri Infuocate
111564;Clemente Patriarca;0;Orsi Polari;Bianco e Blu;
111565;Susanna Donatella Sudano;0;Delfini Argentati;Argento e Nero;Onde Argentate
111566;Angelica Lago;0;Ippopotami Viola;Viola e Oro;
111567;Nunzia D'alessandro Prisco;0;Corvi della Tempesta;Grigio e Blu;Tempesta Oscura
111568;Enrico Marcenaro;0;Leoni Dorati;Giallo e Nero;Leoni Ruggenti
111569;Vanna Rapani;0;Fulmini Verdi;Verde e Giallo;Lampi Verdi
111570;Marino Germano Mussini;0;Pantere Rosa;Rosa e Grigio;Pantere Fiere
111571;Marta Menia;0;Aquile Blu;Blu e Bianco;Aquile Volanti
111572;Jonny Forlani;0;Orsi Polari;Bianco e Blu;
111573;Sergio Borghesi;0;Aquile Blu;Blu e Bianco;Aquile Volanti
111574;Adelaide Dettori;0;Scorpioni Rossi;Giallo e Verde;Scorpioni d'Acciaio
111575;Rossano Pagliarulo;0;Ippopotami Viola;Viola e Oro;
111576;Giovanbattista Gagliardi;0;Tigri Nere;Nero e Arancione;Tigri Infuocate
111577;Vittoria Della Monica;0;Pantere Rosa;Rosa e Grigio;Pantere Fiere
111578;Elisa Levi-montalcini;0;Ippopotami Viola;Viola e Oro;
111579;Pierfrancesco Emilio Romano Fabbri;0;Pantere Rosa;Rosa e Grigio;Pantere Fiere
111580;Milziade Buemi;0;Cavalli Selvaggi;Rosso e Argento;Cavalieri Selvaggi
111581;Emma Gualdani;0;Fenici Rosse;Rosso e Arancione;Ali di Fuoco
111582;Tony Chike Campanella;0;Tigri Nere;Nero e Arancione;Tigri Infuocate
111583;Mario Pignedoli;0;Cavalli Selvaggi;Rosso e Argento;Cavalieri Selvaggi
111584;Guglielmo Pergreffi;0;Serpenti Dorati;Oro e Rosso;Serpenti Dorati
111585;Sabrina Forcieri;0;Orsi Polari;Bianco e Blu;
111586;Francesca Davico;0;Leoni Dorati;Giallo e Nero;Leoni Ruggenti
111587;Sante Bitonci;0;Cavalieri d'Argento;Argento e Blu;
111588;Maria Alessandra Nannicini;0;Corvi della Tempesta;Grigio e Blu;Tempesta Oscura
111589;Antonio Franco Morra;0;Delfini Argentati;Argento e Nero;Onde Argentate
111590;Sara Degennaro;0;Delfini Argentati;Argento e Nero;Onde Argentate
111591;Susanna Lina Giulia Trentacoste;0;Corvi della Tempesta;Grigio e Blu;Tempesta Oscura
111592;Adriana Battisti;0;Pinguini Polari;Bianco e Nero;
111593;Vito Claudio Siclari;0;Dragoni Rossi;Rosso e Nero;Fiamme Rosse
111594;Lionello De Corato;0;Cinghiali Selvaggi;Marrone e Verde;Cinghiali Ruggenti
111595;Rina Misserville;0;Volpi del Bosco;Blu e Rosso;Volpi Veloci
111596;Donato Sarto;0;Volpi del Bosco;Blu e Rosso;Volpi Veloci
111597;Emiddio Di Biagio;0;Fulmini Verdi;Verde e Giallo;Lampi Verdi
111598;Antonino Versace;0;Cavalli Selvaggi;Rosso e Argento;Cavalieri Selvaggi
111599;Bruno Pace;0;Leoni Dorati;Giallo e Nero;Leoni Ruggenti
111600;Susanna Lina Giulia Berutti;0;Corvi della Tempesta;Grigio e Blu;Tempesta Oscura
111601;Agazio Tomaselli;0;Coccodrilli Verdi;Verde e Marrone;Coccodrilli d'Acciaio
111602;Pasquale Del Vecchio;0;Fulmini Verdi;Verde e Giallo;Lampi Verdi
111603;Jonny Massucco;0;Gufi Notturni;Viola e Grigio;Occhi nella Notte
111604;Linda Lo Curzio;0;Serpenti Dorati;Oro e Rosso;Serpenti Dorati
111605;Nunzia Berlusconi;0;Squali Azzurri;Azzurro e Bianco;Predatori del Mare
111606;Dario Boldi;0;Orsi Polari;Bianco e Blu;
111607;Pierantonio Conzatti;0;Lupi del Nord;Bianco e Grigio;Ululati del Nord
111608;Tommaso Aloisio;0;Cinghiali Selvaggi;Marrone e Verde;Cinghiali Ruggenti
111609;Alberto Adalgisio Caforio;0;Cavalli Selvaggi;Rosso e Argento;Cavalieri Selvaggi
111610;Pasquale Alderisi;0;Zebre Striate;Bianco e Rosso;Zebre Elettriche
111611;Corrado Daniele Galdi;0;Aquile Reali;Blu e Oro;Reali del Cielo
111612;Massimiliano Pera;0;Cavalieri d'Argento;Argento e Blu;
111613;Maurizio Lunardi;0;Gufi Notturni;Viola e Grigio;Occhi nella Notte
111614;Nicoletta Alfonzi;0;Leoni Dorati;Giallo e Nero;Leoni Ruggenti
111615;Alan Galimberti;0;Pantere Rosa;Rosa e Grigio;Pantere Fiere
111616;Giuseppe Onorato Benito Crema;0;Orsi Polari;Bianco e Blu;
111617;Filomeno Biagio Lomuti;0;Serpenti Dorati;Oro e Rosso;Serpenti Dorati
111618;Guglielmo Garavaglia;0;Cavalieri d'Argento;Argento e Blu;
111619;Giuliana Sensi;0;Cinghiali Selvaggi;Marrone e Verde;Cinghiali Ruggenti
111620;Albert Manfredi;0;Orsi Polari;Bianco e Blu;
111621;Silvana Andreina Staniscia;0;Gufi Notturni;Viola e Grigio;Occhi nella Notte
111622;Giuseppe Lezzi;0;Tigri Nere;Nero e Arancione;Tigri Infuocate
111623;Rita Bianchi;0;Fenici Rosse;Rosso e Arancione;Ali di Fuoco
111624;Nazario Follini;0;Corvi della Tempesta;Grigio e Blu;Tempesta Oscura
111625;Ugo Pasquini;0;Dragoni Rossi;Rosso e Nero;Fiamme Rosse
111626;Denis D'ubaldo;0;Gufi Notturni;Viola e Grigio;Occhi nella Notte
111627;Danilo Donaggio;0;Squali Azzurri;Azzurro e Bianco;Predatori del Mare
111628;Gianmauro Bellanova;0;Pantere Rosa;Rosa e Grigio;Pantere Fiere
111629;Vanna Garruti;0;Cavalli Selvaggi;Rosso e Argento;Cavalieri Selvaggi
111630;Aurelio Giuseppe Tesei;0;Pavoni Reali;Oro e Viola;Ali Reali
111631;Massimo Vittorio Cattaneo;0;Pantere Rosa;Rosa e Grigio;Pantere Fiere
111632;Nedo Lorenzo Gasperini;0;Scorpioni Rossi;Giallo e Verde;Scorpioni d'Acciaio
111633;Rossana Croatti;0;Cavalli Selvaggi;Rosso e Argento;Cavalieri Selvaggi
111634;Fiammetta Speranzon;0;Scorpioni Rossi;Giallo e Verde;Scorpioni d'Acciaio
111635;Bruno Ginetti;0;Lupi del Nord;Bianco e Grigio;Ululati del Nord
111636;Giuseppe Luigi Salvatore Pellegrino;0;Lupi del Nord;Bianco e Grigio;Ululati del Nord
111637;Julia Napolitano;0;Gufi Notturni;Viola e Grigio;Occhi nella Notte
111638;Valeria Blundo;0;Serpenti Dorati;Oro e Rosso;Serpenti Dorati
111639;Enzo Preioni;0;Aquile Blu;Blu e Bianco;Aquile Volanti
111640;Gianclaudio Milio;0;Pinguini Polari;Bianco e Nero;
111641;Vincenzo Buccarella;0;Rinoceronti Blu;Verde e Argento;Rino Blu
111642;Liliana Coronella;0;Corvi della Tempesta;Grigio e Blu;Tempesta Oscura
111643;Olimpia Galliani;0;Pantere Rosa;Rosa e Grigio;Pantere Fiere
111644;Claudio Passigli;0;Pinguini Polari;Bianco e Nero;
111645;Gabriele Pastore;0;Rinoceronti Blu;Verde e Argento;Rino Blu
111646;Maria Paola Mele;0;Gatti Neri;Nero e Viola;
111647;Patrizio Steger;0;Squali Azzurri;Azzurro e Bianco;Predatori del Mare
111648;Athos Rauti;0;Volpi del Bosco;Blu e Rosso;Volpi Veloci
111649;Fedele Alderisi;0;Rinoceronti Blu;Verde e Argento;Rino Blu
111650;Egidio Dini;0;Aquile Blu;Blu e Bianco;Aquile Volanti
111651;Basilio Biancofiore;0;Corvi della Tempesta;Grigio e Blu;Tempesta Oscura
111652;Carlo Luigi De Santis;0;Ippopotami Viola;Viola e Oro;
111653;Fiorello Galli;0;Pinguini Polari;Bianco e Nero;
111654;Maria Celeste Cucca;0;Squali Azzurri;Azzurro e Bianco;Predatori del Mare
111655;Filippo Cappelletti;0;Elefanti Grigi;Nero e Bianco;Elefanti Titanici
111656;Gian Carlo Naccarato;0;Leoni Dorati;Giallo e Nero;Leoni Ruggenti
111657;Ruggiero Giannuzzi;0;Ippopotami Viola;Viola e Oro;
111658;Peppe Cosentino;0;Dragoni Rossi;Rosso e Nero;Fiamme Rosse
111659;Lamberto Gaetti;0;Rinoceronti Blu;Verde e Argento;Rino Blu
111660;Monica Testor;0;Squali Azzurri;Azzurro e Bianco;Predatori del Mare
111661;Ilaria Scalera;0;Cinghiali Selvaggi;Marrone e Verde;Cinghiali Ruggenti
111662;Francesco Saverio Massidda;0;Aquile Reali;Blu e Oro;Reali del Cielo
111663;Romualdo Vittorio Ceccanti;0;Ippopotami Viola;Viola e Oro;
111664;Raffaela Fasano;0;Lupi del Nord;Bianco e Grigio;Ululati del Nord
111665;Antonio Stefano Spinello;0;Dragoni Rossi;Rosso e Nero;Fiamme Rosse
111666;Vito Claudio De Gregorio;0;Rinoceronti Blu;Verde e Argento;Rino Blu
111667;Angela Mazzoni;0;Rinoceronti Blu;Verde e Argento;Rino Blu
111668;Rosaria De Biasi;0;Lupi del Nord;Bianco e Grigio;Ululati del Nord
111669;Angela Croatti;0;Scorpioni Rossi;Giallo e Verde;Scorpioni d'Acciaio
111670;Antonio Michele Gustavino;0;Dragoni Rossi;Rosso e Nero;Fiamme Rosse
111671;Sabrina Borghesi;0;Tigri Nere;Nero e Arancione;Tigri Infuocate
111672;Pippo Durigon;0;Rinoceronti Blu;Verde e Argento;Rino Blu
111673;Marta Margiotta;0;Aquile Reali;Blu e Oro;Reali del Cielo
111674;Olimpia Rotondi;0;Scorpioni Rossi;Giallo e Verde;Scorpioni d'Acciaio
111675;Virginia Paglini;0;Rinoceronti Blu;Verde e Argento;Rino Blu
111676;Bernabo' Scarpa Bonazza Buora;0;Serpenti Dorati;Oro e Rosso;Serpenti Dorati
111677;Sandro Andreotti;0;Pavoni Reali;Oro e Viola;Ali Reali
111678;Renzo Gasperini;0;Aquile Reali;Blu e Oro;Reali del Cielo
111679;Nicoletta Cirinna';0;Delfini Argentati;Argento e Nero;Onde Argentate
111680;Cosimo Daniele Galdi;0;Pinguini Polari;Bianco e Nero;
111681;Sara Cioffi;0;Pinguini Polari;Bianco e Nero;
111682;Eva Mininno;0;Tigri Nere;Nero e Arancione;Tigri Infuocate
111683;Erica Vallone;0;Ippopotami Viola;Viola e Oro;
111684;Luigi Parola;0;Cinghiali Selvaggi;Marrone e Verde;Cinghiali Ruggenti
111685;Daria Iorio;0;Elefanti Grigi;Nero e Bianco;Elefanti Titanici
111686;Tiziana Carmela Rosaria Figurelli;0;Serpenti Dorati;Oro e Rosso;Serpenti Dorati
111687;Silvio Emilio Buccico;0;Pinguini Polari;Bianco e Nero;
111688;Ulisse Bressa;0;Volpi del Bosco;Blu e Rosso;Volpi Veloci
111689;Maria Ida Pasquali;0;Gatti Neri;Nero e Viola;
111690;Vladimiro Carlino;0;Aquile Blu;Blu e Bianco;Aquile Volanti
111691;Gianpietro Bubbico;0;Volpi del Bosco;Blu e Rosso;Volpi Veloci
111692;Carlo Azeglio Longhi;0;Corvi della Tempesta;Grigio e Blu;Tempesta Oscura
111693;Mirella Cangini;0;Serpenti Dorati;Oro e Rosso;Serpenti Dorati
111694;Ivan Pedrini;0;Lupi del Nord;Bianco e Grigio;Ululati del Nord
111695;Giusy Pieroni;0;Elefanti Grigi;Nero e Bianco;Elefanti Titanici
111696;Sonia Lucherini;0;Leoni Dorati;Giallo e Nero;Leoni Ruggenti
111697;Nino Divella;0;Dragoni Rossi;Rosso e Nero;Fiamme Rosse
111698;Paola Coviello;0;Leoni Dorati;Giallo e Nero;Leoni Ruggenti
111699;Adriano Squarcialupi;0;Falchi Grigi;Grigio e Nero;Falchi del Vento
111700;Valter Pianasso;0;Pinguini Polari;Bianco e Nero;
111701;Leopoldo De Carolis;0;Scorpioni Rossi;Giallo e Verde;Scorpioni d'Acciaio
111702;Adriana Boldrini;0;Coccodrilli Verdi;Verde e Marrone;Coccodrilli d'Acciaio
111703;Nicola D'ascola;0;Zebre Striate;Bianco e Rosso;Zebre Elettriche
111704;Leonzio Scognamiglio Pasini;0;Leoni Dorati;Giallo e Nero;Leoni Ruggenti
111705;Giovanni Piglionica;0;Serpenti Dorati;Oro e Rosso;Serpenti Dorati
111706;Nino Polledri;0;Pavoni Reali;Oro e Viola;Ali Reali
111707;Annamaria Damiani;0;Corvi della Tempesta;Grigio e Blu;Tempesta Oscura
111708;Maurizio Dettori;0;Ippopotami Viola;Viola e Oro;
111709;Vilma Ginetti;0;Dragoni Rossi;Rosso e Nero;Fiamme Rosse
111710;Mariapia Lubrano Di Ricco;0;Fulmini Verdi;Verde e Giallo;Lampi Verdi
111711;Pierantonio Pisa;0;Ippopotami Viola;Viola e Oro;
111712;Vincenza Manieri;0;Gufi Notturni;Viola e Grigio;Occhi nella Notte
111713;Salvatore Tito Taricco;0;Coccodrilli Verdi;Verde e Marrone;Coccodrilli d'Acciaio
111714;Francesca Nastri;0;Delfini Argentati;Argento e Nero;Onde Argentate
111715;Accursio Vertone;0;Scorpioni Rossi;Giallo e Verde;Scorpioni d'Acciaio
111716;Eva De Monte;0;Orsi Polari;Bianco e Blu;
111717;Oreste Segre;0;Lupi del Nord;Bianco e Grigio;Ululati del Nord
111718;Beatrice Dato;0;Cavalieri d'Argento;Argento e Blu;
111719;Gaetano Naro;0;Coccodrilli Verdi;Verde e Marrone;Coccodrilli d'Acciaio
111720;Gaspare Antonio Testor;0;Rinoceronti Blu;Verde e Argento;Rino Blu
111721;Edoardo Ferrero;0;Ippopotami Viola;Viola e Oro;
111722;Silvio Emilio Piloni;0;Ippopotami Viola;Viola e Oro;
111723;Emiddio Borea;0;Tigri Nere;Nero e Arancione;Tigri Infuocate
111724;Maria Domenica Drago;0;Pantere Rosa;Rosa e Grigio;Pantere Fiere
111725;Dario Martelli;0;Volpi del Bosco;Blu e Rosso;Volpi Veloci
111726;Lorenzo Emilio De Vecchis;0;Zebre Striate;Bianco e Rosso;Zebre Elettriche
111727;Marilena Campus;0;Orsi Polari;Bianco e Blu;
111728;Emilio Nicola Galardi;0;Dragoni Rossi;Rosso e Nero;Fiamme Rosse
111729;Tony Chike D'adda;0;Fulmini Verdi;Verde e Giallo;Lampi Verdi
111730;Andrea Lo Giudice;0;Corvi della Tempesta;Grigio e Blu;Tempesta Oscura
111731;Etelwardo Federici;0;Fulmini Verdi;Verde e Giallo;Lampi Verdi
111732;Fernando Allegrini;0;Aquile Blu;Blu e Bianco;Aquile Volanti
111733;Franco Lannutti;0;Zebre Striate;Bianco e Rosso;Zebre Elettriche
111734;Corradino Satta;0;Aquile Reali;Blu e Oro;Reali del Cielo
111735;Alfredo Pasquali;0;Rinoceronti Blu;Verde e Argento;Rino Blu
111736;Loris Giuseppe Di Biagio;0;Volpi del Bosco;Blu e Rosso;Volpi Veloci
111737;Vincenza Lanzi;0;Zebre Striate;Bianco e Rosso;Zebre Elettriche
111738;Filadelfio Guido Zancan;0;Aquile Blu;Blu e Bianco;Aquile Volanti
111739;Tiziana Carmela Rosaria Nava;0;Gufi Notturni;Viola e Grigio;Occhi nella Notte
111740;Paola Scarpinato;0;Dragoni Rossi;Rosso e Nero;Fiamme Rosse
111741;Meinhard Ghigo;0;Camaleonti Arcobaleno;Blu e Verde;Camaleonti Magici
111742;Alberto Felice Simone Palmizio;0;Fenici Rosse;Rosso e Arancione;Ali di Fuoco
111743;Vincenza Viserta Costantini;0;Orsi Polari;Bianco e Blu;
111744;Ortensio Giammanco;0;Scorpioni Rossi;Giallo e Verde;Scorpioni d'Acciaio
111745;Susy Porcari;0;Falchi Grigi;Grigio e Nero;Falchi del Vento
111746;Giuliomaria Amato;0;Lupi del Nord;Bianco e Grigio;Ululati del Nord
111747;Ettore Pietro Liotta;0;Scorpioni Rossi;Giallo e Verde;Scorpioni d'Acciaio
111748;Gian Marco Campanella;0;Pinguini Polari;Bianco e Nero;
111749;Felicia Guerrieri Paleotti;0;Ippopotami Viola;Viola e Oro;
111750;Nicolo' Malentacchi;0;Lupi del Nord;Bianco e Grigio;Ululati del Nord
111751;Piergiorgio Fattori;0;Cavalli Selvaggi;Rosso e Argento;Cavalieri Selvaggi
111752;Mario Manassero;0;Tigri Nere;Nero e Arancione;Tigri Infuocate
111753;Piero De Martino;0;Camaleonti Arcobaleno;Blu e Verde;Camaleonti Magici
111754;Luciano Florino;0;Delfini Argentati;Argento e Nero;Onde Argentate
111755;Caterina Galliani;0;Tigri Nere;Nero e Arancione;Tigri Infuocate
111756;Ivana Moronese;0;Leoni Dorati;Giallo e Nero;Leoni Ruggenti
111757;Romano Testor;0;Falchi Grigi;Grigio e Nero;Falchi del Vento
111758;Anna Spadoni Urbani;0;Corvi della Tempesta;Grigio e Blu;Tempesta Oscura
111759;Luis Alberto Agostinelli;0;Volpi del Bosco;Blu e Rosso;Volpi Veloci
111760;Manfred Ruspandini;0;Volpi del Bosco;Blu e Rosso;Volpi Veloci
111761;Fosco Moro;0;Gufi Notturni;Viola e Grigio;Occhi nella Notte
111762;Peppe Lombardo;0;Orsi Polari;Bianco e Blu;
111763;Maria Ida Mandelli;0;Coccodrilli Verdi;Verde e Marrone;Coccodrilli d'Acciaio
111764;Corradino Maconi;0;Rinoceronti Blu;Verde e Argento;Rino Blu
111765;Magda Angela Tecce;0;Gatti Neri;Nero e Viola;
111766;Benedetto Turini;0;Gatti Neri;Nero e Viola;
111767;Rosellina Manca;0;Pavoni Reali;Oro e Viola;Ali Reali
111768;Giuseppe Tommaso Vincenzo De Simone;0;Cinghiali Selvaggi;Marrone e Verde;Cinghiali Ruggenti
111769;Gavino Camerini;0;Volpi del Bosco;Blu e Rosso;Volpi Veloci
111770;Elisa Labellarte;0;Cavalli Selvaggi;Rosso e Argento;Cavalieri Selvaggi
111771;Maria Fortuna Giorgis;0;Gufi Notturni;Viola e Grigio;Occhi nella Notte
111772;Nunzia Izzo;0;Cinghiali Selvaggi;Marrone e Verde;Cinghiali Ruggenti
111773;Francesco Maria Toffanin;0;Elefanti Grigi;Nero e Bianco;Elefanti Titanici
111774;Josefa Erroi;0;Pavoni Reali;Oro e Viola;Ali Reali
111775;Cristina Ronchi;0;Serpenti Dorati;Oro e Rosso;Serpenti Dorati
111776;Ida Parrini;0;Ippopotami Viola;Viola e Oro;
111777;Beppe Rebuzzi;0;Ippopotami Viola;Viola e Oro;
111778;Lidia Evangelista;0;Serpenti Dorati;Oro e Rosso;Serpenti Dorati
111779;Margherita Iurlaro;0;Aquile Reali;Blu e Oro;Reali del Cielo
111780;Alberto Felice Simone Bianchi;0;Dragoni Rossi;Rosso e Nero;Fiamme Rosse
111781;Rosa Silvana Benedetti Valentini;0;Pinguini Polari;Bianco e Nero;
111782;Angela Anna Bruna Liris;0;Cavalieri d'Argento;Argento e Blu;
111783;Gino Bugnano;0;Leoni Dorati;Giallo e Nero;Leoni Ruggenti
111784;Learco Comaroli;0;Rinoceronti Blu;Verde e Argento;Rino Blu
111785;Vincenzo Petrucci;0;Pinguini Polari;Bianco e Nero;
111786;Giacinto Pisani;0;Dragoni Rossi;Rosso e Nero;Fiamme Rosse
111787;Maria Grazia Corsini;0;Fenici Rosse;Rosso e Arancione;Ali di Fuoco
111788;Alessandra Albertini;0;Gufi Notturni;Viola e Grigio;Occhi nella Notte
111789;Fulvia Michela Cosentino;0;Rinoceronti Blu;Verde e Argento;Rino Blu
111790;Graziano Morra;0;Cavalli Selvaggi;Rosso e Argento;Cavalieri Selvaggi
111791;Umberto Pedrini;0;Squali Azzurri;Azzurro e Bianco;Predatori del Mare
111792;Francesco Maria Doria;0;Pantere Rosa;Rosa e Grigio;Pantere Fiere
111793;Giorgio Mancuso;0;Cinghiali Selvaggi;Marrone e Verde;Cinghiali Ruggenti
111794;Elvira Lucia Castaldi;0;Dragoni Rossi;Rosso e Nero;Fiamme Rosse
111795;Lanfranco Fusco;0;Fenici Rosse;Rosso e Arancione;Ali di Fuoco
111796;Vittorio Vegas;0;Pantere Rosa;Rosa e Grigio;Pantere Fiere
111797;Francesco Antonio Tocci;0;Cavalieri d'Argento;Argento e Blu;
111798;Stelio Cortiana;0;Pavoni Reali;Oro e Viola;Ali Reali
111799;Giovanni Pietro Figurelli;0;Ippopotami Viola;Viola e Oro;
111800;Cecilia Cociancich;0;Rinoceronti Blu;Verde e Argento;Rino Blu
111801;Danila Maconi;0;Coccodrilli Verdi;Verde e Marrone;Coccodrilli d'Acciaio
111802;Gianpietro Guasti;0;Elefanti Grigi;Nero e Bianco;Elefanti Titanici
111803;Patrizia Schifani;0;Aquile Reali;Blu e Oro;Reali del Cielo
111804;Ortensio Minzolini;0;Ippopotami Viola;Viola e Oro;
111805;Tamara Albertini;0;Scorpioni Rossi;Giallo e Verde;Scorpioni d'Acciaio
111806;Bartolomeo Sinisi;0;Cavalieri d'Argento;Argento e Blu;
111807;Marilena Borea;0;Aquile Reali;Blu e Oro;Reali del Cielo
111808;Elisa Barrile;0;Ippopotami Viola;Viola e Oro;
111809;Cosimo Bonfrisco;0;Falchi Grigi;Grigio e Nero;Falchi del Vento
111810;Angelo Michele Esposito;0;Pantere Rosa;Rosa e Grigio;Pantere Fiere
111811;Dorina Carcarino;0;Fulmini Verdi;Verde e Giallo;Lampi Verdi
111812;Egidio Luigi Candura;0;Ippopotami Viola;Viola e Oro;
111813;Dorina Micheloni;0;Pantere Rosa;Rosa e Grigio;Pantere Fiere
111814;Tana Marin;0;Fulmini Verdi;Verde e Giallo;Lampi Verdi
111815;Walter Di Giacomo;0;Pinguini Polari;Bianco e Nero;
111816;Linda Grasso;0;Scorpioni Rossi;Giallo e Verde;Scorpioni d'Acciaio
111817;Filadelfio Guido Iovene;0;Cinghiali Selvaggi;Marrone e Verde;Cinghiali Ruggenti
111818;Francesca Maria Montagnino;0;Orsi Polari;Bianco e Blu;
111819;Danila Pertoldi;0;Gufi Notturni;Viola e Grigio;Occhi nella Notte
111820;Giusy Gawronski;0;Squali Azzurri;Azzurro e Bianco;Predatori del Mare
111821;Maria Ida Loiero;0;Camaleonti Arcobaleno;Blu e Verde;Camaleonti Magici
111822;Sauro Ayala;0;Orsi Polari;Bianco e Blu;
111823;Bianca Laura Maccanico;0;Scorpioni Rossi;Giallo e Verde;Scorpioni d'Acciaio
111824;Gianmauro Puppato;0;Cavalieri d'Argento;Argento e Blu;
111825;Rosario Giorgio Pegorer;0;Aquile Blu;Blu e Bianco;Aquile Volanti
111826;Stefania Silvestro;0;Volpi del Bosco;Blu e Rosso;Volpi Veloci
111827;Susanna Donatella Saracco;0;Scorpioni Rossi;Giallo e Verde;Scorpioni d'Acciaio
111828;Venera Mundi;0;Cavalli Selvaggi;Rosso e Argento;Cavalieri Selvaggi
111829;Manuela Toia;0;Elefanti Grigi;Nero e Bianco;Elefanti Titanici
111830;Ignazio Barbato;0;Volpi del Bosco;Blu e Rosso;Volpi Veloci
111831;Maria Elisabetta Bettoni Brandani;0;Dragoni Rossi;Rosso e Nero;Fiamme Rosse
111832;Ida Greco;0;Delfini Argentati;Argento e Nero;Onde Argentate
111833;Renato Guerino Naro;0;Orsi Polari;Bianco e Blu;
111834;Maria Paola Montani;0;Ippopotami Viola;Viola e Oro;
111835;Rosellina Mautone;0;Elefanti Grigi;Nero e Bianco;Elefanti Titanici
111836;Ivan Quagliariello;0;Rinoceronti Blu;Verde e Argento;Rino Blu
111837;Fulvio Malvano;0;Tigri Nere;Nero e Arancione;Tigri Infuocate
111838;Valentino Blundo;0;Pinguini Polari;Bianco e Nero;
111839;Marta Girfatti;0;Gufi Notturni;Viola e Grigio;Occhi nella Notte
111840;Helga Campanella;0;Aquile Blu;Blu e Bianco;Aquile Volanti
111841;Rosetta Enza Dell'olio;0;Lupi del Nord;Bianco e Grigio;Ululati del Nord
111842;Patrizio Musi;0;Gatti Neri;Nero e Viola;
111843;Arnaldo Zuliani;0;Pavoni Reali;Oro e Viola;Ali Reali
111844;Michaela Grassi;0;Delfini Argentati;Argento e Nero;Onde Argentate
111845;Antonio Salvatore Guerrieri Paleotti;0;Zebre Striate;Bianco e Rosso;Zebre Elettriche
111846;Tony Chike Cimmino;0;Pavoni Reali;Oro e Viola;Ali Reali
111847;Athos Cataldi;0;Gatti Neri;Nero e Viola;
111848;Luigi Forte;0;Gatti Neri;Nero e Viola;
111849;Giulio Barozzino;0;Aquile Reali;Blu e Oro;Reali del Cielo
111850;Antonello Nocco;0;Scorpioni Rossi;Giallo e Verde;Scorpioni d'Acciaio
111851;Tatjana Camber;0;Pinguini Polari;Bianco e Nero;
111852;Fulvio Causin;0;Cinghiali Selvaggi;Marrone e Verde;Cinghiali Ruggenti
111853;Agnese Pieroni;0;Lupi del Nord;Bianco e Grigio;Ululati del Nord
111854;Luis Alberto Candiani;0;Cinghiali Selvaggi;Marrone e Verde;Cinghiali Ruggenti
111855;Learco Rizzotti;0;Pavoni Reali;Oro e Viola;Ali Reali
111856;Enrico Mungari;0;Lupi del Nord;Bianco e Grigio;Ululati del Nord
111857;Teresa Comaroli;0;Camaleonti Arcobaleno;Blu e Verde;Camaleonti Magici
111858;Helga Cambursano;0;Gatti Neri;Nero e Viola;
111859;Donatella Palombo;0;Tigri Nere;Nero e Arancione;Tigri Infuocate
111860;Cristano Tredese;0;Pantere Rosa;Rosa e Grigio;Pantere Fiere
111861;Pamela Giacoma Giovanna Tosato;0;Elefanti Grigi;Nero e Bianco;Elefanti Titanici
111862;Luisa Casillo;0;Volpi del Bosco;Blu e Rosso;Volpi Veloci
111863;Elio Massimo Magri;0;Ippopotami Viola;Viola e Oro;
111864;Franco D'ippolito Vitale;0;Zebre Striate;Bianco e Rosso;Zebre Elettriche
111865;Vittorio Milio;0;Aquile Reali;Blu e Oro;Reali del Cielo
111866;Colomba Lotito;0;Squali Azzurri;Azzurro e Bianco;Predatori del Mare
111867;Eva Fina;0;Camaleonti Arcobaleno;Blu e Verde;Camaleonti Magici
111868;Marcello Cuomo;0;Volpi del Bosco;Blu e Rosso;Volpi Veloci
111869;Maria Celeste Milana;0;Dragoni Rossi;Rosso e Nero;Fiamme Rosse
111870;Ombretta Pisa;0;Dragoni Rossi;Rosso e Nero;Fiamme Rosse
111871;Giovanni Vittorio Pedrazzini;0;Coccodrilli Verdi;Verde e Marrone;Coccodrilli d'Acciaio
111872;Giampaolo Vittorio Elio Dato;0;Tigri Nere;Nero e Arancione;Tigri Infuocate
111873;Simona Flavia Sambin;0;Dragoni Rossi;Rosso e Nero;Fiamme Rosse
111874;Franco Pedrizzi;0;Fulmini Verdi;Verde e Giallo;Lampi Verdi
111875;Gian Carlo Maffioli;0;Cavalieri d'Argento;Argento e Blu;
111876;Fosco Cerno;0;Cinghiali Selvaggi;Marrone e Verde;Cinghiali Ruggenti
111877;Rosanna Bottici;0;Pantere Rosa;Rosa e Grigio;Pantere Fiere
111878;Lamberto Durigon;0;Scorpioni Rossi;Giallo e Verde;Scorpioni d'Acciaio
111879;Lamberto Baldassarri;0;Lupi del Nord;Bianco e Grigio;Ululati del Nord
111880;Furio Ranucci;0;Scorpioni Rossi;Giallo e Verde;Scorpioni d'Acciaio
111881;Candido Orsomarso;0;Volpi del Bosco;Blu e Rosso;Volpi Veloci
111882;Vasco Fazzone;0;Cavalli Selvaggi;Rosso e Argento;Cavalieri Selvaggi
111883;Saverio Salvatore Thaler Ausserhofer;0;Cinghiali Selvaggi;Marrone e Verde;Cinghiali Ruggenti
111884;Stefania Valli;0;Cinghiali Selvaggi;Marrone e Verde;Cinghiali Ruggenti
111885;Michele Sangalli;0;Volpi del Bosco;Blu e Rosso;Volpi Veloci
111886;Carmelo Villari;0;Fenici Rosse;Rosso e Arancione;Ali di Fuoco
111887;Antonio Bonadonna;0;Corvi della Tempesta;Grigio e Blu;Tempesta Oscura
111888;Diana Munerato;0;Aquile Reali;Blu e Oro;Reali del Cielo
111889;Achille Brutti;0;Aquile Blu;Blu e Bianco;Aquile Volanti
111890;Vannino Pasquini;0;Dragoni Rossi;Rosso e Nero;Fiamme Rosse
111891;Cataldo Balboni;0;Elefanti Grigi;Nero e Bianco;Elefanti Titanici
111892;Carlo Floris;0;Serpenti Dorati;Oro e Rosso;Serpenti Dorati
111893;Esteban Juan Pezzopane;0;Ippopotami Viola;Viola e Oro;
111894;Eugenio Mario Filippi;0;Gufi Notturni;Viola e Grigio;Occhi nella Notte
111895;Jonny Co';0;Pinguini Polari;Bianco e Nero;
111896;Battista Zanettin;0;Serpenti Dorati;Oro e Rosso;Serpenti Dorati
111897;Fiammetta Sciascia;0;Coccodrilli Verdi;Verde e Marrone;Coccodrilli d'Acciaio
111898;Agnese Tessitore;0;Serpenti Dorati;Oro e Rosso;Serpenti Dorati
111899;Natale Balboni;0;Dragoni Rossi;Rosso e Nero;Fiamme Rosse
111900;Denis Blundo;0;Ippopotami Viola;Viola e Oro;
111901;Vito Rosario Guerra;0;Fenici Rosse;Rosso e Arancione;Ali di Fuoco
111902;Emiddio Messina;0;Pavoni Reali;Oro e Viola;Ali Reali
111903;Tana Berger;0;Camaleonti Arcobaleno;Blu e Verde;Camaleonti Magici
111904;Ada Baratella;0;Elefanti Grigi;Nero e Bianco;Elefanti Titanici
111905;Gustavo Botto;0;Camaleonti Arcobaleno;Blu e Verde;Camaleonti Magici
111906;Liborio Veronesi;0;Orsi Polari;Bianco e Blu;
111907;Nazario Ceruti;0;Gufi Notturni;Viola e Grigio;Occhi nella Notte
111908;Battista Lisi;0;Pavoni Reali;Oro e Viola;Ali Reali
111909;Antonio Adolfo Maria Bugnano;0;Dragoni Rossi;Rosso e Nero;Fiamme Rosse
111910;Maria Cecilia Zedda;0;Leoni Dorati;Giallo e Nero;Leoni Ruggenti
111911;Magda Carrara;0;Falchi Grigi;Grigio e Nero;Falchi del Vento
111912;Gregorio Leone;0;Leoni Dorati;Giallo e Nero;Leoni Ruggenti
111913;Aleandro Malvano;0;Pinguini Polari;Bianco e Nero;
111914;Gianclaudio Ternullo;0;Pinguini Polari;Bianco e Nero;
111915;Mario Orellana;0;Pavoni Reali;Oro e Viola;Ali Reali
111916;Pierantonio Borea;0;Fenici Rosse;Rosso e Arancione;Ali di Fuoco
111917;Livio Candura;0;Leoni Dorati;Giallo e Nero;Leoni Ruggenti
111918;Romano Cassano;0;Cavalli Selvaggi;Rosso e Argento;Cavalieri Selvaggi
111919;Elvira Lucia Evangelista;0;Lupi del Nord;Bianco e Grigio;Ululati del Nord
111920;Tancredi Greco;0;Squali Azzurri;Azzurro e Bianco;Predatori del Mare
111921;Nitto Francesco Maconi;0;Elefanti Grigi;Nero e Bianco;Elefanti Titanici
111922;Guido Walter Cesare Nieddu;0;Camaleonti Arcobaleno;Blu e Verde;Camaleonti Magici
111923;Patty Piccinelli;0;Falchi Grigi;Grigio e Nero;Falchi del Vento
111924;Alessandro Zin;0;Serpenti Dorati;Oro e Rosso;Serpenti Dorati
111925;Arturo Mario Ladu;0;Pantere Rosa;Rosa e Grigio;Pantere Fiere
111926;Gian Guido Lunesu;0;Pavoni Reali;Oro e Viola;Ali Reali
111927;Elvio Ghedini;0;Aquile Blu;Blu e Bianco;Aquile Volanti
111928;Maria Rosaria Ventucci;0;Cavalli Selvaggi;Rosso e Argento;Cavalieri Selvaggi
111929;Silvana Andreina Crippa;0;Dragoni Rossi;Rosso e Nero;Fiamme Rosse
111930;Diodato (darko) Briziarelli;0;Leoni Dorati;Giallo e Nero;Leoni Ruggenti
111931;Susanna Lina Giulia Pesco;0;Fenici Rosse;Rosso e Arancione;Ali di Fuoco
111932;Orfeo Losurdo;0;Lupi del Nord;Bianco e Grigio;Ululati del Nord
111933;Milos Tabladini;0;Gufi Notturni;Viola e Grigio;Occhi nella Notte
111934;Dieter Pelella;0;Pantere Rosa;Rosa e Grigio;Pantere Fiere
111935;Giulio Mario Boco;0;Coccodrilli Verdi;Verde e Marrone;Coccodrilli d'Acciaio
111936;Pierfrancesco Emilio Romano Garraffa;0;Pantere Rosa;Rosa e Grigio;Pantere Fiere
111937;Simona Degennaro;0;Elefanti Grigi;Nero e Bianco;Elefanti Titanici
111938;Primo Botto;0;Aquile Blu;Blu e Bianco;Aquile Volanti
111939;Carmelo Divella;0;Leoni Dorati;Giallo e Nero;Leoni Ruggenti
111940;Simone Mussini;0;Lupi del Nord;Bianco e Grigio;Ululati del Nord
111941;Giovanni Lorenzo Alberti Casellati;0;Pantere Rosa;Rosa e Grigio;Pantere Fiere
111942;Donato Occhipinti;0;Falchi Grigi;Grigio e Nero;Falchi del Vento
111943;Leopoldo Capacchione;0;Fenici Rosse;Rosso e Arancione;Ali di Fuoco
111944;Giovanni Vittorio Negri;0;Orsi Polari;Bianco e Blu;
111945;Marinella Passigli;0;Orsi Polari;Bianco e Blu;
111946;Patrizia Laus;0;Orsi Polari;Bianco e Blu;
111947;Felice Tomaselli;0;Ippopotami Viola;Viola e Oro;
111948;Manfredi Latronico;0;Pinguini Polari;Bianco e Nero;
111949;Carmela Siliquini;0;Corvi della Tempesta;Grigio e Blu;Tempesta Oscura
111950;Sandra Pillon;0;Camaleonti Arcobaleno;Blu e Verde;Camaleonti Magici
111951;Augusto Gotor;0;Fenici Rosse;Rosso e Arancione;Ali di Fuoco
111952;Michele Mussolini;0;Rinoceronti Blu;Verde e Argento;Rino Blu
111953;Michele Bucciero;0;Gufi Notturni;Viola e Grigio;Occhi nella Notte
111954;Dario Massa;0;Cavalieri d'Argento;Argento e Blu;
111955;Vita Maria De Poli;0;Fulmini Verdi;Verde e Giallo;Lampi Verdi
111956;Serenella Pasquali;0;Gufi Notturni;Viola e Grigio;Occhi nella Notte
111957;Lucia Visentin;0;Rinoceronti Blu;Verde e Argento;Rino Blu
111958;Gian Carlo Bratina;0;Pantere Rosa;Rosa e Grigio;Pantere Fiere
111959;Rossana De Eccher;0;Delfini Argentati;Argento e Nero;Onde Argentate
111960;Angelo Michele Pistorio;0;Ippopotami Viola;Viola e Oro;
111961;Athos Nespoli;0;Cavalli Selvaggi;Rosso e Argento;Cavalieri Selvaggi
111962;Ylenia Davico;0;Elefanti Grigi;Nero e Bianco;Elefanti Titanici
111963;Josefa Antonione;0;Coccodrilli Verdi;Verde e Marrone;Coccodrilli d'Acciaio
111964;Aniello Cagnin;0;Rinoceronti Blu;Verde e Argento;Rino Blu
111965;Michele Bricolo;0;Aquile Blu;Blu e Bianco;Aquile Volanti
111966;Mauro Stucchi;0;Orsi Polari;Bianco e Blu;
111967;Anna Cinzia Falanga;0;Orsi Polari;Bianco e Blu;
111968;Annalisa Lonardo;0;Elefanti Grigi;Nero e Bianco;Elefanti Titanici
111969;Agostino Donise;0;Fulmini Verdi;Verde e Giallo;Lampi Verdi
111970;Valeria Bodini;0;Scorpioni Rossi;Giallo e Verde;Scorpioni d'Acciaio
111971;Gelsomina Ranieri;0;Elefanti Grigi;Nero e Bianco;Elefanti Titanici
111972;Nicoletta Caforio;0;Cinghiali Selvaggi;Marrone e Verde;Cinghiali Ruggenti
111973;Anna Musolino;0;Pantere Rosa;Rosa e Grigio;Pantere Fiere
111974;Esteban Juan Sanciu;0;Cavalieri d'Argento;Argento e Blu;
111975;Gianni Spinello;0;Squali Azzurri;Azzurro e Bianco;Predatori del Mare
111976;Ester Morelli;0;Squali Azzurri;Azzurro e Bianco;Predatori del Mare
111977;Tiziano Nencini;0;Serpenti Dorati;Oro e Rosso;Serpenti Dorati
111978;Gilberto Stefano;0;Volpi del Bosco;Blu e Rosso;Volpi Veloci
111979;Maria Chiara Marilotti;0;Fenici Rosse;Rosso e Arancione;Ali di Fuoco
111980;Isabella Spagnolli;0;Cavalli Selvaggi;Rosso e Argento;Cavalieri Selvaggi
111981;Fiammetta Zavoli;0;Pantere Rosa;Rosa e Grigio;Pantere Fiere
111982;Vannino Angrisani;0;Cinghiali Selvaggi;Marrone e Verde;Cinghiali Ruggenti
111983;Mauro Antonio Donato Gaetti;0;Fulmini Verdi;Verde e Giallo;Lampi Verdi
111984;Linda Alessandrini;0;Gufi Notturni;Viola e Grigio;Occhi nella Notte
111985;Filadelfio Guido Ognibene;0;Tigri Nere;Nero e Arancione;Tigri Infuocate
111986;Mario Gaburro;0;Cavalli Selvaggi;Rosso e Argento;Cavalieri Selvaggi
111987;Mario Michele Fazzone;0;Lupi del Nord;Bianco e Grigio;Ululati del Nord
111988;Emma Mangialavori;0;Elefanti Grigi;Nero e Bianco;Elefanti Titanici
111989;Tullio Manieri;0;Orsi Polari;Bianco e Blu;
111990;Gianrico Caligiuri;0;Cavalli Selvaggi;Rosso e Argento;Cavalieri Selvaggi
111991;Michele Laforgia;0;Pavoni Reali;Oro e Viola;Ali Reali
111992;Gian Pietro Piredda;0;Aquile Blu;Blu e Bianco;Aquile Volanti
111993;Angela Anna Bruna Spadoni Urbani;0;Delfini Argentati;Argento e Nero;Onde Argentate
111994;Angela Fregolent;0;Leoni Dorati;Giallo e Nero;Leoni Ruggenti
111995;Urania Giulia Rosina Grillo;0;Serpenti Dorati;Oro e Rosso;Serpenti Dorati
111996;Nicola Dalla Chiesa;0;Camaleonti Arcobaleno;Blu e Verde;Camaleonti Magici
111997;Domenico Fontana;0;Serpenti Dorati;Oro e Rosso;Serpenti Dorati
111998;Euprepio Armato;0;Tigri Nere;Nero e Arancione;Tigri Infuocate
111999;Bachisio Silvio Sangalli;0;Zebre Striate;Bianco e Rosso;Zebre Elettriche
112000;Adelaide Licheri;0;Serpenti Dorati;Oro e Rosso;Serpenti Dorati
112001;Nunziante De Simone;0;Fenici Rosse;Rosso e Arancione;Ali di Fuoco
112002;Learco Spinello;0;Leoni Dorati;Giallo e Nero;Leoni Ruggenti
112003;Demetrio Piatti;0;Lupi del Nord;Bianco e Grigio;Ululati del Nord
112004;Guido Walter Cesare Colucci;0;Pantere Rosa;Rosa e Grigio;Pantere Fiere
112005;Erica Piloni;0;Leoni Dorati;Giallo e Nero;Leoni Ruggenti
112006;Silvana Cantu';0;Volpi del Bosco;Blu e Rosso;Volpi Veloci
112007;Susanna Lina Giulia Bucalo;0;Zebre Striate;Bianco e Rosso;Zebre Elettriche
112008;Angelo Michele Gualtieri;0;Scorpioni Rossi;Giallo e Verde;Scorpioni d'Acciaio
112009;Bernabo' Grillo;0;Cavalli Selvaggi;Rosso e Argento;Cavalieri Selvaggi
112010;Angelo Cavallaro;0;Aquile Reali;Blu e Oro;Reali del Cielo
112011;Emanuele Mazzuconi;0;Ippopotami Viola;Viola e Oro;
112012;Fulvia Michela Gubetti;0;Gatti Neri;Nero e Viola;
112013;Pasquale Gaggio Giuliani;0;Pinguini Polari;Bianco e Nero;
112014;Vittoria Liuzzi;0;Serpenti Dorati;Oro e Rosso;Serpenti Dorati
112015;Franca Gibiino;0;Fulmini Verdi;Verde e Giallo;Lampi Verdi
112016;Nedo Lorenzo Rojc;0;Lupi del Nord;Bianco e Grigio;Ululati del Nord
112017;Carmine Patriarca;0;Coccodrilli Verdi;Verde e Marrone;Coccodrilli d'Acciaio
112018;Mirella Vetrella;0;Elefanti Grigi;Nero e Bianco;Elefanti Titanici
112019;Nico Nannicini;0;Volpi del Bosco;Blu e Rosso;Volpi Veloci
112020;Alessandra Ria;0;Aquile Blu;Blu e Bianco;Aquile Volanti
112021;Celestino Mantovani;0;Zebre Striate;Bianco e Rosso;Zebre Elettriche
112022;Bruno Sella Di Monteluce;0;Ippopotami Viola;Viola e Oro;
112023;Danila Ricciardi;0;Rinoceronti Blu;Verde e Argento;Rino Blu
112024;Ludovico Iervolino;0;Pavoni Reali;Oro e Viola;Ali Reali
112025;Filippo Pasquini;0;Scorpioni Rossi;Giallo e Verde;Scorpioni d'Acciaio
112026;Giuseppe Maria Pistorio;0;Fulmini Verdi;Verde e Giallo;Lampi Verdi
112027;Enzo Murelli;0;Volpi del Bosco;Blu e Rosso;Volpi Veloci
112028;Egidio Laforgia;0;Leoni Dorati;Giallo e Nero;Leoni Ruggenti
112029;Concetto Occhiuto;0;Gufi Notturni;Viola e Grigio;Occhi nella Notte
112030;Graziano Bellot;0;Serpenti Dorati;Oro e Rosso;Serpenti Dorati
112031;Giuseppe Francesco Maria Rognoni;0;Pantere Rosa;Rosa e Grigio;Pantere Fiere
112032;Aldo Matrisciano;0;Gatti Neri;Nero e Viola;
112033;Mara Butti;0;Zebre Striate;Bianco e Rosso;Zebre Elettriche
112034;Diana Campanella;0;Pavoni Reali;Oro e Viola;Ali Reali
112035;Julia Folloni;0;Ippopotami Viola;Viola e Oro;
112036;Amedeo Sudano;0;Rinoceronti Blu;Verde e Argento;Rino Blu
112037;Gaetano Bulgarelli;0;Lupi del Nord;Bianco e Grigio;Ululati del Nord
112038;Luciana Benedetti Valentini;0;Camaleonti Arcobaleno;Blu e Verde;Camaleonti Magici
112039;Vincenzo Ruggero Caligiuri;0;Serpenti Dorati;Oro e Rosso;Serpenti Dorati
112040;Elisa Palmizio;0;Serpenti Dorati;Oro e Rosso;Serpenti Dorati
112041;Saverio Salvatore Stucchi;0;Cinghiali Selvaggi;Marrone e Verde;Cinghiali Ruggenti
112042;Augusto Massa;0;Corvi della Tempesta;Grigio e Blu;Tempesta Oscura
112043;Federica Malan;0;Volpi del Bosco;Blu e Rosso;Volpi Veloci
112044;Luigi La Marca;0;Serpenti Dorati;Oro e Rosso;Serpenti Dorati
112045;Giulio Musi;0;Leoni Dorati;Giallo e Nero;Leoni Ruggenti
112046;Fedele Pinza;0;Camaleonti Arcobaleno;Blu e Verde;Camaleonti Magici
112047;Anna Rita Bertoni;0;Coccodrilli Verdi;Verde e Marrone;Coccodrilli d'Acciaio
112048;Daria Amato;0;Aquile Reali;Blu e Oro;Reali del Cielo
112049;Josefa Mura;0;Ippopotami Viola;Viola e Oro;
112050;Ettore Pietro Poli;0;Fenici Rosse;Rosso e Arancione;Ali di Fuoco
112051;Carmela Mucchetti;0;Scorpioni Rossi;Giallo e Verde;Scorpioni d'Acciaio
112052;Urania Giulia Rosina Dell'utri;0;Lupi del Nord;Bianco e Grigio;Ululati del Nord
112053;Renato Guerino Silvestri;0;Orsi Polari;Bianco e Blu;
112054;Candido Comincini;0;Squali Azzurri;Azzurro e Bianco;Predatori del Mare
112055;Emma Spelgatti;0;Squali Azzurri;Azzurro e Bianco;Predatori del Mare
112056;Tatjana De Corato;0;Serpenti Dorati;Oro e Rosso;Serpenti Dorati
112057;Giusy Pardini;0;Serpenti Dorati;Oro e Rosso;Serpenti Dorati
112058;Baldassare Occhetto;0;Serpenti Dorati;Oro e Rosso;Serpenti Dorati
112059;Egidio Fenu;0;Scorpioni Rossi;Giallo e Verde;Scorpioni d'Acciaio
112060;Fosco Bongiorno;0;Gatti Neri;Nero e Viola;
112061;Dolores Giacobbe;0;Elefanti Grigi;Nero e Bianco;Elefanti Titanici
112062;Augusto Zuccherini;0;Pinguini Polari;Bianco e Nero;
112063;Orietta Speranzon;0;Elefanti Grigi;Nero e Bianco;Elefanti Titanici
112064;Emiliano Iannuzzi;0;Orsi Polari;Bianco e Blu;
112065;Pasquale Balboni;0;Squali Azzurri;Azzurro e Bianco;Predatori del Mare
112066;Urania Giulia Rosina Bettini;0;Coccodrilli Verdi;Verde e Marrone;Coccodrilli d'Acciaio
112067;Anna Carmela Vaccaro;0;Dragoni Rossi;Rosso e Nero;Fiamme Rosse
112068;Annamaria Cassinelli;0;Aquile Reali;Blu e Oro;Reali del Cielo
112069;Furio Baldassarri;0;Dragoni Rossi;Rosso e Nero;Fiamme Rosse
112070;Nicola Pessina;0;Tigri Nere;Nero e Arancione;Tigri Infuocate
112071;Giuliano De Pin;0;Rinoceronti Blu;Verde e Argento;Rino Blu
112072;Romano Anitori;0;Tigri Nere;Nero e Arancione;Tigri Infuocate
112073;Carlo Azeglio Tabladini;0;Cavalli Selvaggi;Rosso e Argento;Cavalieri Selvaggi
112074;Maria Domenica Battisti;0;Ippopotami Viola;Viola e Oro;
112075;Lido Galioto;0;Coccodrilli Verdi;Verde e Marrone;Coccodrilli d'Acciaio
112076;Mara Santini;0;Ippopotami Viola;Viola e Oro;
112077;Giuseppe Luigi Salvatore Dato;0;Fenici Rosse;Rosso e Arancione;Ali di Fuoco
112078;Carlo Budin;0;Fulmini Verdi;Verde e Giallo;Lampi Verdi
112079;Giacomo Contini;0;Orsi Polari;Bianco e Blu;
112080;Gerardo Cucchi;0;Volpi del Bosco;Blu e Rosso;Volpi Veloci
112081;Daniela Pecoraro Scanio;0;Tigri Nere;Nero e Arancione;Tigri Infuocate
112082;Vittoria Marcheschi;0;Rinoceronti Blu;Verde e Argento;Rino Blu
112083;Mario Alejandro Pellicini;0;Leoni Dorati;Giallo e Nero;Leoni Ruggenti
112084;Vito Claudio Tocci;0;Fenici Rosse;Rosso e Arancione;Ali di Fuoco
112085;Norberto Lunardi;0;Dragoni Rossi;Rosso e Nero;Fiamme Rosse
112086;Rosanna Minardo;0;Fenici Rosse;Rosso e Arancione;Ali di Fuoco
112087;Concetta Kappler;0;Cavalli Selvaggi;Rosso e Argento;Cavalieri Selvaggi
112088;Maria Chiara Bobba;0;Pavoni Reali;Oro e Viola;Ali Reali
112089;Gianpietro Di Nardo;0;Tigri Nere;Nero e Arancione;Tigri Infuocate
112090;Lello Tonini;0;Dragoni Rossi;Rosso e Nero;Fiamme Rosse
112091;Daniele Gaetano Bevilacqua;0;Gufi Notturni;Viola e Grigio;Occhi nella Notte
112092;Danilo Jacchia;0;Corvi della Tempesta;Grigio e Blu;Tempesta Oscura
112093;Ortensio Silvestri;0;Cinghiali Selvaggi;Marrone e Verde;Cinghiali Ruggenti
112094;Rosa Silvana Mazzoni;0;Pavoni Reali;Oro e Viola;Ali Reali
112095;Guido Walter Cesare Filippi;0;Rinoceronti Blu;Verde e Argento;Rino Blu
112096;Ferdinando Magri;0;Pantere Rosa;Rosa e Grigio;Pantere Fiere
112097;Ylenia Biondi;0;Cinghiali Selvaggi;Marrone e Verde;Cinghiali Ruggenti
112098;Emiddio Rollandin;0;Orsi Polari;Bianco e Blu;
112099;Giacomo Verini;0;Coccodrilli Verdi;Verde e Marrone;Coccodrilli d'Acciaio
112100;Doriano Barozzino;0;Gufi Notturni;Viola e Grigio;Occhi nella Notte
112101;Emilia Grazia Zuffada;0;Delfini Argentati;Argento e Nero;Onde Argentate
112102;Salvatore Palmizio;0;Fulmini Verdi;Verde e Giallo;Lampi Verdi
112103;Angela Anna Bruna Berlinguer;0;Tigri Nere;Nero e Arancione;Tigri Infuocate
112104;Elidio Corrao;0;Squali Azzurri;Azzurro e Bianco;Predatori del Mare
112105;Susy Antezza;0;Delfini Argentati;Argento e Nero;Onde Argentate
112106;Sauro Endrizzi;0;Cinghiali Selvaggi;Marrone e Verde;Cinghiali Ruggenti
112107;Ornella Valente;0;Lupi del Nord;Bianco e Grigio;Ululati del Nord
112108;Maria Rosaria Marilotti;0;Gatti Neri;Nero e Viola;
112109;Mauro Antonio Donato Negri;0;Pinguini Polari;Bianco e Nero;
112110;Giuseppe Luigi Salvatore Battista;0;Pavoni Reali;Oro e Viola;Ali Reali
112111;Virginia Fiorillo;0;Fulmini Verdi;Verde e Giallo;Lampi Verdi
112112;Valentino Allegrini;0;Pavoni Reali;Oro e Viola;Ali Reali
112113;Donella Polidoro;0;Corvi della Tempesta;Grigio e Blu;Tempesta Oscura
112114;Nello Gualdani;0;Rinoceronti Blu;Verde e Argento;Rino Blu
112115;Maria Virginia Piccioni;0;Volpi del Bosco;Blu e Rosso;Volpi Veloci
112116;Francesco Enrico Capaldi;0;Dragoni Rossi;Rosso e Nero;Fiamme Rosse
112117;Vincenza Laforgia;0;Volpi del Bosco;Blu e Rosso;Volpi Veloci
112118;Maria Agostina Polito;0;Volpi del Bosco;Blu e Rosso;Volpi Veloci
112119;Maria Alessandra Di Giovan Paolo;0;Pinguini Polari;Bianco e Nero;
112120;Lello De Sena;0;Cavalieri d'Argento;Argento e Blu;
112121;Basilio Mazzaracchio;0;Falchi Grigi;Grigio e Nero;Falchi del Vento
112122;Leonzio Lauria;0;Fulmini Verdi;Verde e Giallo;Lampi Verdi
112123;Gaspare Antonio Semeraro;0;Cinghiali Selvaggi;Marrone e Verde;Cinghiali Ruggenti
112124;Nerina Arlacchi;0;Pantere Rosa;Rosa e Grigio;Pantere Fiere
112125;Bianca Maria Agostini;0;Elefanti Grigi;Nero e Bianco;Elefanti Titanici
112126;Rossella Pieroni;0;Orsi Polari;Bianco e Blu;
112127;Giorgio Maria Dreosto;0;Gatti Neri;Nero e Viola;
112128;Karl Martinat;0;Serpenti Dorati;Oro e Rosso;Serpenti Dorati
112129;Stanislao Alessandro Bettini;0;Aquile Blu;Blu e Bianco;Aquile Volanti
112130;Manuel Ruotolo;0;Lupi del Nord;Bianco e Grigio;Ululati del Nord
112131;Lucio D'ambrosio;0;Squali Azzurri;Azzurro e Bianco;Predatori del Mare
112132;Esteban Juan Gaetti;0;Fenici Rosse;Rosso e Arancione;Ali di Fuoco
112133;Filomeno Biagio Coltorti;0;Aquile Reali;Blu e Oro;Reali del Cielo
112134;Ernesto Amoruso;0;Gatti Neri;Nero e Viola;
112135;Valeria Merloni;0;Elefanti Grigi;Nero e Bianco;Elefanti Titanici
112136;Beatrice D'ippolito Vitale;0;Fenici Rosse;Rosso e Arancione;Ali di Fuoco
112137;Martino Migliavacca;0;Coccodrilli Verdi;Verde e Marrone;Coccodrilli d'Acciaio
112138;Rosa Ripamonti;0;Pavoni Reali;Oro e Viola;Ali Reali
112139;Barbara Leddi;0;Tigri Nere;Nero e Arancione;Tigri Infuocate
112140;Vito Rosario D'onofrio;0;Fenici Rosse;Rosso e Arancione;Ali di Fuoco
112141;Gianmarco Scavone;0;Corvi della Tempesta;Grigio e Blu;Tempesta Oscura
112142;Susanna Lina Giulia Scalfarotto;0;Dragoni Rossi;Rosso e Nero;Fiamme Rosse
112143;Susanna Donatella Monticone;0;Volpi del Bosco;Blu e Rosso;Volpi Veloci
112144;Sante Greco;0;Serpenti Dorati;Oro e Rosso;Serpenti Dorati
112145;Irene Biti;0;Pavoni Reali;Oro e Viola;Ali Reali
112146;Elvira Lucia Adduce;0;Cavalieri d'Argento;Argento e Blu;
112147;Vidmer Marilotti;0;Serpenti Dorati;Oro e Rosso;Serpenti Dorati
112148;Danila Bergamo;0;Gatti Neri;Nero e Viola;
112149;Maria Cristina Negri;0;Squali Azzurri;Azzurro e Bianco;Predatori del Mare
112150;Gisella Spadoni Urbani;0;Pavoni Reali;Oro e Viola;Ali Reali
112151;Mario Mungari;0;Fulmini Verdi;Verde e Giallo;Lampi Verdi
112152;Rosa Barani;0;Ippopotami Viola;Viola e Oro;
112153;Battista Veronesi;0;Corvi della Tempesta;Grigio e Blu;Tempesta Oscura
112154;Mariapia Procacci;0;Elefanti Grigi;Nero e Bianco;Elefanti Titanici
112155;Giorgio D'ali';0;Aquile Reali;Blu e Oro;Reali del Cielo
112156;Rossano Tiraboschi;0;Gufi Notturni;Viola e Grigio;Occhi nella Notte
112157;Concetto Paroli;0;Gufi Notturni;Viola e Grigio;Occhi nella Notte
112158;Ivan Pasquali;0;Gufi Notturni;Viola e Grigio;Occhi nella Notte
112159;Simonetta Anitori;0;Gufi Notturni;Viola e Grigio;Occhi nella Notte
112160;Lucrezia Milone;0;Orsi Polari;Bianco e Blu;
112161;Carlo Occhipinti;0;Pantere Rosa;Rosa e Grigio;Pantere Fiere
112162;Michele Arcangelo Salvitti;0;Aquile Blu;Blu e Bianco;Aquile Volanti
112163;Tarcisio Camo;0;Scorpioni Rossi;Giallo e Verde;Scorpioni d'Acciaio
112164;Natale Fumagalli Carulli;0;Serpenti Dorati;Oro e Rosso;Serpenti Dorati
112165;Domenica Bergesio;0;Orsi Polari;Bianco e Blu;
112166;Josefa Bassoli;0;Pinguini Polari;Bianco e Nero;
112167;Jas Crisafulli;0;Squali Azzurri;Azzurro e Bianco;Predatori del Mare
112168;Raffaela De Feo;0;Rinoceronti Blu;Verde e Argento;Rino Blu
112169;Silvio Pittelli;0;Cavalieri d'Argento;Argento e Blu;
112170;Bianca Maria Servello;0;Ippopotami Viola;Viola e Oro;
112171;Carlo Roilo;0;Pinguini Polari;Bianco e Nero;
112172;Dieter Del Vecchio;0;Ippopotami Viola;Viola e Oro;
112173;Rita Toninelli;0;Elefanti Grigi;Nero e Bianco;Elefanti Titanici
112174;Giorgio Maria Marcenaro;0;Volpi del Bosco;Blu e Rosso;Volpi Veloci
112175;Emilio Paolo Pisani;0;Ippopotami Viola;Viola e Oro;
112176;Cinzia Papania;0;Camaleonti Arcobaleno;Blu e Verde;Camaleonti Magici
112177;Domenica Rizzotti;0;Orsi Polari;Bianco e Blu;
112178;Celestino Pavanelli;0;Fulmini Verdi;Verde e Giallo;Lampi Verdi
112179;Nando Magistrelli;0;Pavoni Reali;Oro e Viola;Ali Reali
112180;Rosario Di Orio;0;Camaleonti Arcobaleno;Blu e Verde;Camaleonti Magici
112181;Donatella Zambito;0;Pantere Rosa;Rosa e Grigio;Pantere Fiere
112182;Olimpia Di Orio;0;Lupi del Nord;Bianco e Grigio;Ululati del Nord
112183;Cristano De Luca;0;Cinghiali Selvaggi;Marrone e Verde;Cinghiali Ruggenti
112184;Ignazio Pellegrini;0;Dragoni Rossi;Rosso e Nero;Fiamme Rosse
112185;Antonino Gambini;0;Serpenti Dorati;Oro e Rosso;Serpenti Dorati
112186;Raoul Rescaglio;0;Squali Azzurri;Azzurro e Bianco;Predatori del Mare
112187;Ignazio Antinoro;0;Pinguini Polari;Bianco e Nero;
112188;Gian Giacomo Fanfani;0;Serpenti Dorati;Oro e Rosso;Serpenti Dorati
112189;Francesco Manis;0;Fulmini Verdi;Verde e Giallo;Lampi Verdi
112190;Nedo Lorenzo Fluttero;0;Fenici Rosse;Rosso e Arancione;Ali di Fuoco
112191;Doris Arlacchi;0;Fulmini Verdi;Verde e Giallo;Lampi Verdi
112192;Mario Licheri;0;Tigri Nere;Nero e Arancione;Tigri Infuocate
112193;Rosario Magnolfi;0;Camaleonti Arcobaleno;Blu e Verde;Camaleonti Magici
112194;Valeria Castaldi;0;Scorpioni Rossi;Giallo e Verde;Scorpioni d'Acciaio
112195;Cesare Crisafulli;0;Squali Azzurri;Azzurro e Bianco;Predatori del Mare
112196;Gino Rebuzzi;0;Tigri Nere;Nero e Arancione;Tigri Infuocate
112197;Anna Carmela Vono;0;Pavoni Reali;Oro e Viola;Ali Reali
112198;Antonio Rosa;0;Aquile Reali;Blu e Oro;Reali del Cielo
112199;Filippo De Feo;0;Gufi Notturni;Viola e Grigio;Occhi nella Notte
112200;Liliana Fistarol;0;Leoni Dorati;Giallo e Nero;Leoni Ruggenti
112201;Gianvittore Mascioni;0;Pantere Rosa;Rosa e Grigio;Pantere Fiere
112202;Maria Cecilia Lunesu;0;Coccodrilli Verdi;Verde e Marrone;Coccodrilli d'Acciaio
112203;Vladimiro Marti;0;Cinghiali Selvaggi;Marrone e Verde;Cinghiali Ruggenti
112204;Renato Guerino Turci;0;Pantere Rosa;Rosa e Grigio;Pantere Fiere
112205;Alessandro Bettamio;0;Scorpioni Rossi;Giallo e Verde;Scorpioni d'Acciaio
112206;Stelio Sinisi;0;Cinghiali Selvaggi;Marrone e Verde;Cinghiali Ruggenti
112207;Lanfranco Toninelli;0;Serpenti Dorati;Oro e Rosso;Serpenti Dorati
112208;Caterina Pallaro;0;Camaleonti Arcobaleno;Blu e Verde;Camaleonti Magici
112209;Maria Celeste Bonifazi;0;Rinoceronti Blu;Verde e Argento;Rino Blu
112210;Elia Cirami;0;Falchi Grigi;Grigio e Nero;Falchi del Vento
112211;Ombretta Salvini;0;Dragoni Rossi;Rosso e Nero;Fiamme Rosse
112212;Antonio Michele Migone;0;Serpenti Dorati;Oro e Rosso;Serpenti Dorati
112213;Michele Arcangelo Allegrini;0;Leoni Dorati;Giallo e Nero;Leoni Ruggenti
112214;Peppe Vertone;0;Rinoceronti Blu;Verde e Argento;Rino Blu
112215;Liborio Scalfaro;0;Camaleonti Arcobaleno;Blu e Verde;Camaleonti Magici
112216;Primo Vallardi;0;Squali Azzurri;Azzurro e Bianco;Predatori del Mare
112217;Gianvittore Orsomarso;0;Zebre Striate;Bianco e Rosso;Zebre Elettriche
112218;Edo Siclari;0;Dragoni Rossi;Rosso e Nero;Fiamme Rosse
112219;Giuliana Selva;0;Volpi del Bosco;Blu e Rosso;Volpi Veloci
112220;Pierfrancesco Emilio Romano Favero;0;Falchi Grigi;Grigio e Nero;Falchi del Vento
112221;Dario Armato;0;Camaleonti Arcobaleno;Blu e Verde;Camaleonti Magici
112222;Elena Fazzolari;0;Corvi della Tempesta;Grigio e Blu;Tempesta Oscura
112223;Rossano Vimercati;0;Pavoni Reali;Oro e Viola;Ali Reali
112224;Vincenzo Pizzol;0;Aquile Reali;Blu e Oro;Reali del Cielo
112225;Albertina Pizzetti;0;Gufi Notturni;Viola e Grigio;Occhi nella Notte
112226;Linda Conzatti;0;Gufi Notturni;Viola e Grigio;Occhi nella Notte
112227;Basilio Specchia;0;Gufi Notturni;Viola e Grigio;Occhi nella Notte
112228;Alessandrina Salvato;0;Pavoni Reali;Oro e Viola;Ali Reali
112229;Enzo Giorgio Secondo Blazina;0;Scorpioni Rossi;Giallo e Verde;Scorpioni d'Acciaio
112230;Luca Barbieri;0;Pantere Rosa;Rosa e Grigio;Pantere Fiere
112231;Valeria Buccarella;0;Corvi della Tempesta;Grigio e Blu;Tempesta Oscura
112232;Mauro Zedda;0;Scorpioni Rossi;Giallo e Verde;Scorpioni d'Acciaio
112233;Silvio Emilio Chiurazzi;0;Serpenti Dorati;Oro e Rosso;Serpenti Dorati
112234;Patty Sileri;0;Cavalli Selvaggi;Rosso e Argento;Cavalieri Selvaggi
112235;Lello Tarolli;0;Dragoni Rossi;Rosso e Nero;Fiamme Rosse
112236;Lello Banti;0;Coccodrilli Verdi;Verde e Marrone;Coccodrilli d'Acciaio
112237;Donella Marino;0;Cavalli Selvaggi;Rosso e Argento;Cavalieri Selvaggi
112238;Francesco Enrico Pittella;0;Cinghiali Selvaggi;Marrone e Verde;Cinghiali Ruggenti
112239;Lionello Marco Caforio;0;Fulmini Verdi;Verde e Giallo;Lampi Verdi
112240;Giovanni Pietro Alberti Casellati;0;Pinguini Polari;Bianco e Nero;
112241;Patrizio Margiotta;0;Gufi Notturni;Viola e Grigio;Occhi nella Notte
112242;Tana Piano;0;Serpenti Dorati;Oro e Rosso;Serpenti Dorati
112243;Donella Giovanelli;0;Falchi Grigi;Grigio e Nero;Falchi del Vento
112244;Rita Fabbri;0;Pinguini Polari;Bianco e Nero;
112245;Emanuele Latorre;0;Fenici Rosse;Rosso e Arancione;Ali di Fuoco
112246;Armando Fluttero;0;Orsi Polari;Bianco e Blu;
112247;Peppe Preda;0;Cavalieri d'Argento;Argento e Blu;
112248;Maria Elisabetta Alicata;0;Cavalli Selvaggi;Rosso e Argento;Cavalieri Selvaggi
112249;Mariangela Fluttero;0;Cavalieri d'Argento;Argento e Blu;
112250;Guido Cesare Labellarte;0;Delfini Argentati;Argento e Nero;Onde Argentate
112251;Esteban Juan D'onghia;0;Rinoceronti Blu;Verde e Argento;Rino Blu
112252;Lidia Allocca;0;Gatti Neri;Nero e Viola;
112253;Diodato (darko) Licheri;0;Dragoni Rossi;Rosso e Nero;Fiamme Rosse
112254;Mauro Bazoli;0;Aquile Reali;Blu e Oro;Reali del Cielo
112255;Adele Duva;0;Elefanti Grigi;Nero e Bianco;Elefanti Titanici
112256;Nunziante Scotti;0;Cinghiali Selvaggi;Marrone e Verde;Cinghiali Ruggenti
112257;Magda Angela Loreto;0;Elefanti Grigi;Nero e Bianco;Elefanti Titanici
112258;Pier Ferdinando Brutti;0;Gufi Notturni;Viola e Grigio;Occhi nella Notte
112259;Diodato (darko) Pasquini;0;Zebre Striate;Bianco e Rosso;Zebre Elettriche
112260;Altero Agogliati;0;Orsi Polari;Bianco e Blu;
112261;Dolores Bignami;0;Scorpioni Rossi;Giallo e Verde;Scorpioni d'Acciaio
112262;Gianpiero Borgonzoni;0;Elefanti Grigi;Nero e Bianco;Elefanti Titanici
112263;Maria Teresa Buttiglione;0;Leoni Dorati;Giallo e Nero;Leoni Ruggenti
112264;Ruggiero Tunis;0;Cinghiali Selvaggi;Marrone e Verde;Cinghiali Ruggenti
112265;Palmiro Vescovi;0;Tigri Nere;Nero e Arancione;Tigri Infuocate
112266;Enzo Berlusconi;0;Falchi Grigi;Grigio e Nero;Falchi del Vento
112267;Anna Maria Consiglio;0;Falchi Grigi;Grigio e Nero;Falchi del Vento
112268;Teresa Cassano;0;Gatti Neri;Nero e Viola;
112269;Alfredo Mongiello;0;Lupi del Nord;Bianco e Grigio;Ululati del Nord
112270;Diodato (darko) Mininno;0;Fenici Rosse;Rosso e Arancione;Ali di Fuoco
112271;Sergio Scivoletto;0;Orsi Polari;Bianco e Blu;
112272;Lucrezia Marini;0;Cavalieri d'Argento;Argento e Blu;
112273;Donatella Pepe;0;Cavalieri d'Argento;Argento e Blu;
112274;Accursio Durnwalder;0;Cavalli Selvaggi;Rosso e Argento;Cavalieri Selvaggi
112275;Sabrina Cardinali;0;Cavalli Selvaggi;Rosso e Argento;Cavalieri Selvaggi
112276;Giuseppe Maria Lonardo;0;Corvi della Tempesta;Grigio e Blu;Tempesta Oscura
112277;Libero De Lucia;0;Scorpioni Rossi;Giallo e Verde;Scorpioni d'Acciaio
112278;Aurelio Giuseppe Palumbo;0;Aquile Reali;Blu e Oro;Reali del Cielo
112279;Pasqualino Lorenzo Bellot;0;Tigri Nere;Nero e Arancione;Tigri Infuocate
112280;Ada Moncada;0;Gatti Neri;Nero e Viola;
112281;Ester Bertoni;0;Tigri Nere;Nero e Arancione;Tigri Infuocate
112282;Benedetto Occhetto;0;Camaleonti Arcobaleno;Blu e Verde;Camaleonti Magici
112283;Agazio Petrini;0;Orsi Polari;Bianco e Blu;
112284;Fabrizio Nicita;0;Squali Azzurri;Azzurro e Bianco;Predatori del Mare
112285;Mara Bodini;0;Coccodrilli Verdi;Verde e Marrone;Coccodrilli d'Acciaio
112286;Mariano Orsi;0;Zebre Striate;Bianco e Rosso;Zebre Elettriche
112287;Sebastiano Lucidi;0;Cavalli Selvaggi;Rosso e Argento;Cavalieri Selvaggi
112288;Liborio Pillon;0;Cavalieri d'Argento;Argento e Blu;
112289;Costantino Mirabelli;0;Cinghiali Selvaggi;Marrone e Verde;Cinghiali Ruggenti
112290;Giuliomaria Ferro;0;Zebre Striate;Bianco e Rosso;Zebre Elettriche
112291;Lido Caprili;0;Serpenti Dorati;Oro e Rosso;Serpenti Dorati
112292;Demetrio Giro;0;Tigri Nere;Nero e Arancione;Tigri Infuocate
112293;Mattia Filippin;0;Ippopotami Viola;Viola e Oro;
112294;Nunziante Bonino;0;Scorpioni Rossi;Giallo e Verde;Scorpioni d'Acciaio
112295;Isabella Musi;0;Scorpioni Rossi;Giallo e Verde;Scorpioni d'Acciaio
112296;Pippo Lotito;0;Gufi Notturni;Viola e Grigio;Occhi nella Notte
112297;Augusto Pogliese;0;Cavalli Selvaggi;Rosso e Argento;Cavalieri Selvaggi
112298;Giovanna Lunardi;0;Leoni Dorati;Giallo e Nero;Leoni Ruggenti
112299;Pierfrancesco Emilio Romano Coronella;0;Zebre Striate;Bianco e Rosso;Zebre Elettriche
112300;Emilio Paolo Brutti;0;Fulmini Verdi;Verde e Giallo;Lampi Verdi
112301;Simona Sircana;0;Coccodrilli Verdi;Verde e Marrone;Coccodrilli d'Acciaio
112302;Lucio Alessio Monticone;0;Orsi Polari;Bianco e Blu;
112303;Maria Claudia Casaletto;0;Volpi del Bosco;Blu e Rosso;Volpi Veloci
112304;Luciano Caprili;0;Cavalli Selvaggi;Rosso e Argento;Cavalieri Selvaggi
112305;Raffaela Romano;0;Volpi del Bosco;Blu e Rosso;Volpi Veloci
112306;Hans Mannino;0;Aquile Reali;Blu e Oro;Reali del Cielo
112307;Raffaela Bulgarelli;0;Dragoni Rossi;Rosso e Nero;Fiamme Rosse
112308;Luca Mazzoni;0;Gatti Neri;Nero e Viola;
112309;Nedo Lorenzo Fissore;0;Aquile Blu;Blu e Bianco;Aquile Volanti
112310;Piero Solinas;0;Zebre Striate;Bianco e Rosso;Zebre Elettriche
112311;Aurora Zambito;0;Rinoceronti Blu;Verde e Argento;Rino Blu
112312;Francesco Monteleone;0;Corvi della Tempesta;Grigio e Blu;Tempesta Oscura
112313;Maria Teresa Antinoro;0;Lupi del Nord;Bianco e Grigio;Ululati del Nord
112314;Sabrina Marti;0;Cinghiali Selvaggi;Marrone e Verde;Cinghiali Ruggenti
112315;Alfredo Paravia;0;Fenici Rosse;Rosso e Arancione;Ali di Fuoco
112316;Ida Maria Tonini;0;Rinoceronti Blu;Verde e Argento;Rino Blu
112317;Eugenio Mario Tunis;0;Cavalli Selvaggi;Rosso e Argento;Cavalieri Selvaggi
112318;Lucia Pignedoli;0;Serpenti Dorati;Oro e Rosso;Serpenti Dorati
112319;Dino Dell'utri;0;Volpi del Bosco;Blu e Rosso;Volpi Veloci
112320;Lucio Alessio Tremonti;0;Elefanti Grigi;Nero e Bianco;Elefanti Titanici
112321;Antonio Adolfo Maria De Vecchis;0;Delfini Argentati;Argento e Nero;Onde Argentate
112322;Adelaide Viceconte;0;Lupi del Nord;Bianco e Grigio;Ululati del Nord
112323;Angelo Michele Garruti;0;Elefanti Grigi;Nero e Bianco;Elefanti Titanici
112324;Giuliano Vacciano;0;Pantere Rosa;Rosa e Grigio;Pantere Fiere
112325;Fulvio Milana;0;Aquile Blu;Blu e Bianco;Aquile Volanti
112326;Helga Cozzolino;0;Rinoceronti Blu;Verde e Argento;Rino Blu
112327;Giuseppe Speranzon;0;Zebre Striate;Bianco e Rosso;Zebre Elettriche
112328;Gian Piero Evangelista;0;Rinoceronti Blu;Verde e Argento;Rino Blu
112329;Rina Giorgianni;0;Ippopotami Viola;Viola e Oro;
112330;Michaela Caddeo;0;Tigri Nere;Nero e Arancione;Tigri Infuocate
112331;Enzo Giacobbe;0;Cinghiali Selvaggi;Marrone e Verde;Cinghiali Ruggenti
112332;Magda Campanella;0;Tigri Nere;Nero e Arancione;Tigri Infuocate
112333;Simonetta Biondi;0;Corvi della Tempesta;Grigio e Blu;Tempesta Oscura
112334;Antonio Menia;0;Pinguini Polari;Bianco e Nero;
112335;Carmine D'arienzo;0;Aquile Blu;Blu e Bianco;Aquile Volanti
112336;Andrea Carmine Pollastri;0;Aquile Blu;Blu e Bianco;Aquile Volanti
112337;Flavio Sallemi;0;Serpenti Dorati;Oro e Rosso;Serpenti Dorati
112338;Antonio Stefano Fattori;0;Ippopotami Viola;Viola e Oro;
112339;Ernesto Marton;0;Camaleonti Arcobaleno;Blu e Verde;Camaleonti Magici
112340;Patrizio Giacomo Erroi;0;Leoni Dorati;Giallo e Nero;Leoni Ruggenti
112341;Carlo Luigi Del Pennino;0;Tigri Nere;Nero e Arancione;Tigri Infuocate
112342;Marco Aloisio;0;Zebre Striate;Bianco e Rosso;Zebre Elettriche
112343;Cinzia Labellarte;0;Scorpioni Rossi;Giallo e Verde;Scorpioni d'Acciaio
112344;Corradino Scopelliti;0;Pavoni Reali;Oro e Viola;Ali Reali
112345;Giuliano Romano;0;Squali Azzurri;Azzurro e Bianco;Predatori del Mare
112346;Sonia Pianetta;0;Volpi del Bosco;Blu e Rosso;Volpi Veloci
112347;Magda Angela Pizzetti;0;Aquile Reali;Blu e Oro;Reali del Cielo
112348;Simone Battistoni;0;Serpenti Dorati;Oro e Rosso;Serpenti Dorati
112349;Matteo Lauria;0;Cinghiali Selvaggi;Marrone e Verde;Cinghiali Ruggenti
112350;Dino Mantica;0;Elefanti Grigi;Nero e Bianco;Elefanti Titanici
112351;Norberto Ricchiuti;0;Leoni Dorati;Giallo e Nero;Leoni Ruggenti
112352;Alessandra Laforgia;0;Orsi Polari;Bianco e Blu;
112353;Bartolomeo Manzione;0;Elefanti Grigi;Nero e Bianco;Elefanti Titanici
112354;Isabella Peterlini;0;Elefanti Grigi;Nero e Bianco;Elefanti Titanici
112355;Albertino Borghi;0;Cavalli Selvaggi;Rosso e Argento;Cavalieri Selvaggi
112356;Venera Bobbio;0;Coccodrilli Verdi;Verde e Marrone;Coccodrilli d'Acciaio
112357;Vidmer Minasi;0;Lupi del Nord;Bianco e Grigio;Ululati del Nord
112358;Romano Mantovani;0;Elefanti Grigi;Nero e Bianco;Elefanti Titanici
112359;Guido Quintino Palumbo;0;Aquile Reali;Blu e Oro;Reali del Cielo
112360;Rocco Vito Tesei;0;Dragoni Rossi;Rosso e Nero;Fiamme Rosse
112361;Elio Massimo Toffanin;0;Tigri Nere;Nero e Arancione;Tigri Infuocate
112362;Euprepio Volcic;0;Orsi Polari;Bianco e Blu;
112363;Albert Ronchi;0;Volpi del Bosco;Blu e Rosso;Volpi Veloci
112364;Giulia Conzatti;0;Cinghiali Selvaggi;Marrone e Verde;Cinghiali Ruggenti
112365;Cesare Gallicchio;0;Gufi Notturni;Viola e Grigio;Occhi nella Notte
112366;Mauro Napolitano;0;Serpenti Dorati;Oro e Rosso;Serpenti Dorati
112367;Lido Mennuni;0;Scorpioni Rossi;Giallo e Verde;Scorpioni d'Acciaio
112368;Ettore Pietro Latronico;0;Pantere Rosa;Rosa e Grigio;Pantere Fiere
112369;Lido Bocca;0;Gatti Neri;Nero e Viola;
112370;Giusy Basso;0;Tigri Nere;Nero e Arancione;Tigri Infuocate
112371;Giuseppe Onorato Benito Craxi;0;Pinguini Polari;Bianco e Nero;
112372;Adelaide Aimi;0;Fenici Rosse;Rosso e Arancione;Ali di Fuoco
112373;Furio Pesco;0;Serpenti Dorati;Oro e Rosso;Serpenti Dorati
112374;Valerio Cuffaro;0;Fulmini Verdi;Verde e Giallo;Lampi Verdi
112375;Margherita Fregolent;0;Ippopotami Viola;Viola e Oro;
112376;Lorenzo Crippa;0;Tigri Nere;Nero e Arancione;Tigri Infuocate
112377;Roberto Maria Ferdinando Agogliati;0;Serpenti Dorati;Oro e Rosso;Serpenti Dorati
112378;Pietro Maturani;0;Dragoni Rossi;Rosso e Nero;Fiamme Rosse
112379;Lionello Milio;0;Fenici Rosse;Rosso e Arancione;Ali di Fuoco
112380;Gianluigi Co';0;Pinguini Polari;Bianco e Nero;
112381;Gaspare Antonio Caligiuri;0;Dragoni Rossi;Rosso e Nero;Fiamme Rosse
112382;Antonio Piccone;0;Cavalli Selvaggi;Rosso e Argento;Cavalieri Selvaggi
112383;Gianpiero Carlo Bucciarelli;0;Falchi Grigi;Grigio e Nero;Falchi del Vento
112384;Ricardo Antonio Iori;0;Squali Azzurri;Azzurro e Bianco;Predatori del Mare
112385;Fiorello Franceschelli;0;Cavalieri d'Argento;Argento e Blu;
112386;Cinzia Miglio;0;Orsi Polari;Bianco e Blu;
112387;Raffaela Tocci;0;Fulmini Verdi;Verde e Giallo;Lampi Verdi
112388;Vittoria Lucherini;0;Coccodrilli Verdi;Verde e Marrone;Coccodrilli d'Acciaio
112389;Fulvio Caselli;0;Dragoni Rossi;Rosso e Nero;Fiamme Rosse
112390;Emma Lo Moro;0;Orsi Polari;Bianco e Blu;
112391;Maria Cristina Russo Spena;0;Gufi Notturni;Viola e Grigio;Occhi nella Notte
112392;Gianclaudio Bordon;0;Lupi del Nord;Bianco e Grigio;Ululati del Nord
112393;Emilio Paolo Lomuti;0;Corvi della Tempesta;Grigio e Blu;Tempesta Oscura
112394;Gianvittorio Gallone;0;Zebre Striate;Bianco e Rosso;Zebre Elettriche
112395;Mattia Lotito;0;Serpenti Dorati;Oro e Rosso;Serpenti Dorati
112396;Liliana Spinello;0;Lupi del Nord;Bianco e Grigio;Ululati del Nord
112397;Cesare Chiaromonte;0;Pantere Rosa;Rosa e Grigio;Pantere Fiere
112398;Alessandro Elia;0;Dragoni Rossi;Rosso e Nero;Fiamme Rosse
112399;Ilaria Taviani;0;Tigri Nere;Nero e Arancione;Tigri Infuocate
112400;Erminia Rebuzzi;0;Pinguini Polari;Bianco e Nero;
112401;Antonio Franco Montevecchi;0;Leoni Dorati;Giallo e Nero;Leoni Ruggenti
112402;Enzo Siri;0;Coccodrilli Verdi;Verde e Marrone;Coccodrilli d'Acciaio
112403;Manfredi Ioannucci;0;Serpenti Dorati;Oro e Rosso;Serpenti Dorati
112404;Rocco Biancofiore;0;Rinoceronti Blu;Verde e Argento;Rino Blu
112405;Vladimiro Gentile;0;Ippopotami Viola;Viola e Oro;
112406;Adriano Alfieri;0;Corvi della Tempesta;Grigio e Blu;Tempesta Oscura
112407;Furio Castellani;0;Orsi Polari;Bianco e Blu;
112408;Isabella Gallicchio;0;Pavoni Reali;Oro e Viola;Ali Reali
112409;Piero Petrucci;0;Volpi del Bosco;Blu e Rosso;Volpi Veloci
112410;Elio Massimo Zedda;0;Rinoceronti Blu;Verde e Argento;Rino Blu
112411;Sergio D'ascola;0;Corvi della Tempesta;Grigio e Blu;Tempesta Oscura
112412;Maria Rosaria Ciampi;0;Cavalieri d'Argento;Argento e Blu;
112413;Ada Iervolino;0;Leoni Dorati;Giallo e Nero;Leoni Ruggenti
112414;Elidio Modica;0;Cavalieri d'Argento;Argento e Blu;
112415;Gino De Bonis;0;Ippopotami Viola;Viola e Oro;
112416;Oreste Gibiino;0;Lupi del Nord;Bianco e Grigio;Ululati del Nord
112417;Aurelio Giuseppe Rossomando;0;Delfini Argentati;Argento e Nero;Onde Argentate
112418;Magda Comaroli;0;Fulmini Verdi;Verde e Giallo;Lampi Verdi
112419;Rocco Vito Paravia;0;Scorpioni Rossi;Giallo e Verde;Scorpioni d'Acciaio
112420;Franco Maconi;0;Gufi Notturni;Viola e Grigio;Occhi nella Notte
112421;Alberto Larizza;0;Corvi della Tempesta;Grigio e Blu;Tempesta Oscura
112422;Cataldo Antinoro;0;Leoni Dorati;Giallo e Nero;Leoni Ruggenti
112423;Vittoria Zanda;0;Corvi della Tempesta;Grigio e Blu;Tempesta Oscura
112424;Ruggiero Migliavacca;0;Fulmini Verdi;Verde e Giallo;Lampi Verdi
112425;Felice Carlo Sudano;0;Lupi del Nord;Bianco e Grigio;Ululati del Nord
112426;Stanislao Alessandro Faraone;0;Pavoni Reali;Oro e Viola;Ali Reali
112427;Tino Pogliese;0;Elefanti Grigi;Nero e Bianco;Elefanti Titanici
112428;Matteo Mazzatorta;0;Cinghiali Selvaggi;Marrone e Verde;Cinghiali Ruggenti
112429;Sabrina Crino';0;Fulmini Verdi;Verde e Giallo;Lampi Verdi
112430;Maria Agostina Comaroli;0;Falchi Grigi;Grigio e Nero;Falchi del Vento
112431;Claudio Germana';0;Pavoni Reali;Oro e Viola;Ali Reali
112432;Carmela Zancan;0;Fulmini Verdi;Verde e Giallo;Lampi Verdi
112433;Virginia Diana;0;Dragoni Rossi;Rosso e Nero;Fiamme Rosse
112434;Ilaria Spinelli;0;Leoni Dorati;Giallo e Nero;Leoni Ruggenti
112435;Elia Piccinelli;0;Fenici Rosse;Rosso e Arancione;Ali di Fuoco
112436;Alessia Martinat;0;Tigri Nere;Nero e Arancione;Tigri Infuocate
112437;Sandra Ortolani;0;Fulmini Verdi;Verde e Giallo;Lampi Verdi
112438;Egidio Luigi Mungari;0;Volpi del Bosco;Blu e Rosso;Volpi Veloci
112439;Anna Carmela Cioffi;0;Cavalli Selvaggi;Rosso e Argento;Cavalieri Selvaggi
112440;Rosaria Dessi';0;Rinoceronti Blu;Verde e Argento;Rino Blu
112441;Sergio Paragone;0;Pantere Rosa;Rosa e Grigio;Pantere Fiere
112442;Denis Moro;0;Cavalli Selvaggi;Rosso e Argento;Cavalieri Selvaggi
112443;Rosa Angela Fina;0;Pavoni Reali;Oro e Viola;Ali Reali
112444;Antonella Campagna;0;Leoni Dorati;Giallo e Nero;Leoni Ruggenti
112445;Elvira Lucia Galardi;0;Fulmini Verdi;Verde e Giallo;Lampi Verdi
112446;Maria Giuseppa Sterpa;0;Delfini Argentati;Argento e Nero;Onde Argentate
112447;Giuliomaria Morgando;0;Scorpioni Rossi;Giallo e Verde;Scorpioni d'Acciaio
112448;Giuliano Barbieri;0;Fulmini Verdi;Verde e Giallo;Lampi Verdi
112449;Maria Elisabetta Pera;0;Leoni Dorati;Giallo e Nero;Leoni Ruggenti
112450;Costanzo Campari;0;Camaleonti Arcobaleno;Blu e Verde;Camaleonti Magici
112451;Aldo Cimmino;0;Serpenti Dorati;Oro e Rosso;Serpenti Dorati
112452;Giuliomaria Gualtieri;0;Falchi Grigi;Grigio e Nero;Falchi del Vento
112453;Carlo Azeglio Sinisi;0;Corvi della Tempesta;Grigio e Blu;Tempesta Oscura
112454;Antonio Gianfranco Chiaromonte;0;Pavoni Reali;Oro e Viola;Ali Reali
112455;Riccardo Sironi;0;Tigri Nere;Nero e Arancione;Tigri Infuocate
112456;Edo Granato;0;Aquile Reali;Blu e Oro;Reali del Cielo
112457;Elisa Pirro;0;Zebre Striate;Bianco e Rosso;Zebre Elettriche
112458;Gilberto Gatti;0;Squali Azzurri;Azzurro e Bianco;Predatori del Mare
112459;Mauro Maria Passigli;0;Cavalli Selvaggi;Rosso e Argento;Cavalieri Selvaggi
112460;Assuntela Pavanelli;0;Coccodrilli Verdi;Verde e Marrone;Coccodrilli d'Acciaio
112461;Maria Luisa Rutelli;0;Falchi Grigi;Grigio e Nero;Falchi del Vento
112462;Livio Boldi;0;Serpenti Dorati;Oro e Rosso;Serpenti Dorati
112463;Maria Celeste D'amico;0;Falchi Grigi;Grigio e Nero;Falchi del Vento
112464;Daniele Gaetano Longhi;0;Gatti Neri;Nero e Viola;
112465;Pier Ferdinando Zin;0;Pantere Rosa;Rosa e Grigio;Pantere Fiere
112466;Pietro Grillo;0;Fulmini Verdi;Verde e Giallo;Lampi Verdi
112467;Rina Garruti;0;Corvi della Tempesta;Grigio e Blu;Tempesta Oscura
112468;Gianpiero Carlo Patuanelli;0;Zebre Striate;Bianco e Rosso;Zebre Elettriche
112469;Fabrizio Fattori;0;Falchi Grigi;Grigio e Nero;Falchi del Vento
112470;Eugenio Mario Lannutti;0;Coccodrilli Verdi;Verde e Marrone;Coccodrilli d'Acciaio
112471;Ottaviano D'ambrosio;0;Scorpioni Rossi;Giallo e Verde;Scorpioni d'Acciaio
112472;Ornella Bonfietti;0;Zebre Striate;Bianco e Rosso;Zebre Elettriche
112473;Aldo Potenti;0;Corvi della Tempesta;Grigio e Blu;Tempesta Oscura
112474;Aurelio Giuseppe Contini;0;Pinguini Polari;Bianco e Nero;
112475;Alessio Squarcialupi;0;Ippopotami Viola;Viola e Oro;
112476;Renato Guerino Caprili;0;Rinoceronti Blu;Verde e Argento;Rino Blu
112477;Dafne Amorena;0;Aquile Reali;Blu e Oro;Reali del Cielo
112478;Natale Maria Alfonso Giarrusso;0;Fenici Rosse;Rosso e Arancione;Ali di Fuoco
112479;Eva Legnini;0;Lupi del Nord;Bianco e Grigio;Ululati del Nord
112480;Silvana Andreina Serafini;0;Serpenti Dorati;Oro e Rosso;Serpenti Dorati
112481;Lodovico Crescenzio;0;Dragoni Rossi;Rosso e Nero;Fiamme Rosse
112482;Gianfranco Perosino;0;Orsi Polari;Bianco e Blu;
112483;Luis Alberto Robol;0;Serpenti Dorati;Oro e Rosso;Serpenti Dorati
112484;Elisa Cutrufo;0;Pavoni Reali;Oro e Viola;Ali Reali
112485;Carla Alderisi;0;Elefanti Grigi;Nero e Bianco;Elefanti Titanici
112486;Esteban Juan Napoli;0;Corvi della Tempesta;Grigio e Blu;Tempesta Oscura
112487;Michele Arcangelo Crimi;0;Coccodrilli Verdi;Verde e Marrone;Coccodrilli d'Acciaio
112488;Valter Causin;0;Falchi Grigi;Grigio e Nero;Falchi del Vento
112489;Alois Germana';0;Serpenti Dorati;Oro e Rosso;Serpenti Dorati
112490;Giacinto Moro;0;Camaleonti Arcobaleno;Blu e Verde;Camaleonti Magici
112491;Alessandrina Paita;0;Cavalieri d'Argento;Argento e Blu;
112492;Sandro Vedani;0;Delfini Argentati;Argento e Nero;Onde Argentate
112493;Livio Amato;0;Rinoceronti Blu;Verde e Argento;Rino Blu
112494;Caterina Silvestro;0;Serpenti Dorati;Oro e Rosso;Serpenti Dorati
112495;Andrea Gelmetti;0;Dragoni Rossi;Rosso e Nero;Fiamme Rosse
112496;Arturo Mario Poretti;0;Pavoni Reali;Oro e Viola;Ali Reali
112497;Amedeo Mazzoni;0;Zebre Striate;Bianco e Rosso;Zebre Elettriche
112498;Guido Quintino Battafarano;0;Volpi del Bosco;Blu e Rosso;Volpi Veloci
112499;Colomba Pianetta;0;Camaleonti Arcobaleno;Blu e Verde;Camaleonti Magici
112500;Stanislao Gotor;0;Pantere Rosa;Rosa e Grigio;Pantere Fiere
112501;Adele Zanettin;0;Aquile Blu;Blu e Bianco;Aquile Volanti
112502;Giannicola Monteleone;0;Zebre Striate;Bianco e Rosso;Zebre Elettriche
112503;Laura Furlan;0;Pinguini Polari;Bianco e Nero;
112504;Fabio Storace;0;Tigri Nere;Nero e Arancione;Tigri Infuocate
112505;Santo Piarulli;0;Corvi della Tempesta;Grigio e Blu;Tempesta Oscura
112506;Adelaide Renzi;0;Pantere Rosa;Rosa e Grigio;Pantere Fiere
112507;Elio Danieli;0;Pantere Rosa;Rosa e Grigio;Pantere Fiere
112508;Lucio Valentini;0;Zebre Striate;Bianco e Rosso;Zebre Elettriche
112509;Vittorio Marri;0;Lupi del Nord;Bianco e Grigio;Ululati del Nord
112510;Francesca Maiorino;0;Leoni Dorati;Giallo e Nero;Leoni Ruggenti
112511;Graziano Vita;0;Cinghiali Selvaggi;Marrone e Verde;Cinghiali Ruggenti
112512;Piero Sanna;0;Gatti Neri;Nero e Viola;
112513;Christian Lopreiato;0;Elefanti Grigi;Nero e Bianco;Elefanti Titanici
112514;Giampaolo Vittorio Elio Maraventano;0;Pavoni Reali;Oro e Viola;Ali Reali
112515;Gino Giordano;0;Tigri Nere;Nero e Arancione;Tigri Infuocate
112516;Vladimiro Giordano;0;Delfini Argentati;Argento e Nero;Onde Argentate
112517;Guido Cesare Papini;0;Aquile Reali;Blu e Oro;Reali del Cielo
112518;Angelo Maria Thaler Ausserhofer;0;Coccodrilli Verdi;Verde e Marrone;Coccodrilli d'Acciaio
112519;Edo Falanga;0;Tigri Nere;Nero e Arancione;Tigri Infuocate
112520;Dafne Cosentino;0;Coccodrilli Verdi;Verde e Marrone;Coccodrilli d'Acciaio
112521;Dolores Monti;0;Fenici Rosse;Rosso e Arancione;Ali di Fuoco
112522;Emanuela Frau;0;Scorpioni Rossi;Giallo e Verde;Scorpioni d'Acciaio
112523;Gian Giacomo Maran;0;Coccodrilli Verdi;Verde e Marrone;Coccodrilli d'Acciaio
112524;Renato Bevilacqua;0;Elefanti Grigi;Nero e Bianco;Elefanti Titanici
112525;Italo Florino;0;Lupi del Nord;Bianco e Grigio;Ululati del Nord
112526;Alessio Mantica;0;Serpenti Dorati;Oro e Rosso;Serpenti Dorati
112527;Raffaella Fiormaria De Rigo;0;Lupi del Nord;Bianco e Grigio;Ululati del Nord
112528;Aurora Di Nardo;0;Elefanti Grigi;Nero e Bianco;Elefanti Titanici
112529;Domenica Costa;0;Orsi Polari;Bianco e Blu;
112530;Sauro Turco;0;Gufi Notturni;Viola e Grigio;Occhi nella Notte
112531;Stanislao Alessandro De Lucia;0;Zebre Striate;Bianco e Rosso;Zebre Elettriche
112532;Fulvia Michela Losacco;0;Fenici Rosse;Rosso e Arancione;Ali di Fuoco
112533;Renzo Burani Procaccini;0;Aquile Reali;Blu e Oro;Reali del Cielo
112534;Gian Guido Borgonzoni;0;Gufi Notturni;Viola e Grigio;Occhi nella Notte
112535;Francesco Saverio Gambini;0;Elefanti Grigi;Nero e Bianco;Elefanti Titanici
112536;Massimo Galliani;0;Gufi Notturni;Viola e Grigio;Occhi nella Notte
112537;Adriano Danzi;0;Fulmini Verdi;Verde e Giallo;Lampi Verdi
112538;Christian Bastico;0;Scorpioni Rossi;Giallo e Verde;Scorpioni d'Acciaio
112539;Giuliano Scivoletto;0;Pavoni Reali;Oro e Viola;Ali Reali
112540;Sauro Mura;0;Scorpioni Rossi;Giallo e Verde;Scorpioni d'Acciaio
112541;Euprepio Lucherini;0;Pinguini Polari;Bianco e Nero;
112542;Lorenzo Staniscia;0;Delfini Argentati;Argento e Nero;Onde Argentate
112543;Valerio Bossi;0;Scorpioni Rossi;Giallo e Verde;Scorpioni d'Acciaio
112544;Gilberto Morgoni;0;Fulmini Verdi;Verde e Giallo;Lampi Verdi
112545;Ersilia Baldassarri;0;Pavoni Reali;Oro e Viola;Ali Reali
112546;Francesco Antonio De Eccher;0;Dragoni Rossi;Rosso e Nero;Fiamme Rosse
112547;Roberto Maria Ferdinando Colli;0;Aquile Blu;Blu e Bianco;Aquile Volanti
112548;Rosa Silvana Guzzanti;0;Gatti Neri;Nero e Viola;
112549;Flavio Mieli;0;Serpenti Dorati;Oro e Rosso;Serpenti Dorati
112550;Giovanni Lorenzo Bruno Ganeri;0;Pantere Rosa;Rosa e Grigio;Pantere Fiere
112551;Tana Augello;0;Ippopotami Viola;Viola e Oro;
112552;Cristano Demasi;0;Scorpioni Rossi;Giallo e Verde;Scorpioni d'Acciaio
112553;Marinella Rojc;0;Pantere Rosa;Rosa e Grigio;Pantere Fiere
112554;Tarcisio Leoni;0;Coccodrilli Verdi;Verde e Marrone;Coccodrilli d'Acciaio
112555;Mauro Maria Petrucci;0;Squali Azzurri;Azzurro e Bianco;Predatori del Mare
112556;Gaetano Antonio Gramazio;0;Rinoceronti Blu;Verde e Argento;Rino Blu
112557;Anna Cinzia Fede;0;Cinghiali Selvaggi;Marrone e Verde;Cinghiali Ruggenti
112558;Gianclaudio Castiglione;0;Falchi Grigi;Grigio e Nero;Falchi del Vento
112559;Antonio Salvatore Fina;0;Serpenti Dorati;Oro e Rosso;Serpenti Dorati
112560;Marco Dirindin;0;Gufi Notturni;Viola e Grigio;Occhi nella Notte
112561;Sebastiano Acciarini;0;Elefanti Grigi;Nero e Bianco;Elefanti Titanici
112562;Adele Ricchiuti;0;Pavoni Reali;Oro e Viola;Ali Reali
112563;Vilma Abate;0;Dragoni Rossi;Rosso e Nero;Fiamme Rosse
112564;Mauro Antonio Donato Petrenga;0;Tigri Nere;Nero e Arancione;Tigri Infuocate
112565;Giuseppe Luigi Salvatore Centaro;0;Pantere Rosa;Rosa e Grigio;Pantere Fiere
112566;Andrea Carmine Scoma;0;Orsi Polari;Bianco e Blu;
112567;Bachisio Silvio Naturale;0;Fenici Rosse;Rosso e Arancione;Ali di Fuoco
112568;Linda Durnwalder;0;Tigri Nere;Nero e Arancione;Tigri Infuocate
112569;Lorenzo Matrisciano;0;Ippopotami Viola;Viola e Oro;
112570;Pierpaolo Pertoldi;0;Dragoni Rossi;Rosso e Nero;Fiamme Rosse
112571;Antonino Senese;0;Ippopotami Viola;Viola e Oro;
112572;Michela Storace;0;Leoni Dorati;Giallo e Nero;Leoni Ruggenti
112573;Elisa Cossiga;0;Cinghiali Selvaggi;Marrone e Verde;Cinghiali Ruggenti
112574;Libero Cantalamessa;0;Pinguini Polari;Bianco e Nero;
112575;Manfredi Giacobbe;0;Tigri Nere;Nero e Arancione;Tigri Infuocate
112576;Gilberto Milo;0;Zebre Striate;Bianco e Rosso;Zebre Elettriche
112577;Serenella Vono;0;Leoni Dorati;Giallo e Nero;Leoni Ruggenti
112578;Matteo Tesei;0;Rinoceronti Blu;Verde e Argento;Rino Blu
112579;Francesco Antonio Banti;0;Dragoni Rossi;Rosso e Nero;Fiamme Rosse
112580;Vidmer Mazzella;0;Coccodrilli Verdi;Verde e Marrone;Coccodrilli d'Acciaio
112581;Arnaldo Novi;0;Squali Azzurri;Azzurro e Bianco;Predatori del Mare
112582;Stelio Barbolini;0;Lupi del Nord;Bianco e Grigio;Ululati del Nord
112583;Virginia Pianasso;0;Fenici Rosse;Rosso e Arancione;Ali di Fuoco
112584;Massimo Franceschelli;0;Fenici Rosse;Rosso e Arancione;Ali di Fuoco
112585;Mauro Maria Gubert;0;Squali Azzurri;Azzurro e Bianco;Predatori del Mare
112586;Donato Tommaso Pucciarelli;0;Delfini Argentati;Argento e Nero;Onde Argentate
112587;Italo Verro;0;Fulmini Verdi;Verde e Giallo;Lampi Verdi
112588;Domenica Causin;0;Cinghiali Selvaggi;Marrone e Verde;Cinghiali Ruggenti
112589;Daniela Mazzuconi;0;Cavalli Selvaggi;Rosso e Argento;Cavalieri Selvaggi
112590;Gianluca Montagna;0;Scorpioni Rossi;Giallo e Verde;Scorpioni d'Acciaio
112591;Severino Toninelli;0;Rinoceronti Blu;Verde e Argento;Rino Blu
112592;Filadelfio Guido Idem;0;Cavalli Selvaggi;Rosso e Argento;Cavalieri Selvaggi
112593;Magda Angela Archiutti;0;Leoni Dorati;Giallo e Nero;Leoni Ruggenti
112594;Furio Zilio;0;Cinghiali Selvaggi;Marrone e Verde;Cinghiali Ruggenti
112595;Bruno Lisi;0;Cinghiali Selvaggi;Marrone e Verde;Cinghiali Ruggenti
112596;Lucia Scilipoti Isgro';0;Pinguini Polari;Bianco e Nero;
112597;Sergio Giarrusso;0;Delfini Argentati;Argento e Nero;Onde Argentate
112598;Niccolo' Poli Bortone;0;Aquile Blu;Blu e Bianco;Aquile Volanti
112599;Flavio Valpiana;0;Pinguini Polari;Bianco e Nero;
112600;Marinella Reccia;0;Falchi Grigi;Grigio e Nero;Falchi del Vento
112601;Stelio Liotta;0;Cavalli Selvaggi;Rosso e Argento;Cavalieri Selvaggi
112602;Furio Fallucchi;0;Scorpioni Rossi;Giallo e Verde;Scorpioni d'Acciaio
112603;Rosa Rosa;0;Ippopotami Viola;Viola e Oro;
112604;Angelo Camusso;0;Falchi Grigi;Grigio e Nero;Falchi del Vento
112605;Maria Teresa Fausti;0;Fulmini Verdi;Verde e Giallo;Lampi Verdi
112606;Tommaso Emprin Gilardini;0;Cavalieri d'Argento;Argento e Blu;
112607;Cesare Segre;0;Leoni Dorati;Giallo e Nero;Leoni Ruggenti
112608;Tiziana Carmela Rosaria Bastico;0;Delfini Argentati;Argento e Nero;Onde Argentate
112609;Tony Chike La Marca;0;Rinoceronti Blu;Verde e Argento;Rino Blu
112610;Costantino Lanzi;0;Cavalli Selvaggi;Rosso e Argento;Cavalieri Selvaggi
112611;Tullio Faraone;0;Gufi Notturni;Viola e Grigio;Occhi nella Notte
112612;Augusto Monticone;0;Cinghiali Selvaggi;Marrone e Verde;Cinghiali Ruggenti
112613;Beatrice Spinelli;0;Ippopotami Viola;Viola e Oro;
112614;Gianpaolo Balboni;0;Camaleonti Arcobaleno;Blu e Verde;Camaleonti Magici
112615;Fiammetta Vallone;0;Rinoceronti Blu;Verde e Argento;Rino Blu
112616;Maria Antonietta Capelli;0;Leoni Dorati;Giallo e Nero;Leoni Ruggenti
112617;Furio Maffioli;0;Lupi del Nord;Bianco e Grigio;Ululati del Nord
112618;Rosa Migone;0;Delfini Argentati;Argento e Nero;Onde Argentate
112619;Giuseppe Occhetto;0;Fulmini Verdi;Verde e Giallo;Lampi Verdi
112620;Demetrio Valdinosi;0;Aquile Blu;Blu e Bianco;Aquile Volanti
112621;Renato Guerino Cassinelli;0;Corvi della Tempesta;Grigio e Blu;Tempesta Oscura
112622;Stefania Gabriella Anastasia Marcucci;0;Fenici Rosse;Rosso e Arancione;Ali di Fuoco
112623;Antonio Stefano Della Monica;0;Serpenti Dorati;Oro e Rosso;Serpenti Dorati
112624;Gregorio Romano;0;Aquile Blu;Blu e Bianco;Aquile Volanti
112625;Massimo Vittorio Bertacco;0;Dragoni Rossi;Rosso e Nero;Fiamme Rosse
112626;Gaetano Franceschini;0;Pavoni Reali;Oro e Viola;Ali Reali
112627;Gavino Nardini;0;Cavalli Selvaggi;Rosso e Argento;Cavalieri Selvaggi
112628;Romano Magliocchetti;0;Squali Azzurri;Azzurro e Bianco;Predatori del Mare
112629;Simonetta Coronella;0;Gatti Neri;Nero e Viola;
112630;Bruno Basile;0;Dragoni Rossi;Rosso e Nero;Fiamme Rosse
112631;Salvatore Tito Tirelli;0;Tigri Nere;Nero e Arancione;Tigri Infuocate
112632;Manuel Durigon;0;Scorpioni Rossi;Giallo e Verde;Scorpioni d'Acciaio
112633;Elia Gaglione;0;Dragoni Rossi;Rosso e Nero;Fiamme Rosse
112634;Rosa Valente;0;Tigri Nere;Nero e Arancione;Tigri Infuocate
112635;Maria Chiara Di Nardo;0;Coccodrilli Verdi;Verde e Marrone;Coccodrilli d'Acciaio
112636;Manuela Palermo;0;Fenici Rosse;Rosso e Arancione;Ali di Fuoco
112637;Nicoletta Follieri;0;Pavoni Reali;Oro e Viola;Ali Reali
112638;Vittoria Francesca Maria Polito;0;Cavalli Selvaggi;Rosso e Argento;Cavalieri Selvaggi
112639;Patrizio Di Lello Finuoli;0;Orsi Polari;Bianco e Blu;
112640;Adele Viserta Costantini;0;Lupi del Nord;Bianco e Grigio;Ululati del Nord
112641;Gino Rubbia;0;Serpenti Dorati;Oro e Rosso;Serpenti Dorati
112642;Mario Ciarrapico;0;Falchi Grigi;Grigio e Nero;Falchi del Vento
112643;Walter Guasti;0;Fulmini Verdi;Verde e Giallo;Lampi Verdi
112644;Rosario Fornaro;0;Pinguini Polari;Bianco e Nero;
112645;Maria Claudia Morgando;0;Aquile Blu;Blu e Bianco;Aquile Volanti
112646;Ortensio Dell'olio;0;Falchi Grigi;Grigio e Nero;Falchi del Vento
112647;Karl Di Piazza;0;Dragoni Rossi;Rosso e Nero;Fiamme Rosse
112648;Beppe Monti;0;Tigri Nere;Nero e Arancione;Tigri Infuocate
112649;Enzo Giorgio Secondo Morelli;0;Cavalli Selvaggi;Rosso e Argento;Cavalieri Selvaggi
112650;Ettore Antonio Ripamonti;0;Rinoceronti Blu;Verde e Argento;Rino Blu
112651;Pippo Pirondini;0;Falchi Grigi;Grigio e Nero;Falchi del Vento
112652;Stefano Fontana;0;Tigri Nere;Nero e Arancione;Tigri Infuocate
112653;Accursio Dessi';0;Lupi del Nord;Bianco e Grigio;Ululati del Nord
112654;Dafne Callegaro;0;Pinguini Polari;Bianco e Nero;
112655;Orietta Cucca;0;Dragoni Rossi;Rosso e Nero;Fiamme Rosse
112656;Edo Marini;0;Volpi del Bosco;Blu e Rosso;Volpi Veloci
112657;Gianpiero Vattuone;0;Scorpioni Rossi;Giallo e Verde;Scorpioni d'Acciaio
112658;Cristiano Misiani;0;Gufi Notturni;Viola e Grigio;Occhi nella Notte
112659;Angelica Maran;0;Fulmini Verdi;Verde e Giallo;Lampi Verdi
112660;Francesco Bogo Deledda;0;Pantere Rosa;Rosa e Grigio;Pantere Fiere
112661;Enzo Giorgio Secondo Cirinna';0;Squali Azzurri;Azzurro e Bianco;Predatori del Mare
112662;Oscar Luigi De Carolis;0;Leoni Dorati;Giallo e Nero;Leoni Ruggenti
112663;Ciro Stanca;0;Camaleonti Arcobaleno;Blu e Verde;Camaleonti Magici
112664;Nazario Parrini;0;Delfini Argentati;Argento e Nero;Onde Argentate
112665;Gelsomina Petrenga;0;Serpenti Dorati;Oro e Rosso;Serpenti Dorati
112666;Maria Luisa Fantetti;0;Fulmini Verdi;Verde e Giallo;Lampi Verdi
112667;Giovanna Castro;0;Zebre Striate;Bianco e Rosso;Zebre Elettriche
112668;Giusy Pionati;0;Fenici Rosse;Rosso e Arancione;Ali di Fuoco
112669;Nunzia Cintola;0;Rinoceronti Blu;Verde e Argento;Rino Blu
112670;Venera Michelini;0;Pantere Rosa;Rosa e Grigio;Pantere Fiere
112671;Maria Stanca;0;Gatti Neri;Nero e Viola;
112672;Marco Terracini;0;Pavoni Reali;Oro e Viola;Ali Reali
112673;Gianvittorio Coronella;0;Corvi della Tempesta;Grigio e Blu;Tempesta Oscura
112674;Carla Gubert;0;Serpenti Dorati;Oro e Rosso;Serpenti Dorati
112675;Daria Astore;0;Gufi Notturni;Viola e Grigio;Occhi nella Notte
112676;Raffaella Delrio;0;Scorpioni Rossi;Giallo e Verde;Scorpioni d'Acciaio
112677;Gino Emprin Gilardini;0;Camaleonti Arcobaleno;Blu e Verde;Camaleonti Magici
112678;Camilla Barbato;0;Tigri Nere;Nero e Arancione;Tigri Infuocate
112679;Bernabo' Donadi;0;Lupi del Nord;Bianco e Grigio;Ululati del Nord
112680;Luciana Zuccherini;0;Cinghiali Selvaggi;Marrone e Verde;Cinghiali Ruggenti
112681;Vincenzo Ventucci;0;Falchi Grigi;Grigio e Nero;Falchi del Vento
112682;Raffaella Fiormaria Sodano;0;Elefanti Grigi;Nero e Bianco;Elefanti Titanici
112683;Ferdinando Rojc;0;Squali Azzurri;Azzurro e Bianco;Predatori del Mare
112684;Renato Serafini;0;Zebre Striate;Bianco e Rosso;Zebre Elettriche
112685;Gian Carlo Rapani;0;Dragoni Rossi;Rosso e Nero;Fiamme Rosse
112686;Pierluigi Palmizio;0;Elefanti Grigi;Nero e Bianco;Elefanti Titanici
112687;Rocco Nocerino;0;Cavalieri d'Argento;Argento e Blu;
112688;Tommaso De Siano;0;Zebre Striate;Bianco e Rosso;Zebre Elettriche
112689;Ida Scopelliti;0;Tigri Nere;Nero e Arancione;Tigri Infuocate
112690;Milos Biancofiore;0;Elefanti Grigi;Nero e Bianco;Elefanti Titanici
112691;Pietro Villari;0;Camaleonti Arcobaleno;Blu e Verde;Camaleonti Magici
112692;Ombretta Maria Moscardelli;0;Fulmini Verdi;Verde e Giallo;Lampi Verdi
112693;Vittoria Francesca Maria Satta;0;Pavoni Reali;Oro e Viola;Ali Reali
112694;Nicolo' Zullo;0;Aquile Reali;Blu e Oro;Reali del Cielo
112695;Loredana Bonino;0;Cavalieri d'Argento;Argento e Blu;
112696;Raffaella Matteoli;0;Pinguini Polari;Bianco e Nero;
112697;Esteban Juan Franco;0;Serpenti Dorati;Oro e Rosso;Serpenti Dorati
112698;Lorenzo Emilio Matrisciano;0;Pinguini Polari;Bianco e Nero;
112699;Francesco Enrico Bagnai;0;Elefanti Grigi;Nero e Bianco;Elefanti Titanici
112700;Sonia Morgoni;0;Leoni Dorati;Giallo e Nero;Leoni Ruggenti
112701;Leonardo Forcieri;0;Cavalli Selvaggi;Rosso e Argento;Cavalieri Selvaggi
112702;Sergio Lomuti;0;Pinguini Polari;Bianco e Nero;
112703;Giancarlo Torrisi;0;Zebre Striate;Bianco e Rosso;Zebre Elettriche
112704;Lino Bonavita;0;Aquile Reali;Blu e Oro;Reali del Cielo
112705;Alan Bettini;0;Delfini Argentati;Argento e Nero;Onde Argentate
112706;Michelina Scalfaro;0;Scorpioni Rossi;Giallo e Verde;Scorpioni d'Acciaio
112707;Rocco Bonaiuti;0;Pantere Rosa;Rosa e Grigio;Pantere Fiere
112708;Raffaela Borioli;0;Fenici Rosse;Rosso e Arancione;Ali di Fuoco
112709;Renato Auddino;0;Delfini Argentati;Argento e Nero;Onde Argentate
112710;Meinhard Adduce;0;Cavalli Selvaggi;Rosso e Argento;Cavalieri Selvaggi
112711;Erminia Ortolani;0;Scorpioni Rossi;Giallo e Verde;Scorpioni d'Acciaio
112712;Alberto Felice Simone Pellicini;0;Aquile Blu;Blu e Bianco;Aquile Volanti
112713;Renato Guerino Debenedetti;0;Cavalieri d'Argento;Argento e Blu;
112714;Livia De Luca;0;Corvi della Tempesta;Grigio e Blu;Tempesta Oscura
112715;Cosimo Verdini;0;Tigri Nere;Nero e Arancione;Tigri Infuocate
112716;Erica Maritati;0;Tigri Nere;Nero e Arancione;Tigri Infuocate
112717;Tamara Granaiola;0;Cavalieri d'Argento;Argento e Blu;
112718;Gian Piero Maiorino;0;Elefanti Grigi;Nero e Bianco;Elefanti Titanici
112719;Lucrezia Pirondini;0;Falchi Grigi;Grigio e Nero;Falchi del Vento
112720;Enzo Grimani;0;Falchi Grigi;Grigio e Nero;Falchi del Vento
112721;Ida Maria Boscetto;0;Dragoni Rossi;Rosso e Nero;Fiamme Rosse
112722;Fulvio Cesaro;0;Fenici Rosse;Rosso e Arancione;Ali di Fuoco
112723;Rosa Silvana Castellani;0;Squali Azzurri;Azzurro e Bianco;Predatori del Mare
112724;Marino Germano Ceruti;0;Leoni Dorati;Giallo e Nero;Leoni Ruggenti
112725;Francesco Saverio Arlacchi;0;Zebre Striate;Bianco e Rosso;Zebre Elettriche
112726;Gian Piero Candiani;0;Pantere Rosa;Rosa e Grigio;Pantere Fiere
112727;Venera Langella;0;Delfini Argentati;Argento e Nero;Onde Argentate
112728;Marco Guzzanti;0;Rinoceronti Blu;Verde e Argento;Rino Blu
112729;Carlo Azeglio Laforgia;0;Squali Azzurri;Azzurro e Bianco;Predatori del Mare
112730;Serenella Zangrillo;0;Gufi Notturni;Viola e Grigio;Occhi nella Notte
112731;Cristina Giro;0;Lupi del Nord;Bianco e Grigio;Ululati del Nord
112732;Gustavo Pianasso;0;Pinguini Polari;Bianco e Nero;
112733;Mariastella Damante;0;Scorpioni Rossi;Giallo e Verde;Scorpioni d'Acciaio
112734;Silvestro Bergonzi;0;Coccodrilli Verdi;Verde e Marrone;Coccodrilli d'Acciaio
112735;Karl Marcora;0;Rinoceronti Blu;Verde e Argento;Rino Blu
112736;Ruggiero Colucci;0;Rinoceronti Blu;Verde e Argento;Rino Blu
112737;Valentino Novi;0;Cavalli Selvaggi;Rosso e Argento;Cavalieri Selvaggi
112738;Mariastella Piloni;0;Gatti Neri;Nero e Viola;
112739;Patrizio Silvestro;0;Ippopotami Viola;Viola e Oro;
112740;Ulisse Modica;0;Aquile Blu;Blu e Bianco;Aquile Volanti
112741;Fosco Cantini;0;Aquile Blu;Blu e Bianco;Aquile Volanti
112742;Nicola Di Orio;0;Elefanti Grigi;Nero e Bianco;Elefanti Titanici
112743;Lionello Bizzotto;0;Lupi del Nord;Bianco e Grigio;Ululati del Nord
112744;Gianni Pietro Silvestroni;0;Pavoni Reali;Oro e Viola;Ali Reali
112745;Franco Costantino Cardiello;0;Cinghiali Selvaggi;Marrone e Verde;Cinghiali Ruggenti
112746;Anna Carmela Scognamiglio Pasini;0;Ippopotami Viola;Viola e Oro;
112747;Emilio Boco;0;Volpi del Bosco;Blu e Rosso;Volpi Veloci
112748;Jonny Granaiola;0;Fenici Rosse;Rosso e Arancione;Ali di Fuoco
112749;Tancredi Ladu;0;Aquile Reali;Blu e Oro;Reali del Cielo
112750;Cristina Pizzinato;0;Coccodrilli Verdi;Verde e Marrone;Coccodrilli d'Acciaio
112751;Fiorenza Bucciero;0;Aquile Blu;Blu e Bianco;Aquile Volanti
112752;Gian Marco Bagnai;0;Aquile Reali;Blu e Oro;Reali del Cielo
112753;Gianpiero Alfonzi;0;Ippopotami Viola;Viola e Oro;
112754;Nunziante Di Nardo;0;Dragoni Rossi;Rosso e Nero;Fiamme Rosse
112755;Sabina Cassano;0;Cavalli Selvaggi;Rosso e Argento;Cavalieri Selvaggi
112756;Ombretta Maria Libe';0;Pantere Rosa;Rosa e Grigio;Pantere Fiere
112757;Tiziana Gabana;0;Fenici Rosse;Rosso e Arancione;Ali di Fuoco
112758;Sabrina Maffioli;0;Dragoni Rossi;Rosso e Nero;Fiamme Rosse
112759;Ettore Bini;0;Scorpioni Rossi;Giallo e Verde;Scorpioni d'Acciaio
112760;Antonio Garavini;0;Scorpioni Rossi;Giallo e Verde;Scorpioni d'Acciaio
112761;Calogero Zanoletti;0;Falchi Grigi;Grigio e Nero;Falchi del Vento
112762;Nadia Bucci;0;Leoni Dorati;Giallo e Nero;Leoni Ruggenti
112763;Aurelio Giuseppe Rubbia;0;Cinghiali Selvaggi;Marrone e Verde;Cinghiali Ruggenti
112764;Emilio Nicola Rognoni;0;Aquile Reali;Blu e Oro;Reali del Cielo
112765;Milziade Naccarato;0;Serpenti Dorati;Oro e Rosso;Serpenti Dorati
112766;Antonio Salvatore Lorusso;0;Tigri Nere;Nero e Arancione;Tigri Infuocate
112767;Roberto Maria Ferdinando Forlani;0;Leoni Dorati;Giallo e Nero;Leoni Ruggenti
112768;Alessandro Giro;0;Pinguini Polari;Bianco e Nero;
112769;Antonio Franco Schifani;0;Ippopotami Viola;Viola e Oro;
112770;Antonio Salvatore Lo Moro;0;Pinguini Polari;Bianco e Nero;
112771;Ulisse Barba;0;Fenici Rosse;Rosso e Arancione;Ali di Fuoco
112772;Rosa Del Pennino;0;Gatti Neri;Nero e Viola;
112773;Giovanni Pietro Forte;0;Pavoni Reali;Oro e Viola;Ali Reali
112774;Antonio Michele Bonfrisco;0;Coccodrilli Verdi;Verde e Marrone;Coccodrilli d'Acciaio
112775;Michela Rusconi;0;Fulmini Verdi;Verde e Giallo;Lampi Verdi
112776;Lara Latorre;0;Leoni Dorati;Giallo e Nero;Leoni Ruggenti
112777;Guido Walter Cesare Andreotti;0;Ippopotami Viola;Viola e Oro;
112778;Leonzio Cherchi;0;Leoni Dorati;Giallo e Nero;Leoni Ruggenti
112779;Donella Tecce;0;Cinghiali Selvaggi;Marrone e Verde;Cinghiali Ruggenti
112780;Dario Pecoraro Scanio;0;Zebre Striate;Bianco e Rosso;Zebre Elettriche
112781;Piero Fasiolo;0;Cinghiali Selvaggi;Marrone e Verde;Cinghiali Ruggenti
112782;Gavino Lasagna;0;Pantere Rosa;Rosa e Grigio;Pantere Fiere
112783;Sante Gelmetti;0;Rinoceronti Blu;Verde e Argento;Rino Blu
112784;Ester Ghigo;0;Cavalli Selvaggi;Rosso e Argento;Cavalieri Selvaggi
112785;Fulvia Michela Perosino;0;Pavoni Reali;Oro e Viola;Ali Reali
112786;Clemente Carpinelli;0;Orsi Polari;Bianco e Blu;
112787;Manfred Botto;0;Delfini Argentati;Argento e Nero;Onde Argentate
112788;Cecilia Mascioni;0;Leoni Dorati;Giallo e Nero;Leoni Ruggenti
112789;Barbara Dreosto;0;Dragoni Rossi;Rosso e Nero;Fiamme Rosse
112790;Maria Cristina Caruso;0;Fenici Rosse;Rosso e Arancione;Ali di Fuoco
112791;Giovanni Vittorio Giacobbe;0;Delfini Argentati;Argento e Nero;Onde Argentate
112792;Lamberto De Lucia;0;Dragoni Rossi;Rosso e Nero;Fiamme Rosse
112793;Giovanna Augello;0;Fenici Rosse;Rosso e Arancione;Ali di Fuoco
112794;Annalisa Mallegni;0;Zebre Striate;Bianco e Rosso;Zebre Elettriche
112795;Egidio Enrico Manara;0;Volpi del Bosco;Blu e Rosso;Volpi Veloci
112796;Emilio Paolo Lauria;0;Squali Azzurri;Azzurro e Bianco;Predatori del Mare
112797;Alberto Pietro Maria Centaro;0;Ippopotami Viola;Viola e Oro;
112798;Gaetano Rigo;0;Cinghiali Selvaggi;Marrone e Verde;Cinghiali Ruggenti
112799;Christian Magnolfi;0;Rinoceronti Blu;Verde e Argento;Rino Blu
112800;Lino Di Stefano;0;Gatti Neri;Nero e Viola;
112801;Virginia Galioto;0;Fulmini Verdi;Verde e Giallo;Lampi Verdi
112802;Raoul Valentino;0;Lupi del Nord;Bianco e Grigio;Ululati del Nord
112803;Franco Ladu;0;Gatti Neri;Nero e Viola;
112804;Tilde Barelli;0;Pantere Rosa;Rosa e Grigio;Pantere Fiere
112805;Angela Anna Bruna Sisler;0;Pantere Rosa;Rosa e Grigio;Pantere Fiere
112806;Emiddio Delrio;0;Pavoni Reali;Oro e Viola;Ali Reali
112807;Tiziana Campanella;0;Volpi del Bosco;Blu e Rosso;Volpi Veloci
112808;Rosaria Salvini;0;Aquile Blu;Blu e Bianco;Aquile Volanti
112809;Edoardo Ruta;0;Lupi del Nord;Bianco e Grigio;Ululati del Nord
112810;Alberto Felice Simone Gustavino;0;Dragoni Rossi;Rosso e Nero;Fiamme Rosse
112811;Carlo Luigi Caponi;0;Volpi del Bosco;Blu e Rosso;Volpi Veloci
112812;Emanuele De Castro;0;Gufi Notturni;Viola e Grigio;Occhi nella Notte
112813;Meinhard Archiutti;0;Dragoni Rossi;Rosso e Nero;Fiamme Rosse
112814;Annalisa Stanisci;0;Cavalieri d'Argento;Argento e Blu;
112815;Anna Carmela Follini;0;Ippopotami Viola;Viola e Oro;
112816;Marcello Servello;0;Camaleonti Arcobaleno;Blu e Verde;Camaleonti Magici
112817;Davide Versace;0;Gufi Notturni;Viola e Grigio;Occhi nella Notte
112818;Adriano Chiurazzi;0;Camaleonti Arcobaleno;Blu e Verde;Camaleonti Magici
112819;Danila Izzo;0;Zebre Striate;Bianco e Rosso;Zebre Elettriche
112820;Jose' Luiz Giorgis;0;Fulmini Verdi;Verde e Giallo;Lampi Verdi
112821;Ricardo Antonio Calderoli;0;Pantere Rosa;Rosa e Grigio;Pantere Fiere
112822;Nedo Lorenzo De Bonis;0;Coccodrilli Verdi;Verde e Marrone;Coccodrilli d'Acciaio
112823;Ulisse Gaudiano;0;Dragoni Rossi;Rosso e Nero;Fiamme Rosse
112824;Simone Salini;0;Falchi Grigi;Grigio e Nero;Falchi del Vento
112825;Luciano Chiavaroli;0;Scorpioni Rossi;Giallo e Verde;Scorpioni d'Acciaio
112826;Altero Galardi;0;Aquile Reali;Blu e Oro;Reali del Cielo
112827;Ivan Carrara;0;Elefanti Grigi;Nero e Bianco;Elefanti Titanici
112828;Aventino Pedrazzini;0;Lupi del Nord;Bianco e Grigio;Ululati del Nord
112829;Aurora Valletta;0;Falchi Grigi;Grigio e Nero;Falchi del Vento
112830;Pamela Giacoma Giovanna Porcari;0;Aquile Reali;Blu e Oro;Reali del Cielo
112831;Susy Vimercati;0;Cavalieri d'Argento;Argento e Blu;
112832;Milziade Lago;0;Scorpioni Rossi;Giallo e Verde;Scorpioni d'Acciaio
112833;Vittorio Biancofiore;0;Leoni Dorati;Giallo e Nero;Leoni Ruggenti
112834;Pierantonio Sterpa;0;Rinoceronti Blu;Verde e Argento;Rino Blu
112835;Baldassare Spagnolli;0;Delfini Argentati;Argento e Nero;Onde Argentate
112836;Stelio Lauria;0;Squali Azzurri;Azzurro e Bianco;Predatori del Mare
112837;Cinzia Maninetti;0;Corvi della Tempesta;Grigio e Blu;Tempesta Oscura
112838;Claudio Basile;0;Scorpioni Rossi;Giallo e Verde;Scorpioni d'Acciaio
112839;Giovanni Pietro Ancorotti;0;Cinghiali Selvaggi;Marrone e Verde;Cinghiali Ruggenti
112840;Gregorio Montani;0;Serpenti Dorati;Oro e Rosso;Serpenti Dorati
112841;Antonio Stefano Vaccari;0;Leoni Dorati;Giallo e Nero;Leoni Ruggenti
112842;Lavinia Pignedoli;0;Falchi Grigi;Grigio e Nero;Falchi del Vento
112843;Barbara Sella Di Monteluce;0;Coccodrilli Verdi;Verde e Marrone;Coccodrilli d'Acciaio
112844;Costanzo Ferrari;0;Lupi del Nord;Bianco e Grigio;Ululati del Nord
112845;Giuseppe Onorato Benito Cecchi Gori;0;Aquile Blu;Blu e Bianco;Aquile Volanti
112846;Manuel Tronti;0;Corvi della Tempesta;Grigio e Blu;Tempesta Oscura
112847;Giampaolo Pellegrini;0;Tigri Nere;Nero e Arancione;Tigri Infuocate
112848;Mario Salvitti;0;Gatti Neri;Nero e Viola;
112849;Ettore Pietro Ferro;0;Orsi Polari;Bianco e Blu;
112850;Carla Favero;0;Pinguini Polari;Bianco e Nero;
112851;Stefano Menia;0;Dragoni Rossi;Rosso e Nero;Fiamme Rosse
112852;Danilo Scopelliti;0;Orsi Polari;Bianco e Blu;
112853;Luciana Diana;0;Falchi Grigi;Grigio e Nero;Falchi del Vento
112854;Ciro Pirro;0;Serpenti Dorati;Oro e Rosso;Serpenti Dorati
112855;Fedele De Luca;0;Dragoni Rossi;Rosso e Nero;Fiamme Rosse
112856;Marzia Toniolli;0;Scorpioni Rossi;Giallo e Verde;Scorpioni d'Acciaio
112857;Ortensio Pittelli;0;Ippopotami Viola;Viola e Oro;
112858;Vittoria Francesca Maria Taricco;0;Rinoceronti Blu;Verde e Argento;Rino Blu
112859;Eugenio Mario Calandrini;0;Coccodrilli Verdi;Verde e Marrone;Coccodrilli d'Acciaio
112860;Helga Crino';0;Pantere Rosa;Rosa e Grigio;Pantere Fiere
112861;Gianpaolo Corrao;0;Volpi del Bosco;Blu e Rosso;Volpi Veloci
112862;Dieter Campari;0;Cavalli Selvaggi;Rosso e Argento;Cavalieri Selvaggi
112863;Diodato (darko) Boccardi;0;Leoni Dorati;Giallo e Nero;Leoni Ruggenti
112864;Urania Giulia Rosina Aiello;0;Tigri Nere;Nero e Arancione;Tigri Infuocate
112865;Alessandro Fruscio;0;Delfini Argentati;Argento e Nero;Onde Argentate
112866;Umberto Polledri;0;Aquile Blu;Blu e Bianco;Aquile Volanti
112867;Remigio Treu;0;Cinghiali Selvaggi;Marrone e Verde;Cinghiali Ruggenti
112868;Stefania Gabriella Anastasia Agnelli;0;Gatti Neri;Nero e Viola;
112869;Michela Sella Di Monteluce;0;Orsi Polari;Bianco e Blu;
112870;Esterino Rigo;0;Cinghiali Selvaggi;Marrone e Verde;Cinghiali Ruggenti
112871;Rosario Giorgio Nardini;0;Fenici Rosse;Rosso e Arancione;Ali di Fuoco
112872;Massimo Vittorio Ruspandini;0;Gatti Neri;Nero e Viola;
112873;Enrico Pedrini;0;Gufi Notturni;Viola e Grigio;Occhi nella Notte
112874;Antonio Salvatore Mancini;0;Gufi Notturni;Viola e Grigio;Occhi nella Notte
112875;Giuseppe Maria Gelmini;0;Cinghiali Selvaggi;Marrone e Verde;Cinghiali Ruggenti
112876;Christian Richetti;0;Aquile Reali;Blu e Oro;Reali del Cielo
112877;Nedo Lorenzo Mieli;0;Scorpioni Rossi;Giallo e Verde;Scorpioni d'Acciaio
112878;Albert Ladu;0;Elefanti Grigi;Nero e Bianco;Elefanti Titanici
112879;Anna Cinzia Lanzillotta;0;Scorpioni Rossi;Giallo e Verde;Scorpioni d'Acciaio
112880;Albertino Dini;0;Serpenti Dorati;Oro e Rosso;Serpenti Dorati
112881;Concetto Lumia;0;Coccodrilli Verdi;Verde e Marrone;Coccodrilli d'Acciaio
112882;Giuseppe Maria Coltorti;0;Delfini Argentati;Argento e Nero;Onde Argentate
112883;Costanzo De Lillo;0;Falchi Grigi;Grigio e Nero;Falchi del Vento
112884;Fiammetta Morselli;0;Aquile Blu;Blu e Bianco;Aquile Volanti
112885;Vito Rigoni;0;Orsi Polari;Bianco e Blu;
112886;Sandro Piarulli;0;Pantere Rosa;Rosa e Grigio;Pantere Fiere
112887;Nuccio Boco;0;Elefanti Grigi;Nero e Bianco;Elefanti Titanici
112888;Giorgio Maria Casoli;0;Cinghiali Selvaggi;Marrone e Verde;Cinghiali Ruggenti
112889;Renato Zanda;0;Aquile Reali;Blu e Oro;Reali del Cielo
112890;Gian Guido Giaretta;0;Serpenti Dorati;Oro e Rosso;Serpenti Dorati
112891;Angelica Bellanova;0;Lupi del Nord;Bianco e Grigio;Ululati del Nord
112892;Antonio Franco Manara;0;Scorpioni Rossi;Giallo e Verde;Scorpioni d'Acciaio
112893;Valter Contestabile;0;Cavalieri d'Argento;Argento e Blu;
112894;Teresa Ricchiuti;0;Squali Azzurri;Azzurro e Bianco;Predatori del Mare
112895;Josefa Fattori;0;Cavalieri d'Argento;Argento e Blu;
112896;Eugenio Mario Brignone;0;Cavalli Selvaggi;Rosso e Argento;Cavalieri Selvaggi
112897;Bruno Fausti;0;Pavoni Reali;Oro e Viola;Ali Reali
112898;Maria Virginia Aloisio;0;Scorpioni Rossi;Giallo e Verde;Scorpioni d'Acciaio
112899;Alan Lo Moro;0;Squali Azzurri;Azzurro e Bianco;Predatori del Mare
112900;Salvatore Tito Bornacin;0;Aquile Blu;Blu e Bianco;Aquile Volanti
112901;Rocco Giammanco;0;Lupi del Nord;Bianco e Grigio;Ululati del Nord
112902;Urania Giulia Rosina Barbolini;0;Squali Azzurri;Azzurro e Bianco;Predatori del Mare
112903;Maria Virginia Verdini;0;Serpenti Dorati;Oro e Rosso;Serpenti Dorati
112904;Aventino Sanzarello;0;Gufi Notturni;Viola e Grigio;Occhi nella Notte
112905;Liborio Paragone;0;Aquile Reali;Blu e Oro;Reali del Cielo
112906;Anna Carmela Bonfrisco;0;Orsi Polari;Bianco e Blu;
112907;Francesco Enrico Negri;0;Gatti Neri;Nero e Viola;
112908;Jose' Luiz Steger;0;Volpi del Bosco;Blu e Rosso;Volpi Veloci
112909;Augusto Sangalli;0;Aquile Reali;Blu e Oro;Reali del Cielo
112910;Nitto Francesco Pistorio;0;Coccodrilli Verdi;Verde e Marrone;Coccodrilli d'Acciaio
112911;Armin Milo;0;Cavalli Selvaggi;Rosso e Argento;Cavalieri Selvaggi
112912;Tiziana Brutti;0;Fenici Rosse;Rosso e Arancione;Ali di Fuoco
112913;Ida Sangalli;0;Volpi del Bosco;Blu e Rosso;Volpi Veloci
112914;Bachisio Silvio Filograna;0;Ippopotami Viola;Viola e Oro;
112915;Jas Valdinosi;0;Delfini Argentati;Argento e Nero;Onde Argentate
112916;Daniele Giuliano;0;Gufi Notturni;Viola e Grigio;Occhi nella Notte
112917;Gianmauro Abate;0;Rinoceronti Blu;Verde e Argento;Rino Blu
112918;Gabriele Terzi Di Sant'agata;0;Fulmini Verdi;Verde e Giallo;Lampi Verdi
112919;Sabrina Bonavita;0;Delfini Argentati;Argento e Nero;Onde Argentate
112920;Dolores Papatheu;0;Gatti Neri;Nero e Viola;
112921;Armando Tarquinio;0;Cinghiali Selvaggi;Marrone e Verde;Cinghiali Ruggenti
112922;Ciro Thaler Ausserhofer;0;Rinoceronti Blu;Verde e Argento;Rino Blu
112923;Virginia Giovanelli;0;Delfini Argentati;Argento e Nero;Onde Argentate
112924;Giampaolo Vittorio Elio Bellot;0;Cinghiali Selvaggi;Marrone e Verde;Cinghiali Ruggenti
112925;Angelo Michele Ostellari;0;Rinoceronti Blu;Verde e Argento;Rino Blu
112926;Clemente Oliva;0;Orsi Polari;Bianco e Blu;
112927;Goffredo Maria Ronzulli;0;Serpenti Dorati;Oro e Rosso;Serpenti Dorati
112928;Nicoletta Scurria;0;Cavalieri d'Argento;Argento e Blu;
112929;Lodovico Pininfarina;0;Camaleonti Arcobaleno;Blu e Verde;Camaleonti Magici
112930;Luis Alberto Siri;0;Aquile Reali;Blu e Oro;Reali del Cielo
112931;Domenica Basso;0;Pantere Rosa;Rosa e Grigio;Pantere Fiere
112932;Rosario Amorena;0;Squali Azzurri;Azzurro e Bianco;Predatori del Mare
112933;Domenica Granaiola;0;Pavoni Reali;Oro e Viola;Ali Reali
112934;Marcello Puglia;0;Squali Azzurri;Azzurro e Bianco;Predatori del Mare
112935;Vanna Delogu;0;Pantere Rosa;Rosa e Grigio;Pantere Fiere
112936;Fiorello Serra;0;Cinghiali Selvaggi;Marrone e Verde;Cinghiali Ruggenti
112937;Andrea Carmine Mazzoni;0;Tigri Nere;Nero e Arancione;Tigri Infuocate
112938;Annamaria Bagnai;0;Gufi Notturni;Viola e Grigio;Occhi nella Notte
112939;Vita Maria Orsomarso;0;Rinoceronti Blu;Verde e Argento;Rino Blu
112940;Ortensio Stucchi;0;Lupi del Nord;Bianco e Grigio;Ululati del Nord
112941;Roberto Susta;0;Lupi del Nord;Bianco e Grigio;Ululati del Nord
112942;Donato Thaler Ausserhofer;0;Pinguini Polari;Bianco e Nero;
112943;Lucia Mautone;0;Falchi Grigi;Grigio e Nero;Falchi del Vento
112944;Luigi Occhiuto;0;Zebre Striate;Bianco e Rosso;Zebre Elettriche
112945;Nicolo' Bellot;0;Delfini Argentati;Argento e Nero;Onde Argentate
112946;Gianluigi Napolitano;0;Leoni Dorati;Giallo e Nero;Leoni Ruggenti
112947;Alessandra Torrisi;0;Gufi Notturni;Viola e Grigio;Occhi nella Notte
112948;Nico D'ascola;0;Fulmini Verdi;Verde e Giallo;Lampi Verdi
112949;Rita D'ali';0;Gufi Notturni;Viola e Grigio;Occhi nella Notte
112950;Luciano Pelella;0;Dragoni Rossi;Rosso e Nero;Fiamme Rosse
112951;Sauro Fusillo;0;Delfini Argentati;Argento e Nero;Onde Argentate
112952;Simona Nunzia Pagliari;0;Ippopotami Viola;Viola e Oro;
112953;Lanfranco Barbolini;0;Ippopotami Viola;Viola e Oro;
112954;Doriano Battistoni;0;Aquile Blu;Blu e Bianco;Aquile Volanti
112955;Marzia Croatti;0;Cavalli Selvaggi;Rosso e Argento;Cavalieri Selvaggi
112956;Orietta Verini;0;Aquile Blu;Blu e Bianco;Aquile Volanti
112957;Vincenza Gambaro;0;Leoni Dorati;Giallo e Nero;Leoni Ruggenti
112958;Maria Rosaria Montevecchi;0;Falchi Grigi;Grigio e Nero;Falchi del Vento
112959;Emiliano Balboni;0;Delfini Argentati;Argento e Nero;Onde Argentate
112960;Emilio Fornaro;0;Serpenti Dorati;Oro e Rosso;Serpenti Dorati
112961;Eva Ponzo;0;Pavoni Reali;Oro e Viola;Ali Reali
112962;Rosetta Enza Guerrieri Paleotti;0;Fulmini Verdi;Verde e Giallo;Lampi Verdi
112963;Alberto Felice Simone Marano;0;Pinguini Polari;Bianco e Nero;
112964;Bachisio Silvio Andreotti;0;Tigri Nere;Nero e Arancione;Tigri Infuocate
112965;Dino Taviani;0;Zebre Striate;Bianco e Rosso;Zebre Elettriche
112966;Franco Marcora;0;Gatti Neri;Nero e Viola;
112967;Niccolo' Bortolotto;0;Orsi Polari;Bianco e Blu;
112968;Gianclaudio D'ubaldo;0;Pantere Rosa;Rosa e Grigio;Pantere Fiere
112969;Gianmarco Mainardi;0;Serpenti Dorati;Oro e Rosso;Serpenti Dorati
112970;Nando Gnutti;0;Aquile Reali;Blu e Oro;Reali del Cielo
112971;Nicodemo Francesco Sbrana;0;Zebre Striate;Bianco e Rosso;Zebre Elettriche
112972;Rossella Alderisi;0;Gufi Notturni;Viola e Grigio;Occhi nella Notte
112973;Norberto Catalfo;0;Volpi del Bosco;Blu e Rosso;Volpi Veloci
112974;Mariapia Pelella;0;Squali Azzurri;Azzurro e Bianco;Predatori del Mare
112975;Mariangela Barbolini;0;Orsi Polari;Bianco e Blu;
112976;Cesare Cortelloni;0;Pinguini Polari;Bianco e Nero;
112977;Massimiliano Gabana;0;Gatti Neri;Nero e Viola;
112978;Tatjana Scurria;0;Lupi del Nord;Bianco e Grigio;Ululati del Nord
112979;Elena Colla;0;Cavalieri d'Argento;Argento e Blu;
112980;Caterina Fabris;0;Serpenti Dorati;Oro e Rosso;Serpenti Dorati
112981;Peppe Cirami;0;Ippopotami Viola;Viola e Oro;
112982;Rosa Angela Fassone;0;Tigri Nere;Nero e Arancione;Tigri Infuocate
112983;Antonella Piredda;0;Aquile Reali;Blu e Oro;Reali del Cielo
112984;Maria Celeste Marcora;0;Zebre Striate;Bianco e Rosso;Zebre Elettriche
112985;Donella Campus;0;Rinoceronti Blu;Verde e Argento;Rino Blu
112986;Stanislao Bedin;0;Pinguini Polari;Bianco e Nero;
112987;Bianca Laura Scurria;0;Aquile Blu;Blu e Bianco;Aquile Volanti
112988;Tana Borroni;0;Tigri Nere;Nero e Arancione;Tigri Infuocate
112989;Eva Labellarte;0;Leoni Dorati;Giallo e Nero;Leoni Ruggenti
112990;Adele Zedda;0;Fulmini Verdi;Verde e Giallo;Lampi Verdi
112991;Tomaso Negri;0;Squali Azzurri;Azzurro e Bianco;Predatori del Mare
112992;Fosco Pedrini;0;Tigri Nere;Nero e Arancione;Tigri Infuocate
112993;Albertino Manara;0;Pinguini Polari;Bianco e Nero;
112994;Vanni Pavanelli;0;Tigri Nere;Nero e Arancione;Tigri Infuocate
112995;Nino Crosio;0;Pinguini Polari;Bianco e Nero;
112996;Leopoldo Guerra;0;Serpenti Dorati;Oro e Rosso;Serpenti Dorati
112997;Flavio Morgoni;0;Serpenti Dorati;Oro e Rosso;Serpenti Dorati
112998;Vincenzo Totaro;0;Cavalli Selvaggi;Rosso e Argento;Cavalieri Selvaggi
112999;Franco Ucchielli;0;Aquile Reali;Blu e Oro;Reali del Cielo
113000;Antonio Adolfo Maria De Toni;0;Zebre Striate;Bianco e Rosso;Zebre Elettriche
113001;Tommaso Bonino;0;Lupi del Nord;Bianco e Grigio;Ululati del Nord
113002;Maria Laura Liotta;0;Fulmini Verdi;Verde e Giallo;Lampi Verdi
113003;Francesco Enrico Giuliano;0;Leoni Dorati;Giallo e Nero;Leoni Ruggenti
113004;Maria Grazia Butti;0;Pantere Rosa;Rosa e Grigio;Pantere Fiere
113005;Norberto Rubinato;0;Dragoni Rossi;Rosso e Nero;Fiamme Rosse
113006;Agazio Bondi;0;Rinoceronti Blu;Verde e Argento;Rino Blu
113007;Giuseppe Luigi Salvatore De Feo;0;Fulmini Verdi;Verde e Giallo;Lampi Verdi
113008;Pamela Giacoma Giovanna Boscetto;0;Scorpioni Rossi;Giallo e Verde;Scorpioni d'Acciaio
113009;Lucio Alessio Mancuso;0;Zebre Striate;Bianco e Rosso;Zebre Elettriche
113010;Emiliano Laforgia;0;Rinoceronti Blu;Verde e Argento;Rino Blu
113011;Maria Chiara Lanzillotta;0;Volpi del Bosco;Blu e Rosso;Volpi Veloci
113012;Giovanni Lorenzo Nessa;0;Camaleonti Arcobaleno;Blu e Verde;Camaleonti Magici
113013;Milziade Cecchi Gori;0;Cavalieri d'Argento;Argento e Blu;
113014;Elidio Mattesini;0;Fulmini Verdi;Verde e Giallo;Lampi Verdi
113015;Santo Chiaromonte;0;Pinguini Polari;Bianco e Nero;
113016;Giuliano Favero;0;Dragoni Rossi;Rosso e Nero;Fiamme Rosse
113017;Aventino Barani;0;Cinghiali Selvaggi;Marrone e Verde;Cinghiali Ruggenti
113018;Maria Ida De Paoli;0;Scorpioni Rossi;Giallo e Verde;Scorpioni d'Acciaio
113019;Maria Grazia Mulas;0;Falchi Grigi;Grigio e Nero;Falchi del Vento
113020;Tamara Serafini;0;Coccodrilli Verdi;Verde e Marrone;Coccodrilli d'Acciaio
113021;Costantino Doria;0;Camaleonti Arcobaleno;Blu e Verde;Camaleonti Magici
113022;Lidia Rojc;0;Orsi Polari;Bianco e Blu;
113023;Vladimiro Cambursano;0;Pavoni Reali;Oro e Viola;Ali Reali
113024;Annalisa Abbado;0;Cinghiali Selvaggi;Marrone e Verde;Cinghiali Ruggenti
113025;Gian Carlo Colucci;0;Scorpioni Rossi;Giallo e Verde;Scorpioni d'Acciaio
113026;Pasqualino Lorenzo Ferro;0;Gufi Notturni;Viola e Grigio;Occhi nella Notte
113027;Adele Lusi;0;Pinguini Polari;Bianco e Nero;
113028;Luca Turroni;0;Falchi Grigi;Grigio e Nero;Falchi del Vento
113029;Rosario Giorgio Vacciano;0;Pantere Rosa;Rosa e Grigio;Pantere Fiere
113030;Aldo Florino;0;Falchi Grigi;Grigio e Nero;Falchi del Vento
113031;Cinzia Maria Fluttero;0;Pinguini Polari;Bianco e Nero;
113032;Emilio Paolo Cassinelli;0;Leoni Dorati;Giallo e Nero;Leoni Ruggenti
113033;Luigi Sallemi;0;Dragoni Rossi;Rosso e Nero;Fiamme Rosse
113034;Patty Cavallaro;0;Dragoni Rossi;Rosso e Nero;Fiamme Rosse
113035;Doris Girfatti;0;Dragoni Rossi;Rosso e Nero;Fiamme Rosse
113036;Ettore Pietro Pessina;0;Camaleonti Arcobaleno;Blu e Verde;Camaleonti Magici
113037;Saverio Causin;0;Ippopotami Viola;Viola e Oro;
113038;Gianpiero Ceccanti;0;Falchi Grigi;Grigio e Nero;Falchi del Vento
113039;Giulia Castaldi;0;Cavalli Selvaggi;Rosso e Argento;Cavalieri Selvaggi
113040;Marta Ferrante;0;Gatti Neri;Nero e Viola;
113041;Nitto Francesco Crippa;0;Leoni Dorati;Giallo e Nero;Leoni Ruggenti
113042;Sebastiano Galliani;0;Leoni Dorati;Giallo e Nero;Leoni Ruggenti
113043;Gianpiero Giannuzzi;0;Falchi Grigi;Grigio e Nero;Falchi del Vento
113044;Antonello Masini;0;Pavoni Reali;Oro e Viola;Ali Reali
113045;Alfonso Mazzuca Poggiolini;0;Leoni Dorati;Giallo e Nero;Leoni Ruggenti
113046;Fedele Zanone;0;Pavoni Reali;Oro e Viola;Ali Reali
113047;Silvio Emilio Lauria;0;Cinghiali Selvaggi;Marrone e Verde;Cinghiali Ruggenti
113048;Luigi Follini;0;Aquile Reali;Blu e Oro;Reali del Cielo
113049;Guglielmo Dondeynaz;0;Scorpioni Rossi;Giallo e Verde;Scorpioni d'Acciaio
113050;Marilena Scurria;0;Scorpioni Rossi;Giallo e Verde;Scorpioni d'Acciaio
113051;Rocco Vito Piredda;0;Falchi Grigi;Grigio e Nero;Falchi del Vento
113052;Maria Rosaria Dini;0;Coccodrilli Verdi;Verde e Marrone;Coccodrilli d'Acciaio
113053;Mariangela Vertone;0;Lupi del Nord;Bianco e Grigio;Ululati del Nord
113054;Maria Teresa Allocca;0;Gatti Neri;Nero e Viola;
113055;Sonia Satta;0;Pantere Rosa;Rosa e Grigio;Pantere Fiere
113056;Magda Angela Caruso;0;Corvi della Tempesta;Grigio e Blu;Tempesta Oscura
113057;Diodato (darko) Mercatali;0;Coccodrilli Verdi;Verde e Marrone;Coccodrilli d'Acciaio
113058;Albertino Giovanardi;0;Fenici Rosse;Rosso e Arancione;Ali di Fuoco
113059;Italo Endrizzi;0;Cavalli Selvaggi;Rosso e Argento;Cavalieri Selvaggi
113060;Massimiliano Rando;0;Gatti Neri;Nero e Viola;
113061;Silvia Cucchi;0;Pinguini Polari;Bianco e Nero;
113062;Nino Malabarba;0;Serpenti Dorati;Oro e Rosso;Serpenti Dorati
113063;Edoardo Semeraro;0;Leoni Dorati;Giallo e Nero;Leoni Ruggenti
113064;Mario Alejandro Campione;0;Cavalli Selvaggi;Rosso e Argento;Cavalieri Selvaggi
113065;Lorenzo Emilio Sodano;0;Orsi Polari;Bianco e Blu;
113066;Gaetano Blundo;0;Leoni Dorati;Giallo e Nero;Leoni Ruggenti
113067;Maurizio Russo Spena;0;Coccodrilli Verdi;Verde e Marrone;Coccodrilli d'Acciaio
113068;Silvio Cosenza;0;Cavalli Selvaggi;Rosso e Argento;Cavalieri Selvaggi
113069;Milziade Vita;0;Squali Azzurri;Azzurro e Bianco;Predatori del Mare
113070;Susanna Donatella Crimi;0;Serpenti Dorati;Oro e Rosso;Serpenti Dorati
113071;Tommaso Patton;0;Delfini Argentati;Argento e Nero;Onde Argentate
113072;Mauro Antonio Donato Vicini;0;Orsi Polari;Bianco e Blu;
113073;Ludovico Liguori;0;Dragoni Rossi;Rosso e Nero;Fiamme Rosse
113074;Saverio Salvatore Fuda;0;Fulmini Verdi;Verde e Giallo;Lampi Verdi
113075;Emma Cantu';0;Leoni Dorati;Giallo e Nero;Leoni Ruggenti
113076;Roberto Stucchi;0;Leoni Dorati;Giallo e Nero;Leoni Ruggenti
113077;Dafne Pellegrino;0;Pinguini Polari;Bianco e Nero;
113078;Altero Camerini;0;Cavalieri d'Argento;Argento e Blu;
113079;Roberta Balboni;0;Cavalieri d'Argento;Argento e Blu;
113080;Rita Andreolli;0;Pantere Rosa;Rosa e Grigio;Pantere Fiere
113081;Gaetano Antonio Cociancich;0;Fenici Rosse;Rosso e Arancione;Ali di Fuoco
113082;Tiziana Valente;0;Aquile Blu;Blu e Bianco;Aquile Volanti
113083;Virginia Crescenzio;0;Dragoni Rossi;Rosso e Nero;Fiamme Rosse
113084;Giovanni Pietro Dentamaro;0;Camaleonti Arcobaleno;Blu e Verde;Camaleonti Magici
113085;Maria Elisabetta Sanciu;0;Elefanti Grigi;Nero e Bianco;Elefanti Titanici
113086;Eugenio Mario Riccardi;0;Cavalieri d'Argento;Argento e Blu;
113087;Daisy Fina;0;Rinoceronti Blu;Verde e Argento;Rino Blu
113088;Ornella Gasbarri;0;Rinoceronti Blu;Verde e Argento;Rino Blu
113089;Angelica Cotti;0;Pinguini Polari;Bianco e Nero;
113090;Lucia Evangelista;0;Volpi del Bosco;Blu e Rosso;Volpi Veloci
113091;Marcello Pallaro;0;Tigri Nere;Nero e Arancione;Tigri Infuocate
113092;Maria Celeste Berardi;0;Dragoni Rossi;Rosso e Nero;Fiamme Rosse
113093;Romano Boco;0;Corvi della Tempesta;Grigio e Blu;Tempesta Oscura
113094;Alessandrina Brienza;0;Gatti Neri;Nero e Viola;
113095;Federica Ferrero;0;Camaleonti Arcobaleno;Blu e Verde;Camaleonti Magici
113096;Bernabo' Vetrella;0;Leoni Dorati;Giallo e Nero;Leoni Ruggenti
113097;Gian Giacomo Stracquadanio;0;Gufi Notturni;Viola e Grigio;Occhi nella Notte
113098;Ricardo Antonio Manis;0;Falchi Grigi;Grigio e Nero;Falchi del Vento
113099;Rossella Masini;0;Squali Azzurri;Azzurro e Bianco;Predatori del Mare
113100;Erminia Scalera;0;Fulmini Verdi;Verde e Giallo;Lampi Verdi
113101;Raoul Bitonci;0;Orsi Polari;Bianco e Blu;
113102;Ettore Antonio Scurria;0;Tigri Nere;Nero e Arancione;Tigri Infuocate
113103;Jas De Luca;0;Pavoni Reali;Oro e Viola;Ali Reali
113104;Nicodemo Francesco Colla;0;Gufi Notturni;Viola e Grigio;Occhi nella Notte
113105;Guido Berutti;0;Rinoceronti Blu;Verde e Argento;Rino Blu
113106;Renzo Piatti;0;Elefanti Grigi;Nero e Bianco;Elefanti Titanici
113107;Carlo Albonetti;0;Coccodrilli Verdi;Verde e Marrone;Coccodrilli d'Acciaio
113108;Fernando Puglia;0;Coccodrilli Verdi;Verde e Marrone;Coccodrilli d'Acciaio
113109;Gregorio Farolfi;0;Gufi Notturni;Viola e Grigio;Occhi nella Notte
113110;Ludovico Crema;0;Pantere Rosa;Rosa e Grigio;Pantere Fiere
113111;Nello Tofani;0;Leoni Dorati;Giallo e Nero;Leoni Ruggenti
113112;Achille Zambrino;0;Gatti Neri;Nero e Viola;
113113;Vito Maggi;0;Pavoni Reali;Oro e Viola;Ali Reali
113114;Dorina Casadei Monti;0;Cavalieri d'Argento;Argento e Blu;
113115;Giuliomaria Donno;0;Orsi Polari;Bianco e Blu;
113116;Elio Lisi;0;Pantere Rosa;Rosa e Grigio;Pantere Fiere
113117;Claudio Pittella;0;Aquile Reali;Blu e Oro;Reali del Cielo
113118;Simone Bonadonna;0;Fulmini Verdi;Verde e Giallo;Lampi Verdi
113119;Pierluigi Dalla Chiesa;0;Cavalieri d'Argento;Argento e Blu;
113120;Ignazio Papini;0;Scorpioni Rossi;Giallo e Verde;Scorpioni d'Acciaio
113121;Michelino Strano;0;Falchi Grigi;Grigio e Nero;Falchi del Vento
113122;Cristano Amati;0;Pinguini Polari;Bianco e Nero;
113123;Vittoria Zeller;0;Pantere Rosa;Rosa e Grigio;Pantere Fiere
113124;Giuliana Stucchi;0;Camaleonti Arcobaleno;Blu e Verde;Camaleonti Magici
113125;Stanislao Alessandro Ferrero;0;Fenici Rosse;Rosso e Arancione;Ali di Fuoco
113126;Maria Domenica Tarolli;0;Pantere Rosa;Rosa e Grigio;Pantere Fiere
113127;Gian Marco Rognoni;0;Falchi Grigi;Grigio e Nero;Falchi del Vento
113128;Armando Pedrazzini;0;Scorpioni Rossi;Giallo e Verde;Scorpioni d'Acciaio
113129;Maria Claudia Fregolent;0;Cavalieri d'Argento;Argento e Blu;
113130;Norberto Monacelli;0;Gufi Notturni;Viola e Grigio;Occhi nella Notte
113131;Daria Monteleone;0;Leoni Dorati;Giallo e Nero;Leoni Ruggenti
113132;Eugenio Mario Matera;0;Coccodrilli Verdi;Verde e Marrone;Coccodrilli d'Acciaio
113133;Lello Zanettin;0;Elefanti Grigi;Nero e Bianco;Elefanti Titanici
113134;Annamaria Maritati;0;Camaleonti Arcobaleno;Blu e Verde;Camaleonti Magici
113135;Michaela Ginetti;0;Ippopotami Viola;Viola e Oro;
113136;Diodato (darko) Speroni;0;Elefanti Grigi;Nero e Bianco;Elefanti Titanici
113137;Tony Chike Bocca;0;Cavalli Selvaggi;Rosso e Argento;Cavalieri Selvaggi
113138;Cosimo Chiurazzi;0;Delfini Argentati;Argento e Nero;Onde Argentate
113139;Miguel Pelella;0;Scorpioni Rossi;Giallo e Verde;Scorpioni d'Acciaio
113140;Ersilia Vescovi;0;Pavoni Reali;Oro e Viola;Ali Reali
113141;Ludovico Ortolani;0;Pavoni Reali;Oro e Viola;Ali Reali
113142;Antonio Gianfranco Ferrara;0;Aquile Reali;Blu e Oro;Reali del Cielo
113143;Pier Ferdinando Barcaiuolo;0;Fulmini Verdi;Verde e Giallo;Lampi Verdi
113144;Orfeo Mercatali;0;Fulmini Verdi;Verde e Giallo;Lampi Verdi
113145;Ornella Scalfaro;0;Leoni Dorati;Giallo e Nero;Leoni Ruggenti
113146;Bartolo Sposetti;0;Lupi del Nord;Bianco e Grigio;Ululati del Nord
113147;Diana Villari;0;Orsi Polari;Bianco e Blu;
113148;Susanna Lina Giulia Livi Bacci;0;Pavoni Reali;Oro e Viola;Ali Reali
113149;Lucio Scalera;0;Camaleonti Arcobaleno;Blu e Verde;Camaleonti Magici
113150;Giuseppina Berardi;0;Corvi della Tempesta;Grigio e Blu;Tempesta Oscura
113151;Rosaria Bornacin;0;Lupi del Nord;Bianco e Grigio;Ululati del Nord
113152;Susanna Lina Giulia Iovene;0;Tigri Nere;Nero e Arancione;Tigri Infuocate
113153;Maria Giuseppa Bratina;0;Serpenti Dorati;Oro e Rosso;Serpenti Dorati
113154;Ernesto De Lillo;0;Rinoceronti Blu;Verde e Argento;Rino Blu
113155;Loris Giuseppe Papatheu;0;Fulmini Verdi;Verde e Giallo;Lampi Verdi
113156;Vittorio Allocca;0;Cavalieri d'Argento;Argento e Blu;
113157;Beatrice Giaretta;0;Fulmini Verdi;Verde e Giallo;Lampi Verdi
113158;Rocco Vito Vizzini;0;Cavalli Selvaggi;Rosso e Argento;Cavalieri Selvaggi
113159;Pierantonio Verducci;0;Cavalli Selvaggi;Rosso e Argento;Cavalieri Selvaggi
113160;Ilaria Romeo;0;Volpi del Bosco;Blu e Rosso;Volpi Veloci
113161;Michela Furlan;0;Serpenti Dorati;Oro e Rosso;Serpenti Dorati
113162;Nino Sibilia;0;Fulmini Verdi;Verde e Giallo;Lampi Verdi
113163;Cinzia Tiraboschi;0;Zebre Striate;Bianco e Rosso;Zebre Elettriche
113164;Gianni Tocci;0;Pavoni Reali;Oro e Viola;Ali Reali
113165;Fausto Ternullo;0;Delfini Argentati;Argento e Nero;Onde Argentate
113166;Gianluigi Bedin;0;Rinoceronti Blu;Verde e Argento;Rino Blu
113167;Ciro Togni;0;Pantere Rosa;Rosa e Grigio;Pantere Fiere
113168;Concetta Co';0;Delfini Argentati;Argento e Nero;Onde Argentate
113169;Gian Marco Iovene;0;Lupi del Nord;Bianco e Grigio;Ululati del Nord
113170;Francesco Maria Pelino;0;Elefanti Grigi;Nero e Bianco;Elefanti Titanici
113171;Gianluca Bornacin;0;Scorpioni Rossi;Giallo e Verde;Scorpioni d'Acciaio
113172;Enzo Giorgio Secondo Dolazza;0;Delfini Argentati;Argento e Nero;Onde Argentate
113173;Umberto D'onofrio;0;Elefanti Grigi;Nero e Bianco;Elefanti Titanici
113174;Gian Marco Pinto;0;Leoni Dorati;Giallo e Nero;Leoni Ruggenti
113175;Gavino Lumia;0;Volpi del Bosco;Blu e Rosso;Volpi Veloci
113176;Giulia Pinotti;0;Zebre Striate;Bianco e Rosso;Zebre Elettriche
113177;Maria Galan;0;Gatti Neri;Nero e Viola;
113178;Livio Scalia;0;Aquile Reali;Blu e Oro;Reali del Cielo
113179;Fiorello Vanin;0;Gatti Neri;Nero e Viola;
113180;Stelio Susta;0;Coccodrilli Verdi;Verde e Marrone;Coccodrilli d'Acciaio
113181;Livio Ucchielli;0;Camaleonti Arcobaleno;Blu e Verde;Camaleonti Magici
113182;Alberto Pietro Maria Garavini;0;Cinghiali Selvaggi;Marrone e Verde;Cinghiali Ruggenti
113183;Romano Lupo;0;Cavalli Selvaggi;Rosso e Argento;Cavalieri Selvaggi
113184;Pasquale Zambito;0;Elefanti Grigi;Nero e Bianco;Elefanti Titanici
113185;Pierantonio Russo;0;Pantere Rosa;Rosa e Grigio;Pantere Fiere
113186;Domenico Bondi;0;Fulmini Verdi;Verde e Giallo;Lampi Verdi
113187;Libero Musi;0;Zebre Striate;Bianco e Rosso;Zebre Elettriche
113188;Gaetano Cursi;0;Fulmini Verdi;Verde e Giallo;Lampi Verdi
113189;Palmiro Montagna;0;Tigri Nere;Nero e Arancione;Tigri Infuocate
113190;Mario Michele Rame;0;Rinoceronti Blu;Verde e Argento;Rino Blu
113191;Vanna Mucchetti;0;Leoni Dorati;Giallo e Nero;Leoni Ruggenti
113192;Guido Quintino Besostri;0;Fulmini Verdi;Verde e Giallo;Lampi Verdi
113193;Annamaria Manfredi;0;Falchi Grigi;Grigio e Nero;Falchi del Vento
113194;Mauro Antonio Donato Minniti;0;Camaleonti Arcobaleno;Blu e Verde;Camaleonti Magici
113195;Valentino Bianconi;0;Cavalieri d'Argento;Argento e Blu;
113196;Stelio Coltorti;0;Pinguini Polari;Bianco e Nero;
113197;Maria Paola Valditara;0;Fenici Rosse;Rosso e Arancione;Ali di Fuoco
113198;Saverio Veraldi;0;Gufi Notturni;Viola e Grigio;Occhi nella Notte
113199;Egidio Luigi Stracquadanio;0;Coccodrilli Verdi;Verde e Marrone;Coccodrilli d'Acciaio
113200;Caterina Gabana;0;Leoni Dorati;Giallo e Nero;Leoni Ruggenti
113201;Sabina Scarpetti;0;Corvi della Tempesta;Grigio e Blu;Tempesta Oscura
113202;Lucio Bricolo;0;Serpenti Dorati;Oro e Rosso;Serpenti Dorati
113203;Manuel Della Vedova;0;Leoni Dorati;Giallo e Nero;Leoni Ruggenti
113204;Albert Urraro;0;Fulmini Verdi;Verde e Giallo;Lampi Verdi
113205;Fosco De Eccher;0;Corvi della Tempesta;Grigio e Blu;Tempesta Oscura
113206;Antonio Franco Lisi;0;Camaleonti Arcobaleno;Blu e Verde;Camaleonti Magici
113207;Piero Losurdo;0;Aquile Reali;Blu e Oro;Reali del Cielo
113208;Tilde Pesco;0;Fulmini Verdi;Verde e Giallo;Lampi Verdi
113209;Esterino Vallone;0;Aquile Blu;Blu e Bianco;Aquile Volanti
113210;Vincenza Buccarella;0;Squali Azzurri;Azzurro e Bianco;Predatori del Mare
113211;Susanna Donatella Zavoli;0;Aquile Blu;Blu e Bianco;Aquile Volanti
113212;Rosellina Cardinali;0;Scorpioni Rossi;Giallo e Verde;Scorpioni d'Acciaio
113213;Giuliano Amoruso;0;Zebre Striate;Bianco e Rosso;Zebre Elettriche
113214;Felice Carlo Caliendo;0;Rinoceronti Blu;Verde e Argento;Rino Blu
113215;Alessio Zambrino;0;Pinguini Polari;Bianco e Nero;
113216;Lidia Zullo;0;Cavalli Selvaggi;Rosso e Argento;Cavalieri Selvaggi
113217;Salvatore Scoma;0;Scorpioni Rossi;Giallo e Verde;Scorpioni d'Acciaio
113218;Rita Debenedetti;0;Pinguini Polari;Bianco e Nero;
113219;Umberto Benvenuto;0;Fulmini Verdi;Verde e Giallo;Lampi Verdi
113220;Carlo Azeglio Fanfani;0;Tigri Nere;Nero e Arancione;Tigri Infuocate
113221;Rosetta Enza Sisto;0;Pantere Rosa;Rosa e Grigio;Pantere Fiere
113222;Enzo Giorgio Secondo Michelini;0;Delfini Argentati;Argento e Nero;Onde Argentate
113223;Lello Marin;0;Corvi della Tempesta;Grigio e Blu;Tempesta Oscura
113224;Bartolomeo Coltorti;0;Dragoni Rossi;Rosso e Nero;Fiamme Rosse
113225;Maria Fortuna Melchiorre;0;Coccodrilli Verdi;Verde e Marrone;Coccodrilli d'Acciaio
113226;Ricardo Antonio Piccioni;0;Orsi Polari;Bianco e Blu;
113227;Sergio Di Giovan Paolo;0;Tigri Nere;Nero e Arancione;Tigri Infuocate
113228;Daria Dal Mas;0;Tigri Nere;Nero e Arancione;Tigri Infuocate
113229;Costantino Franco;0;Fulmini Verdi;Verde e Giallo;Lampi Verdi
113230;Susy Fravezzi;0;Aquile Blu;Blu e Bianco;Aquile Volanti
113231;Tino Ambrogio;0;Delfini Argentati;Argento e Nero;Onde Argentate
113232;Marilena Barbolini;0;Leoni Dorati;Giallo e Nero;Leoni Ruggenti
113233;Valerio Bosi;0;Pantere Rosa;Rosa e Grigio;Pantere Fiere
113234;Gilberto Ricciardi;0;Elefanti Grigi;Nero e Bianco;Elefanti Titanici
113235;Fulvia Michela Leone;0;Elefanti Grigi;Nero e Bianco;Elefanti Titanici
113236;Manfred Gallone;0;Squali Azzurri;Azzurro e Bianco;Predatori del Mare
113237;Miguel Merloni;0;Gatti Neri;Nero e Viola;
113238;Jas D'ascola;0;Cavalieri d'Argento;Argento e Blu;
113239;Gabriella Trevisi;0;Squali Azzurri;Azzurro e Bianco;Predatori del Mare
113240;Maria Luisa Parola;0;Leoni Dorati;Giallo e Nero;Leoni Ruggenti
113241;Gianluigi Bonino;0;Gufi Notturni;Viola e Grigio;Occhi nella Notte
113242;Lido Petrenga;0;Gatti Neri;Nero e Viola;
113243;Nedo Lorenzo Passigli;0;Pantere Rosa;Rosa e Grigio;Pantere Fiere
113244;Maria Luisa Pucciarelli;0;Fenici Rosse;Rosso e Arancione;Ali di Fuoco
113245;Vladimiro Mundi;0;Squali Azzurri;Azzurro e Bianco;Predatori del Mare
113246;Gaetano Antonio Angius;0;Rinoceronti Blu;Verde e Argento;Rino Blu
113247;Livia Magliocchetti;0;Dragoni Rossi;Rosso e Nero;Fiamme Rosse
113248;Roberto Saracco;0;Zebre Striate;Bianco e Rosso;Zebre Elettriche
113249;Mariastella Mantica;0;Squali Azzurri;Azzurro e Bianco;Predatori del Mare
113250;Maria Agostina Giammanco;0;Pavoni Reali;Oro e Viola;Ali Reali
113251;Vilma Berlinguer;0;Cavalieri d'Argento;Argento e Blu;
113252;Fiorello Unterberger;0;Leoni Dorati;Giallo e Nero;Leoni Ruggenti
113253;Maria Elisabetta Amati;0;Aquile Reali;Blu e Oro;Reali del Cielo
113254;Michelina Della Seta;0;Tigri Nere;Nero e Arancione;Tigri Infuocate
113255;Barbara Garavini;0;Volpi del Bosco;Blu e Rosso;Volpi Veloci
113256;Alessio Germontani;0;Aquile Blu;Blu e Bianco;Aquile Volanti
113257;Gennaro De Cristofaro;0;Fulmini Verdi;Verde e Giallo;Lampi Verdi
113258;Amedeo Ruggeri;0;Ippopotami Viola;Viola e Oro;
113259;Giannicola Salvi;0;Squali Azzurri;Azzurro e Bianco;Predatori del Mare
113260;Angelo Maria Aracri;0;Coccodrilli Verdi;Verde e Marrone;Coccodrilli d'Acciaio
113261;Danilo Garavini;0;Dragoni Rossi;Rosso e Nero;Fiamme Rosse
113262;Riccardo Maturani;0;Cavalieri d'Argento;Argento e Blu;
113263;Romualdo Vittorio Lai;0;Cinghiali Selvaggi;Marrone e Verde;Cinghiali Ruggenti
113264;Maria Ida Tancredi;0;Dragoni Rossi;Rosso e Nero;Fiamme Rosse
113265;Anna Carmela Lumia;0;Pantere Rosa;Rosa e Grigio;Pantere Fiere
113266;Simona Flavia Tonini;0;Tigri Nere;Nero e Arancione;Tigri Infuocate
113267;Armando Fistarol;0;Delfini Argentati;Argento e Nero;Onde Argentate
113268;Salvo Milone;0;Rinoceronti Blu;Verde e Argento;Rino Blu
113269;Pamela Giacoma Giovanna Cusumano;0;Aquile Reali;Blu e Oro;Reali del Cielo
113270;Rosa Silvana Fluttero;0;Zebre Striate;Bianco e Rosso;Zebre Elettriche
113271;Gaetano Antonio Palumbo;0;Ippopotami Viola;Viola e Oro;
113272;Vittoria Montagnino;0;Cavalieri d'Argento;Argento e Blu;
113273;Rosa Silvana Agostinelli;0;Ippopotami Viola;Viola e Oro;
113274;Egidio La Loggia;0;Pavoni Reali;Oro e Viola;Ali Reali
113275;Donato Pasetto;0;Orsi Polari;Bianco e Blu;
113276;Benedetto Longo;0;Cavalieri d'Argento;Argento e Blu;
113277;Teresa Malpezzi;0;Dragoni Rossi;Rosso e Nero;Fiamme Rosse
113278;Nicoletta Menardi;0;Aquile Reali;Blu e Oro;Reali del Cielo
113279;Rosetta Enza Santillo;0;Elefanti Grigi;Nero e Bianco;Elefanti Titanici
113280;Diana Mininno;0;Coccodrilli Verdi;Verde e Marrone;Coccodrilli d'Acciaio
113281;Amedeo Galioto;0;Pinguini Polari;Bianco e Nero;
113282;Mariarosaria Zanettin;0;Zebre Striate;Bianco e Rosso;Zebre Elettriche
113283;Rosellina Magistrelli;0;Zebre Striate;Bianco e Rosso;Zebre Elettriche
113284;Tarcisio Chiavaroli;0;Serpenti Dorati;Oro e Rosso;Serpenti Dorati
113285;Mariarosaria Morando;0;Leoni Dorati;Giallo e Nero;Leoni Ruggenti
113286;Maria Elisabetta Causin;0;Cavalli Selvaggi;Rosso e Argento;Cavalieri Selvaggi
113287;Giacomo Gambini;0;Coccodrilli Verdi;Verde e Marrone;Coccodrilli d'Acciaio
113288;Angela Anna Bruna Iovene;0;Fenici Rosse;Rosso e Arancione;Ali di Fuoco
113289;Eva Vizzini;0;Tigri Nere;Nero e Arancione;Tigri Infuocate
113290;Cristina Ventucci;0;Leoni Dorati;Giallo e Nero;Leoni Ruggenti
113291;Pierpaolo Idem;0;Camaleonti Arcobaleno;Blu e Verde;Camaleonti Magici
113292;Romano Kofler;0;Aquile Blu;Blu e Bianco;Aquile Volanti
113293;Giusy Santillo;0;Volpi del Bosco;Blu e Rosso;Volpi Veloci
113294;Silvana Andreina Mignone;0;Fenici Rosse;Rosso e Arancione;Ali di Fuoco
113295;Andrea Carmine Girotto;0;Gatti Neri;Nero e Viola;
113296;Annalisa Ferrara;0;Ippopotami Viola;Viola e Oro;
113297;Manuel Costa;0;Serpenti Dorati;Oro e Rosso;Serpenti Dorati
113298;Lidia Ragno;0;Gatti Neri;Nero e Viola;
113299;Dolores Taverna;0;Gatti Neri;Nero e Viola;
113300;Kristalia Rachele Bonfrisco;0;Dragoni Rossi;Rosso e Nero;Fiamme Rosse
113301;Daniele Sisto;0;Delfini Argentati;Argento e Nero;Onde Argentate
113302;Santo Mininno;0;Cavalli Selvaggi;Rosso e Argento;Cavalieri Selvaggi
113303;Miguel Garraffa;0;Pavoni Reali;Oro e Viola;Ali Reali
113304;Marina Zampa;0;Corvi della Tempesta;Grigio e Blu;Tempesta Oscura
113305;Leonzio Marsilio;0;Dragoni Rossi;Rosso e Nero;Fiamme Rosse
113306;Diodato (darko) Fistarol;0;Pinguini Polari;Bianco e Nero;
113307;Giovanni Vittorio Nave;0;Fulmini Verdi;Verde e Giallo;Lampi Verdi
113308;Luciano Manconi;0;Volpi del Bosco;Blu e Rosso;Volpi Veloci
113309;Egidio Luigi Mollame;0;Falchi Grigi;Grigio e Nero;Falchi del Vento
113310;Giancarlo Arrigoni;0;Scorpioni Rossi;Giallo e Verde;Scorpioni d'Acciaio
113311;Sante Vacciano;0;Aquile Reali;Blu e Oro;Reali del Cielo
113312;Francesco Sciascia;0;Serpenti Dorati;Oro e Rosso;Serpenti Dorati
113313;Cosimo La Marca;0;Orsi Polari;Bianco e Blu;
113314;Cristina Latronico;0;Elefanti Grigi;Nero e Bianco;Elefanti Titanici
113315;Bianca Maria Daniele Galdi;0;Fenici Rosse;Rosso e Arancione;Ali di Fuoco
113316;Alberto Amato;0;Dragoni Rossi;Rosso e Nero;Fiamme Rosse
113317;Vincenzo Bilardi;0;Volpi del Bosco;Blu e Rosso;Volpi Veloci
113318;Gabriella Rame;0;Orsi Polari;Bianco e Blu;
113319;Maria Fortuna Mulas;0;Volpi del Bosco;Blu e Rosso;Volpi Veloci
113320;Ruggiero Carloni;0;Gufi Notturni;Viola e Grigio;Occhi nella Notte
113321;Jose' Luiz Rutelli;0;Cinghiali Selvaggi;Marrone e Verde;Cinghiali Ruggenti
113322;Amedeo D'ubaldo;0;Serpenti Dorati;Oro e Rosso;Serpenti Dorati
113323;Venera Barelli;0;Lupi del Nord;Bianco e Grigio;Ululati del Nord
113324;Maria Antonietta Stefani;0;Ippopotami Viola;Viola e Oro;
113325;Elio Esposito;0;Pantere Rosa;Rosa e Grigio;Pantere Fiere
113326;Maria Ida Mancino;0;Serpenti Dorati;Oro e Rosso;Serpenti Dorati
113327;Sabina Amorena;0;Volpi del Bosco;Blu e Rosso;Volpi Veloci
113328;Pietro De Santis;0;Tigri Nere;Nero e Arancione;Tigri Infuocate
113329;Furio Mugnai;0;Squali Azzurri;Azzurro e Bianco;Predatori del Mare
113330;Maria Fortuna Fattori;0;Aquile Blu;Blu e Bianco;Aquile Volanti
113331;Lucio Bucci;0;Pantere Rosa;Rosa e Grigio;Pantere Fiere
113332;Stelio D'ubaldo;0;Rinoceronti Blu;Verde e Argento;Rino Blu
113333;Vannino Coletti;0;Scorpioni Rossi;Giallo e Verde;Scorpioni d'Acciaio
113334;Anna Cinzia Battistoni;0;Elefanti Grigi;Nero e Bianco;Elefanti Titanici
113335;Renzo Compagnone;0;Gufi Notturni;Viola e Grigio;Occhi nella Notte
113336;Ivan Cirami;0;Cinghiali Selvaggi;Marrone e Verde;Cinghiali Ruggenti
113337;Simona Nunzia Casini;0;Falchi Grigi;Grigio e Nero;Falchi del Vento
113338;Celestino Visentin;0;Lupi del Nord;Bianco e Grigio;Ululati del Nord
113339;Bianca Maria Giovanardi;0;Cavalli Selvaggi;Rosso e Argento;Cavalieri Selvaggi
113340;Cesare Vitali;0;Orsi Polari;Bianco e Blu;
113341;Claudio Bruzzone;0;Pavoni Reali;Oro e Viola;Ali Reali
113342;Oskar Spelgatti;0;Squali Azzurri;Azzurro e Bianco;Predatori del Mare
113343;Manuel Pezzopane;0;Cavalli Selvaggi;Rosso e Argento;Cavalieri Selvaggi
113344;Egidio Reccia;0;Coccodrilli Verdi;Verde e Marrone;Coccodrilli d'Acciaio
113345;Niccolo' Cantini;0;Volpi del Bosco;Blu e Rosso;Volpi Veloci
113346;Filomeno Biagio Barelli;0;Elefanti Grigi;Nero e Bianco;Elefanti Titanici
113347;Venera Perilli;0;Delfini Argentati;Argento e Nero;Onde Argentate
113348;Rina Sisler;0;Tigri Nere;Nero e Arancione;Tigri Infuocate
113349;Basilio Brisca Menapace;0;Aquile Blu;Blu e Bianco;Aquile Volanti
113350;Nunzia Cossiga;0;Serpenti Dorati;Oro e Rosso;Serpenti Dorati
113351;Pierfrancesco Emilio Romano Lucidi;0;Falchi Grigi;Grigio e Nero;Falchi del Vento
113352;Lamberto Mallegni;0;Fenici Rosse;Rosso e Arancione;Ali di Fuoco
113353;Dorina De Guidi;0;Pantere Rosa;Rosa e Grigio;Pantere Fiere
113354;Antonino Castellani;0;Serpenti Dorati;Oro e Rosso;Serpenti Dorati
113355;Adriana Pianasso;0;Leoni Dorati;Giallo e Nero;Leoni Ruggenti
113356;Patrizio Dini;0;Pavoni Reali;Oro e Viola;Ali Reali
113357;Gianvittorio Fissore;0;Rinoceronti Blu;Verde e Argento;Rino Blu
113358;Fabrizio Jacchia;0;Leoni Dorati;Giallo e Nero;Leoni Ruggenti
113359;Danila Rutelli;0;Cavalieri d'Argento;Argento e Blu;
113360;Umberto Callegaro;0;Rinoceronti Blu;Verde e Argento;Rino Blu
113361;Salvatore Malan;0;Cavalli Selvaggi;Rosso e Argento;Cavalieri Selvaggi
113362;Grazia Ciccanti;0;Coccodrilli Verdi;Verde e Marrone;Coccodrilli d'Acciaio
113363;Giuseppe Luigi Salvatore Ciampi;0;Cinghiali Selvaggi;Marrone e Verde;Cinghiali Ruggenti
113364;Marcello Carofiglio;0;Fulmini Verdi;Verde e Giallo;Lampi Verdi
113365;Annalisa Coviello;0;Leoni Dorati;Giallo e Nero;Leoni Ruggenti
113366;Filippo Maria D'ascola;0;Pantere Rosa;Rosa e Grigio;Pantere Fiere
113367;Giovanni Arlacchi;0;Elefanti Grigi;Nero e Bianco;Elefanti Titanici
113368;Tiziana Carmela Rosaria Pallaro;0;Scorpioni Rossi;Giallo e Verde;Scorpioni d'Acciaio
113369;Rosa Maria Vicari;0;Cinghiali Selvaggi;Marrone e Verde;Cinghiali Ruggenti
113370;Doriano Lezzi;0;Fulmini Verdi;Verde e Giallo;Lampi Verdi
113371;Manuel Fluttero;0;Falchi Grigi;Grigio e Nero;Falchi del Vento
113372;Gilberto Mazzella;0;Tigri Nere;Nero e Arancione;Tigri Infuocate
113373;Alberto Pietro Maria Giuliano;0;Pavoni Reali;Oro e Viola;Ali Reali
113374;Mauro Antonio Donato Occhiuto;0;Gufi Notturni;Viola e Grigio;Occhi nella Notte
113375;Maria Petrenga;0;Gufi Notturni;Viola e Grigio;Occhi nella Notte
113376;Danilo Mascitelli;0;Cavalli Selvaggi;Rosso e Argento;Cavalieri Selvaggi
113377;Luigi Sella Di Monteluce;0;Scorpioni Rossi;Giallo e Verde;Scorpioni d'Acciaio
113378;Daria Manis;0;Cavalieri d'Argento;Argento e Blu;
113379;Armin Peterlini;0;Tigri Nere;Nero e Arancione;Tigri Infuocate
113380;Learco Veraldi;0;Pantere Rosa;Rosa e Grigio;Pantere Fiere
113381;Miguel Borroni;0;Orsi Polari;Bianco e Blu;
113382;Albert Salvi;0;Scorpioni Rossi;Giallo e Verde;Scorpioni d'Acciaio
113383;Lionello Marco Lauria;0;Volpi del Bosco;Blu e Rosso;Volpi Veloci
113384;Karl Bossi;0;Volpi del Bosco;Blu e Rosso;Volpi Veloci
113385;Leana Fluttero;0;Dragoni Rossi;Rosso e Nero;Fiamme Rosse
113386;Emanuele Pergreffi;0;Serpenti Dorati;Oro e Rosso;Serpenti Dorati
113387;Doriano Fenu;0;Aquile Blu;Blu e Bianco;Aquile Volanti
113388;Ernesto Susta;0;Rinoceronti Blu;Verde e Argento;Rino Blu
113389;Michela Anastasi;0;Camaleonti Arcobaleno;Blu e Verde;Camaleonti Magici
113390;Mirella Bilotti;0;Leoni Dorati;Giallo e Nero;Leoni Ruggenti
113391;Luis Alberto Olivero;0;Cavalli Selvaggi;Rosso e Argento;Cavalieri Selvaggi
113392;Gianmauro Speroni;0;Pavoni Reali;Oro e Viola;Ali Reali
113393;Maria Luisa Zanoni;0;Fenici Rosse;Rosso e Arancione;Ali di Fuoco
113394;Massimiliano Fusco;0;Ippopotami Viola;Viola e Oro;
113395;Ludovico Antezza;0;Pantere Rosa;Rosa e Grigio;Pantere Fiere
113396;Laura Mazzaracchio;0;Pavoni Reali;Oro e Viola;Ali Reali
113397;Nello Antinoro;0;Serpenti Dorati;Oro e Rosso;Serpenti Dorati
113398;Mino Crucioli;0;Corvi della Tempesta;Grigio e Blu;Tempesta Oscura
113399;Arnaldo Paragone;0;Cavalieri d'Argento;Argento e Blu;
113400;Sandra Pittelli;0;Gufi Notturni;Viola e Grigio;Occhi nella Notte
113401;Adelaide Ferrero;0;Cavalieri d'Argento;Argento e Blu;
113402;Sara Campari;0;Pantere Rosa;Rosa e Grigio;Pantere Fiere
113403;Marcello Manieri;0;Corvi della Tempesta;Grigio e Blu;Tempesta Oscura
113404;Giancarlo Panizza;0;Aquile Blu;Blu e Bianco;Aquile Volanti
113405;Daniele Gaetano Falanga;0;Fulmini Verdi;Verde e Giallo;Lampi Verdi
113406;Sauro Moscardelli;0;Fenici Rosse;Rosso e Arancione;Ali di Fuoco
113407;Angelo Berselli;0;Squali Azzurri;Azzurro e Bianco;Predatori del Mare
113408;Donatella Carbone;0;Delfini Argentati;Argento e Nero;Onde Argentate
113409;Amintore Arrigoni;0;Aquile Blu;Blu e Bianco;Aquile Volanti
113410;Jose' Luiz Di Marzio;0;Cavalieri d'Argento;Argento e Blu;
113411;Primo Bulgarelli;0;Cavalli Selvaggi;Rosso e Argento;Cavalieri Selvaggi
113412;Camilla Razzi;0;Delfini Argentati;Argento e Nero;Onde Argentate
113413;Antonio Gubetti;0;Volpi del Bosco;Blu e Rosso;Volpi Veloci
113414;Ernesto Misiani;0;Zebre Striate;Bianco e Rosso;Zebre Elettriche
113415;Michele Arcangelo Pallaro;0;Cavalli Selvaggi;Rosso e Argento;Cavalieri Selvaggi
113416;Gavino Fazzolari;0;Leoni Dorati;Giallo e Nero;Leoni Ruggenti
113417;Silvio Emilio Lisi;0;Ippopotami Viola;Viola e Oro;
113418;Leana Padua;0;Serpenti Dorati;Oro e Rosso;Serpenti Dorati
113419;Candido Degennaro;0;Fenici Rosse;Rosso e Arancione;Ali di Fuoco
113420;Lidia Licheri;0;Scorpioni Rossi;Giallo e Verde;Scorpioni d'Acciaio
113421;Enzo Giorgio Secondo La Marca;0;Scorpioni Rossi;Giallo e Verde;Scorpioni d'Acciaio
113422;Susy Massa;0;Delfini Argentati;Argento e Nero;Onde Argentate
113423;Maria Alessandra Fantetti;0;Fulmini Verdi;Verde e Giallo;Lampi Verdi
113424;Gianvittore Rosso;0;Aquile Reali;Blu e Oro;Reali del Cielo
113425;Armando Asciutti;0;Camaleonti Arcobaleno;Blu e Verde;Camaleonti Magici
113426;Vladimiro Rubbia;0;Tigri Nere;Nero e Arancione;Tigri Infuocate
113427;Athos Nania;0;Cavalieri d'Argento;Argento e Blu;
113428;Michelino Collina;0;Ippopotami Viola;Viola e Oro;
113429;Felice Tronti;0;Pinguini Polari;Bianco e Nero;
113430;Luisa Di Nardo;0;Ippopotami Viola;Viola e Oro;
113431;Venera Bottici;0;Ippopotami Viola;Viola e Oro;
113432;Corradino Evangelista;0;Aquile Blu;Blu e Bianco;Aquile Volanti
113433;Patty Murineddu;0;Scorpioni Rossi;Giallo e Verde;Scorpioni d'Acciaio
113434;Severino Aracri;0;Rinoceronti Blu;Verde e Argento;Rino Blu
113435;Roberto Maria Ferdinando Paragone;0;Pinguini Polari;Bianco e Nero;
113436;Leopoldo Bignami;0;Pinguini Polari;Bianco e Nero;
113437;Ivo Quarto;0;Pantere Rosa;Rosa e Grigio;Pantere Fiere
113438;Nico Polidoro;0;Volpi del Bosco;Blu e Rosso;Volpi Veloci
113439;Giuseppe Viceconte;0;Ippopotami Viola;Viola e Oro;
113440;Aurora Esposito;0;Pantere Rosa;Rosa e Grigio;Pantere Fiere
113441;Ester Della Porta;0;Elefanti Grigi;Nero e Bianco;Elefanti Titanici
113442;Dino Aimi;0;Tigri Nere;Nero e Arancione;Tigri Infuocate
113443;Emilio Aderenti;0;Scorpioni Rossi;Giallo e Verde;Scorpioni d'Acciaio
113444;Egidio Luigi Conti;0;Cavalli Selvaggi;Rosso e Argento;Cavalieri Selvaggi
113445;Magda Bernini;0;Scorpioni Rossi;Giallo e Verde;Scorpioni d'Acciaio
113446;Liborio Righetti;0;Corvi della Tempesta;Grigio e Blu;Tempesta Oscura
113447;Fulvio Lotito;0;Leoni Dorati;Giallo e Nero;Leoni Ruggenti
113448;Remigio Favero;0;Dragoni Rossi;Rosso e Nero;Fiamme Rosse
113449;Stanislao Alessandro Melchiorre;0;Squali Azzurri;Azzurro e Bianco;Predatori del Mare
113450;Valeria Floridia;0;Fenici Rosse;Rosso e Arancione;Ali di Fuoco
113451;Nicolo' Scanu;0;Camaleonti Arcobaleno;Blu e Verde;Camaleonti Magici
113452;Iunio Valerio Mulas;0;Elefanti Grigi;Nero e Bianco;Elefanti Titanici
113453;Baldassare Mungari;0;Ippopotami Viola;Viola e Oro;
113454;Licia Maninetti;0;Aquile Blu;Blu e Bianco;Aquile Volanti
113455;Gian Piero Anastasi;0;Aquile Reali;Blu e Oro;Reali del Cielo
113456;Athos Lumia;0;Pinguini Polari;Bianco e Nero;
113457;Fiammetta Bonadonna;0;Serpenti Dorati;Oro e Rosso;Serpenti Dorati
113458;Etelwardo Cintola;0;Aquile Blu;Blu e Bianco;Aquile Volanti
113459;Enrico Ferrara;0;Falchi Grigi;Grigio e Nero;Falchi del Vento
113460;Giuseppe Tommaso Vincenzo Lanzi;0;Camaleonti Arcobaleno;Blu e Verde;Camaleonti Magici
113461;Ettore Antonio Chiti;0;Delfini Argentati;Argento e Nero;Onde Argentate
113462;Davide Centaro;0;Serpenti Dorati;Oro e Rosso;Serpenti Dorati
113463;Diodato (darko) Richetti;0;Orsi Polari;Bianco e Blu;
113464;Daniele Gaetano Alessandrini;0;Aquile Blu;Blu e Bianco;Aquile Volanti
113465;Carla Cagnin;0;Ippopotami Viola;Viola e Oro;
113466;Federica Orsomarso;0;Lupi del Nord;Bianco e Grigio;Ululati del Nord
113467;Adolfo Marconi;0;Tigri Nere;Nero e Arancione;Tigri Infuocate
113468;Celestino Guidi;0;Falchi Grigi;Grigio e Nero;Falchi del Vento
113469;Fabiola Flammia;0;Lupi del Nord;Bianco e Grigio;Ululati del Nord
113470;Gavino Mucchetti;0;Aquile Blu;Blu e Bianco;Aquile Volanti
113471;Michela Martone;0;Cavalli Selvaggi;Rosso e Argento;Cavalieri Selvaggi
113472;Vittoria Francesca Maria Petrucci;0;Volpi del Bosco;Blu e Rosso;Volpi Veloci
113473;Pasqualino Lorenzo Magliocchetti;0;Gufi Notturni;Viola e Grigio;Occhi nella Notte
113474;Isabella Bergamo;0;Cinghiali Selvaggi;Marrone e Verde;Cinghiali Ruggenti
113475;Tamara Adamo;0;Elefanti Grigi;Nero e Bianco;Elefanti Titanici
113476;Edoardo Nieddu;0;Gufi Notturni;Viola e Grigio;Occhi nella Notte
113477;Ada Biasotti;0;Pantere Rosa;Rosa e Grigio;Pantere Fiere
113478;Aurelio Giuseppe Volcic;0;Gufi Notturni;Viola e Grigio;Occhi nella Notte
113479;Emilio Paolo Speroni;0;Pantere Rosa;Rosa e Grigio;Pantere Fiere
113480;Miguel Giorgianni;0;Rinoceronti Blu;Verde e Argento;Rino Blu
113481;Danila Galan;0;Volpi del Bosco;Blu e Rosso;Volpi Veloci
113482;Doriano Sartori;0;Squali Azzurri;Azzurro e Bianco;Predatori del Mare
113483;Filomeno Biagio Di Stefano;0;Cavalieri d'Argento;Argento e Blu;
113484;Lorenzo Emilio Finocchiaro;0;Cavalieri d'Argento;Argento e Blu;
113485;Vittorio Dell'utri;0;Volpi del Bosco;Blu e Rosso;Volpi Veloci
113486;Furio Camber;0;Cinghiali Selvaggi;Marrone e Verde;Cinghiali Ruggenti
113487;Sergio Villari;0;Pinguini Polari;Bianco e Nero;
113488;Livia Calderoli;0;Fulmini Verdi;Verde e Giallo;Lampi Verdi
113489;Lucia Giarrusso;0;Cinghiali Selvaggi;Marrone e Verde;Cinghiali Ruggenti
113490;Vito Capelli;0;Tigri Nere;Nero e Arancione;Tigri Infuocate
113491;Accursio Mazzarello;0;Serpenti Dorati;Oro e Rosso;Serpenti Dorati
113492;Sandro Mario Boccardi;0;Fenici Rosse;Rosso e Arancione;Ali di Fuoco
113493;Oscar Luigi Amato;0;Cinghiali Selvaggi;Marrone e Verde;Cinghiali Ruggenti
113494;Claudio Verdini;0;Leoni Dorati;Giallo e Nero;Leoni Ruggenti
113495;Valeria Di Orio;0;Cavalli Selvaggi;Rosso e Argento;Cavalieri Selvaggi
113496;Rosetta Enza Pesco;0;Pinguini Polari;Bianco e Nero;
113497;Giovanni Pietro Tredese;0;Aquile Blu;Blu e Bianco;Aquile Volanti
113498;Iunio Valerio Minniti;0;Fulmini Verdi;Verde e Giallo;Lampi Verdi
113499;Tullio Capelli;0;Pinguini Polari;Bianco e Nero;
113500;Giampaolo Tecce;0;Lupi del Nord;Bianco e Grigio;Ululati del Nord
113501;Luca Vita;0;Ippopotami Viola;Viola e Oro;
113502;Giovanni Vittorio Gaburro;0;Falchi Grigi;Grigio e Nero;Falchi del Vento
113503;Stefania Melchiorre;0;Elefanti Grigi;Nero e Bianco;Elefanti Titanici
113504;Pasquale Accoto;0;Fulmini Verdi;Verde e Giallo;Lampi Verdi
113505;Valeria Maconi;0;Volpi del Bosco;Blu e Rosso;Volpi Veloci
113506;Emilio Malabarba;0;Rinoceronti Blu;Verde e Argento;Rino Blu
113507;Giuliana Barboni;0;Elefanti Grigi;Nero e Bianco;Elefanti Titanici
113508;Guido Quintino Lasagna;0;Ippopotami Viola;Viola e Oro;
113509;Carmela Ioannucci;0;Aquile Reali;Blu e Oro;Reali del Cielo
113510;Ugo Lannutti;0;Volpi del Bosco;Blu e Rosso;Volpi Veloci
113511;Gaetano Fucksia;0;Volpi del Bosco;Blu e Rosso;Volpi Veloci
113512;Eva Mascitelli;0;Fenici Rosse;Rosso e Arancione;Ali di Fuoco
113513;Egidio Zorzoli;0;Dragoni Rossi;Rosso e Nero;Fiamme Rosse
113514;Angelica Adduce;0;Scorpioni Rossi;Giallo e Verde;Scorpioni d'Acciaio
113515;Angelo Michele Adamo;0;Leoni Dorati;Giallo e Nero;Leoni Ruggenti
113516;Daria Totaro;0;Fenici Rosse;Rosso e Arancione;Ali di Fuoco
113517;Cecilia Piloni;0;Aquile Blu;Blu e Bianco;Aquile Volanti
113518;Emilio Di Siena;0;Elefanti Grigi;Nero e Bianco;Elefanti Titanici
113519;Martino Fasano;0;Elefanti Grigi;Nero e Bianco;Elefanti Titanici
113520;Gaetano Fusco;0;Cavalieri d'Argento;Argento e Blu;
113521;Antonio Oliva;0;Cavalieri d'Argento;Argento e Blu;
113522;Rossella Chincarini;0;Serpenti Dorati;Oro e Rosso;Serpenti Dorati
113523;Euprepio Villecco Calipari;0;Pinguini Polari;Bianco e Nero;
113524;Adelaide Mantovani;0;Fulmini Verdi;Verde e Giallo;Lampi Verdi
113525;Aniello Nugnes;0;Gufi Notturni;Viola e Grigio;Occhi nella Notte
113526;Mario Michele Poli Bortone;0;Elefanti Grigi;Nero e Bianco;Elefanti Titanici
113527;Armando Follieri;0;Cinghiali Selvaggi;Marrone e Verde;Cinghiali Ruggenti
113528;Marina Favaro;0;Orsi Polari;Bianco e Blu;
113529;Livia D'alessandro Prisco;0;Rinoceronti Blu;Verde e Argento;Rino Blu
113530;Emiddio Ragno;0;Squali Azzurri;Azzurro e Bianco;Predatori del Mare
113531;Tomaso Gruosso;0;Pavoni Reali;Oro e Viola;Ali Reali
113532;Giusy Toffanin;0;Aquile Blu;Blu e Bianco;Aquile Volanti
113533;Severino Semeraro;0;Camaleonti Arcobaleno;Blu e Verde;Camaleonti Magici
113534;Elena Moles;0;Cinghiali Selvaggi;Marrone e Verde;Cinghiali Ruggenti
113535;Sandro Crippa;0;Cinghiali Selvaggi;Marrone e Verde;Cinghiali Ruggenti
113536;Lanfranco Caligiuri;0;Camaleonti Arcobaleno;Blu e Verde;Camaleonti Magici
113537;Tiziano Fucksia;0;Cavalieri d'Argento;Argento e Blu;
113538;Concetta Toninelli;0;Pantere Rosa;Rosa e Grigio;Pantere Fiere
113539;Dolores Langella;0;Fenici Rosse;Rosso e Arancione;Ali di Fuoco
113540;Ombretta Vegas;0;Fulmini Verdi;Verde e Giallo;Lampi Verdi
113541;Ettore Pietro Sisler;0;Cavalieri d'Argento;Argento e Blu;
113542;Nedo Lorenzo Calenda;0;Fenici Rosse;Rosso e Arancione;Ali di Fuoco
113543;Raffaella Fiormaria Mugnai;0;Leoni Dorati;Giallo e Nero;Leoni Ruggenti
113544;Elisa Taricco;0;Fenici Rosse;Rosso e Arancione;Ali di Fuoco
113545;Vasco Favero;0;Rinoceronti Blu;Verde e Argento;Rino Blu
113546;Giannicola Migliavacca;0;Aquile Reali;Blu e Oro;Reali del Cielo
113547;Erika Papaevangeliu;0;Fulmini Verdi;Verde e Giallo;Lampi Verdi
113548;Maria Teresa Baldassarri;0;Ippopotami Viola;Viola e Oro;
113549;Ludovico Camber;0;Cinghiali Selvaggi;Marrone e Verde;Cinghiali Ruggenti
113550;Maria Paola Scarabosio;0;Elefanti Grigi;Nero e Bianco;Elefanti Titanici
113551;Gaetano Pellegatta;0;Volpi del Bosco;Blu e Rosso;Volpi Veloci
113552;Maria Ida Toffanin;0;Gatti Neri;Nero e Viola;
113553;Maria Virginia Ponzo;0;Pavoni Reali;Oro e Viola;Ali Reali
113554;Salvatore Tito Baratella;0;Corvi della Tempesta;Grigio e Blu;Tempesta Oscura
113555;Giorgio Maria De Zulueta;0;Elefanti Grigi;Nero e Bianco;Elefanti Titanici
113556;Antonio Michele Saia;0;Cavalli Selvaggi;Rosso e Argento;Cavalieri Selvaggi
113557;Denis Della Monica;0;Orsi Polari;Bianco e Blu;
113558;Ludovico Serafini;0;Elefanti Grigi;Nero e Bianco;Elefanti Titanici
113559;Gabriele Occhipinti;0;Gatti Neri;Nero e Viola;
113560;Alfonso Modena;0;Leoni Dorati;Giallo e Nero;Leoni Ruggenti
113561;Tarcisio Morando;0;Ippopotami Viola;Viola e Oro;
113562;Gian Piero Poli;0;Rinoceronti Blu;Verde e Argento;Rino Blu
113563;Pamela Giacoma Giovanna Basso;0;Ippopotami Viola;Viola e Oro;
113564;Gabriele Cantini;0;Ippopotami Viola;Viola e Oro;
113565;Ettore Antonio Bocchino;0;Volpi del Bosco;Blu e Rosso;Volpi Veloci
113566;Paolo Granaiola;0;Leoni Dorati;Giallo e Nero;Leoni Ruggenti
113567;Egidio Luigi Cortiana;0;Leoni Dorati;Giallo e Nero;Leoni Ruggenti
113568;Leana Lumia;0;Squali Azzurri;Azzurro e Bianco;Predatori del Mare
113569;Mino Damante;0;Tigri Nere;Nero e Arancione;Tigri Infuocate
113570;Bartolomeo Gambini;0;Cavalieri d'Argento;Argento e Blu;
113571;Aniello Verini;0;Scorpioni Rossi;Giallo e Verde;Scorpioni d'Acciaio
113572;Agnese Michelini;0;Gufi Notturni;Viola e Grigio;Occhi nella Notte
113573;Sandra Preda;0;Serpenti Dorati;Oro e Rosso;Serpenti Dorati
113574;Ettore Magistrelli;0;Volpi del Bosco;Blu e Rosso;Volpi Veloci
113575;Daniela Bonifazi;0;Cinghiali Selvaggi;Marrone e Verde;Cinghiali Ruggenti
113576;Antonello Greco;0;Fenici Rosse;Rosso e Arancione;Ali di Fuoco
113577;Guglielmo Del Pennino;0;Pavoni Reali;Oro e Viola;Ali Reali
113578;Oscar Luigi Righetti;0;Ippopotami Viola;Viola e Oro;
113579;Ornella Berrino;0;Squali Azzurri;Azzurro e Bianco;Predatori del Mare
113580;Fiorenza Baio;0;Corvi della Tempesta;Grigio e Blu;Tempesta Oscura
113581;Oreste Salvitti;0;Falchi Grigi;Grigio e Nero;Falchi del Vento
113582;Anna Maria Salerno;0;Orsi Polari;Bianco e Blu;
113583;Fabio Musi;0;Aquile Reali;Blu e Oro;Reali del Cielo
113584;Tatjana Olivero;0;Pinguini Polari;Bianco e Nero;
113585;Nico Bevilacqua;0;Pantere Rosa;Rosa e Grigio;Pantere Fiere
113586;Battista Rutelli;0;Squali Azzurri;Azzurro e Bianco;Predatori del Mare
113587;Learco Camusso;0;Dragoni Rossi;Rosso e Nero;Fiamme Rosse
113588;Ilaria Lauro;0;Cavalieri d'Argento;Argento e Blu;
113589;Gilberto Contestabile;0;Cavalli Selvaggi;Rosso e Argento;Cavalieri Selvaggi
113590;Maria Chiara Casoli;0;Cavalli Selvaggi;Rosso e Argento;Cavalieri Selvaggi
113591;Silvio Balboni;0;Pavoni Reali;Oro e Viola;Ali Reali
113592;Massimo Vittorio Accoto;0;Rinoceronti Blu;Verde e Argento;Rino Blu
113593;Simonetta Fedeli;0;Serpenti Dorati;Oro e Rosso;Serpenti Dorati
113594;Anna Caridi;0;Serpenti Dorati;Oro e Rosso;Serpenti Dorati
113595;Annalisa Ronzulli;0;Aquile Blu;Blu e Bianco;Aquile Volanti
113596;Tullio Di Nardo;0;Aquile Blu;Blu e Bianco;Aquile Volanti
113597;Gregorio Bernini;0;Orsi Polari;Bianco e Blu;
113598;Riccardo Ciccanti;0;Scorpioni Rossi;Giallo e Verde;Scorpioni d'Acciaio
113599;Leana Ferrazzi;0;Fulmini Verdi;Verde e Giallo;Lampi Verdi
113600;Emanuela Manunza;0;Aquile Reali;Blu e Oro;Reali del Cielo
113601;Fiorello Castellone;0;Serpenti Dorati;Oro e Rosso;Serpenti Dorati
113602;Cosimo Pallaro;0;Aquile Blu;Blu e Bianco;Aquile Volanti
113603;Vincenzo Maria Di Benedetto;0;Delfini Argentati;Argento e Nero;Onde Argentate
113604;Gustavo Maritati;0;Scorpioni Rossi;Giallo e Verde;Scorpioni d'Acciaio
113605;Doriano Ternullo;0;Cinghiali Selvaggi;Marrone e Verde;Cinghiali Ruggenti
113606;Gianluigi Razzi;0;Corvi della Tempesta;Grigio e Blu;Tempesta Oscura
113607;Lorenzo Emilio Maceratini;0;Delfini Argentati;Argento e Nero;Onde Argentate
113608;Gabriella Mineo;0;Scorpioni Rossi;Giallo e Verde;Scorpioni d'Acciaio
113609;Jonny Albonetti;0;Fulmini Verdi;Verde e Giallo;Lampi Verdi
113610;Federico Favero;0;Cavalieri d'Argento;Argento e Blu;
113611;Giuliomaria Casillo;0;Scorpioni Rossi;Giallo e Verde;Scorpioni d'Acciaio
113612;Mattia Amorena;0;Coccodrilli Verdi;Verde e Marrone;Coccodrilli d'Acciaio
113613;Lidia Presutto;0;Aquile Reali;Blu e Oro;Reali del Cielo
113614;Antonella Naturale;0;Pantere Rosa;Rosa e Grigio;Pantere Fiere
113615;Donato Tommaso Polledri;0;Zebre Striate;Bianco e Rosso;Zebre Elettriche
113616;Lanfranco Pedrini;0;Elefanti Grigi;Nero e Bianco;Elefanti Titanici
113617;Roberta Gelmetti;0;Corvi della Tempesta;Grigio e Blu;Tempesta Oscura
113618;Francesco Saverio Zorzoli;0;Pantere Rosa;Rosa e Grigio;Pantere Fiere
113619;Ivan Torrisi;0;Dragoni Rossi;Rosso e Nero;Fiamme Rosse
113620;Maria Cecilia Barcaiuolo;0;Cavalli Selvaggi;Rosso e Argento;Cavalieri Selvaggi
113621;Rosario Saia;0;Fenici Rosse;Rosso e Arancione;Ali di Fuoco
113622;Gaetano Antonio Rigoni;0;Pinguini Polari;Bianco e Nero;
113623;Elena Durigon;0;Gufi Notturni;Viola e Grigio;Occhi nella Notte
113624;Aurora Berselli;0;Elefanti Grigi;Nero e Bianco;Elefanti Titanici
113625;Anna Cinzia Ruta;0;Gufi Notturni;Viola e Grigio;Occhi nella Notte
113626;Candido Dettori;0;Orsi Polari;Bianco e Blu;
113627;Mariangela Mollame;0;Coccodrilli Verdi;Verde e Marrone;Coccodrilli d'Acciaio
113628;Manuel Manzione;0;Camaleonti Arcobaleno;Blu e Verde;Camaleonti Magici
113629;Jonny Evangelista;0;Pantere Rosa;Rosa e Grigio;Pantere Fiere
113630;Adriano Capaldi;0;Cavalieri d'Argento;Argento e Blu;
113631;Elio Massimo Del Vecchio;0;Volpi del Bosco;Blu e Rosso;Volpi Veloci
113632;Lorenzo Rojc;0;Corvi della Tempesta;Grigio e Blu;Tempesta Oscura
113633;Giancarlo Dal Mas;0;Ippopotami Viola;Viola e Oro;
113634;Cecilia Nessa;0;Camaleonti Arcobaleno;Blu e Verde;Camaleonti Magici
113635;Graziano Berrino;0;Pavoni Reali;Oro e Viola;Ali Reali
113636;Raoul Conti;0;Corvi della Tempesta;Grigio e Blu;Tempesta Oscura
113637;Lavinia Mazzuca Poggiolini;0;Pinguini Polari;Bianco e Nero;
113638;Monica Endrizzi;0;Cavalieri d'Argento;Argento e Blu;
113639;Cristiano Scalfaro;0;Aquile Reali;Blu e Oro;Reali del Cielo
113640;Piero Maturani;0;Coccodrilli Verdi;Verde e Marrone;Coccodrilli d'Acciaio
113641;Valeria Castagnetti;0;Coccodrilli Verdi;Verde e Marrone;Coccodrilli d'Acciaio
113642;Angelo Michele Dessi';0;Pavoni Reali;Oro e Viola;Ali Reali
113643;Adriana De Eccher;0;Aquile Reali;Blu e Oro;Reali del Cielo
113644;Stanislao Petrenga;0;Scorpioni Rossi;Giallo e Verde;Scorpioni d'Acciaio
113645;Raffaele Fina;0;Cavalli Selvaggi;Rosso e Argento;Cavalieri Selvaggi
113646;Cataldo Scalfarotto;0;Gufi Notturni;Viola e Grigio;Occhi nella Notte
113647;Vera Liliana Di Biagio;0;Aquile Reali;Blu e Oro;Reali del Cielo
113648;Oscar Luigi Tunis;0;Falchi Grigi;Grigio e Nero;Falchi del Vento
113649;Carlo Luigi Lunesu;0;Pinguini Polari;Bianco e Nero;
113650;Alberto Adalgisio Monacelli;0;Falchi Grigi;Grigio e Nero;Falchi del Vento
113651;Ylenia Budin;0;Pavoni Reali;Oro e Viola;Ali Reali
113652;Remigio Burgaretta Aparo;0;Dragoni Rossi;Rosso e Nero;Fiamme Rosse
113653;Rossana Perilli;0;Tigri Nere;Nero e Arancione;Tigri Infuocate
113654;Mino Merlo;0;Squali Azzurri;Azzurro e Bianco;Predatori del Mare
113655;Antonio Carloni;0;Cavalli Selvaggi;Rosso e Argento;Cavalieri Selvaggi
113656;Vito Gelmetti;0;Aquile Blu;Blu e Bianco;Aquile Volanti
113657;Pasqualino Lorenzo Migone;0;Falchi Grigi;Grigio e Nero;Falchi del Vento
113658;Giusy Lanzi;0;Delfini Argentati;Argento e Nero;Onde Argentate
113659;Maurizio Satta;0;Fulmini Verdi;Verde e Giallo;Lampi Verdi
113660;Susy Cortiana;0;Ippopotami Viola;Viola e Oro;
113661;Luciano Peruzzotti;0;Fenici Rosse;Rosso e Arancione;Ali di Fuoco
113662;Agnese Lorefice;0;Camaleonti Arcobaleno;Blu e Verde;Camaleonti Magici
113663;Arturo Mario Latorre;0;Aquile Blu;Blu e Bianco;Aquile Volanti
113664;Maria Rosaria Magorno;0;Falchi Grigi;Grigio e Nero;Falchi del Vento
113665;Augusto Leoni;0;Serpenti Dorati;Oro e Rosso;Serpenti Dorati
113666;Carmela Specchia;0;Dragoni Rossi;Rosso e Nero;Fiamme Rosse
113667;Elio Massimo Bugnano;0;Pantere Rosa;Rosa e Grigio;Pantere Fiere
113668;Esteban Juan Berselli;0;Ippopotami Viola;Viola e Oro;
113669;Mariapia Battafarano;0;Camaleonti Arcobaleno;Blu e Verde;Camaleonti Magici
113670;Nedo Lorenzo Carpinelli;0;Cavalieri d'Argento;Argento e Blu;
113671;Paola Magni;0;Volpi del Bosco;Blu e Rosso;Volpi Veloci
113672;Primo Figurelli;0;Cinghiali Selvaggi;Marrone e Verde;Cinghiali Ruggenti
113673;Vito Rosario Del Vecchio;0;Falchi Grigi;Grigio e Nero;Falchi del Vento
113674;Sergio Brutti;0;Camaleonti Arcobaleno;Blu e Verde;Camaleonti Magici
113675;Roberta Marsilio;0;Camaleonti Arcobaleno;Blu e Verde;Camaleonti Magici
113676;Fosco Laus;0;Scorpioni Rossi;Giallo e Verde;Scorpioni d'Acciaio
113677;Magda Vicari;0;Aquile Blu;Blu e Bianco;Aquile Volanti
113678;Renzo Mungari;0;Scorpioni Rossi;Giallo e Verde;Scorpioni d'Acciaio
113679;Aniello Berlusconi;0;Scorpioni Rossi;Giallo e Verde;Scorpioni d'Acciaio
113680;Armin La Loggia;0;Scorpioni Rossi;Giallo e Verde;Scorpioni d'Acciaio
113681;Susanna Donatella Stefano;0;Corvi della Tempesta;Grigio e Blu;Tempesta Oscura
113682;Tony Chike Orsi;0;Lupi del Nord;Bianco e Grigio;Ululati del Nord
113683;Giancarlo Bernasconi;0;Coccodrilli Verdi;Verde e Marrone;Coccodrilli d'Acciaio
113684;Adriana Amati;0;Elefanti Grigi;Nero e Bianco;Elefanti Titanici
113685;Isabella Battistoni;0;Fulmini Verdi;Verde e Giallo;Lampi Verdi
113686;Daria Pucciarelli;0;Squali Azzurri;Azzurro e Bianco;Predatori del Mare
113687;Concetta Cursi;0;Fulmini Verdi;Verde e Giallo;Lampi Verdi
113688;Luisa Fosson;0;Scorpioni Rossi;Giallo e Verde;Scorpioni d'Acciaio
113689;Silvano Donaggio;0;Aquile Reali;Blu e Oro;Reali del Cielo
113690;Massimiliano Licheri;0;Pinguini Polari;Bianco e Nero;
113691;Gaetano Antonio Del Turco;0;Tigri Nere;Nero e Arancione;Tigri Infuocate
113692;Bernabo' Carpinelli;0;Dragoni Rossi;Rosso e Nero;Fiamme Rosse
113693;Adriana Piatti;0;Dragoni Rossi;Rosso e Nero;Fiamme Rosse
113694;Bruno Cagnin;0;Orsi Polari;Bianco e Blu;
113695;Saverio Barbaro;0;Gufi Notturni;Viola e Grigio;Occhi nella Notte
113696;Michele Arcangelo Langella;0;Elefanti Grigi;Nero e Bianco;Elefanti Titanici
113697;Alberto Adalgisio Bosello;0;Pantere Rosa;Rosa e Grigio;Pantere Fiere
113698;Tony Chike Zeffirelli;0;Lupi del Nord;Bianco e Grigio;Ululati del Nord
113699;Alessandrina Nania;0;Cinghiali Selvaggi;Marrone e Verde;Cinghiali Ruggenti
113700;Silvana Andreina Grimani;0;Camaleonti Arcobaleno;Blu e Verde;Camaleonti Magici
113701;Amintore Lepri;0;Cavalieri d'Argento;Argento e Blu;
113702;Urania Giulia Rosina Scilipoti Isgro';0;Dragoni Rossi;Rosso e Nero;Fiamme Rosse
113703;Michelino Pedrini;0;Cavalieri d'Argento;Argento e Blu;
113704;Elidio Floris;0;Tigri Nere;Nero e Arancione;Tigri Infuocate
113705;Rosetta Enza Camo;0;Scorpioni Rossi;Giallo e Verde;Scorpioni d'Acciaio
113706;Carla Carloni;0;Volpi del Bosco;Blu e Rosso;Volpi Veloci
113707;Corrado Lorefice;0;Tigri Nere;Nero e Arancione;Tigri Infuocate
113708;Erica Migone;0;Squali Azzurri;Azzurro e Bianco;Predatori del Mare
113709;Gerardo Tirelli;0;Gatti Neri;Nero e Viola;
113710;Cecilia Corbetta;0;Pinguini Polari;Bianco e Nero;
113711;Iunio Valerio Scarpetti;0;Cinghiali Selvaggi;Marrone e Verde;Cinghiali Ruggenti
113712;Agnese Zeffirelli;0;Serpenti Dorati;Oro e Rosso;Serpenti Dorati
113713;Maria Claudia Berutti;0;Dragoni Rossi;Rosso e Nero;Fiamme Rosse
113714;Alberto Pietro Maria Scalfarotto;0;Scorpioni Rossi;Giallo e Verde;Scorpioni d'Acciaio
113715;Livia Crimi;0;Falchi Grigi;Grigio e Nero;Falchi del Vento
113716;Daisy Pacifico;0;Tigri Nere;Nero e Arancione;Tigri Infuocate
113717;Rosaria Milana;0;Ippopotami Viola;Viola e Oro;
113718;Gian Guido Morgoni;0;Pavoni Reali;Oro e Viola;Ali Reali
113719;Teresa Mancuso;0;Serpenti Dorati;Oro e Rosso;Serpenti Dorati
113720;Michelina Porcari;0;Gufi Notturni;Viola e Grigio;Occhi nella Notte
113721;Danilo Grillotti;0;Lupi del Nord;Bianco e Grigio;Ululati del Nord
113722;Ricardo Antonio Pasquali;0;Pinguini Polari;Bianco e Nero;
113723;Gerardo Piglionica;0;Tigri Nere;Nero e Arancione;Tigri Infuocate
113724;Oscar Luigi Degennaro;0;Pinguini Polari;Bianco e Nero;
113725;Beatrice Battista;0;Lupi del Nord;Bianco e Grigio;Ululati del Nord
113726;Sabrina Gambini;0;Fulmini Verdi;Verde e Giallo;Lampi Verdi
113727;Angela Marcora;0;Gufi Notturni;Viola e Grigio;Occhi nella Notte
113728;Massimo Romeo;0;Cinghiali Selvaggi;Marrone e Verde;Cinghiali Ruggenti
113729;Tarcisio Ognibene;0;Rinoceronti Blu;Verde e Argento;Rino Blu
113730;Ersilia Fiorillo;0;Dragoni Rossi;Rosso e Nero;Fiamme Rosse
113731;Renato Guerino Benedetti Valentini;0;Leoni Dorati;Giallo e Nero;Leoni Ruggenti
113732;Vanna Bettamio;0;Zebre Striate;Bianco e Rosso;Zebre Elettriche
113733;Gaetano Antonio Pinggera;0;Fenici Rosse;Rosso e Arancione;Ali di Fuoco
113734;Dolores Palumbo;0;Pantere Rosa;Rosa e Grigio;Pantere Fiere
113735;Altero La Marca;0;Scorpioni Rossi;Giallo e Verde;Scorpioni d'Acciaio
113736;Giuseppe Maria Salvato;0;Cinghiali Selvaggi;Marrone e Verde;Cinghiali Ruggenti
113737;Michelino Meluzzi;0;Fulmini Verdi;Verde e Giallo;Lampi Verdi
113738;Valerio Digilio;0;Scorpioni Rossi;Giallo e Verde;Scorpioni d'Acciaio
113739;Karl Briziarelli;0;Volpi del Bosco;Blu e Rosso;Volpi Veloci
113740;Michela Viceconte;0;Pinguini Polari;Bianco e Nero;
113741;Giuliomaria Sangalli;0;Coccodrilli Verdi;Verde e Marrone;Coccodrilli d'Acciaio
113742;Antonio Franco Castagnetti;0;Leoni Dorati;Giallo e Nero;Leoni Ruggenti
113743;Francesca Maria Carella;0;Gatti Neri;Nero e Viola;
113744;Bianca Maria Fattori;0;Orsi Polari;Bianco e Blu;
113745;Mattia Gelmini;0;Leoni Dorati;Giallo e Nero;Leoni Ruggenti
113746;Giovanbattista Gabana;0;Fulmini Verdi;Verde e Giallo;Lampi Verdi
113747;Emilio Paolo Lauro;0;Gufi Notturni;Viola e Grigio;Occhi nella Notte
113748;Tancredi Giorgianni;0;Rinoceronti Blu;Verde e Argento;Rino Blu
113749;Umberto Occhipinti;0;Squali Azzurri;Azzurro e Bianco;Predatori del Mare
113750;Elena Bottici;0;Delfini Argentati;Argento e Nero;Onde Argentate
113751;Manfred Fleres;0;Cinghiali Selvaggi;Marrone e Verde;Cinghiali Ruggenti
113752;Vincenzo Maria Stradiotto;0;Serpenti Dorati;Oro e Rosso;Serpenti Dorati
113753;Manfred Micele;0;Elefanti Grigi;Nero e Bianco;Elefanti Titanici
113754;Lucia Mazzatorta;0;Fenici Rosse;Rosso e Arancione;Ali di Fuoco
113755;Saverio Garavini;0;Cavalli Selvaggi;Rosso e Argento;Cavalieri Selvaggi
113756;Tullio Maconi;0;Aquile Reali;Blu e Oro;Reali del Cielo
113757;Gisella Bugnano;0;Pinguini Polari;Bianco e Nero;
113758;Sergio Reccia;0;Zebre Striate;Bianco e Rosso;Zebre Elettriche
113759;Marinella De Pietro;0;Squali Azzurri;Azzurro e Bianco;Predatori del Mare
113760;Gianvittorio Carpi;0;Pavoni Reali;Oro e Viola;Ali Reali
113761;Corrado Franco;0;Fenici Rosse;Rosso e Arancione;Ali di Fuoco
113762;Maria Paola Brunale;0;Tigri Nere;Nero e Arancione;Tigri Infuocate
113763;Fosco Ruotolo;0;Dragoni Rossi;Rosso e Nero;Fiamme Rosse
113764;Fabio Lauria;0;Serpenti Dorati;Oro e Rosso;Serpenti Dorati
113765;Sandro Tomaselli;0;Tigri Nere;Nero e Arancione;Tigri Infuocate
113766;Gelsomina Granaiola;0;Aquile Reali;Blu e Oro;Reali del Cielo
113767;Guido Rotondo;0;Cavalieri d'Argento;Argento e Blu;
113768;Ludovico Evangelista;0;Rinoceronti Blu;Verde e Argento;Rino Blu
113769;Ada Gubert;0;Elefanti Grigi;Nero e Bianco;Elefanti Titanici
113770;Bruno Campus;0;Zebre Striate;Bianco e Rosso;Zebre Elettriche
113771;Hans Micheloni;0;Rinoceronti Blu;Verde e Argento;Rino Blu
113772;Vittoria Bencini;0;Coccodrilli Verdi;Verde e Marrone;Coccodrilli d'Acciaio
113773;Antonio Malpezzi;0;Scorpioni Rossi;Giallo e Verde;Scorpioni d'Acciaio
113774;Gaetano Flammia;0;Corvi della Tempesta;Grigio e Blu;Tempesta Oscura
113775;Norberto Perrone;0;Serpenti Dorati;Oro e Rosso;Serpenti Dorati
113776;Costanzo Cervellini;0;Aquile Reali;Blu e Oro;Reali del Cielo
113777;Bernabo' Crescenzio;0;Pavoni Reali;Oro e Viola;Ali Reali
113778;Isabella Campagna;0;Cavalli Selvaggi;Rosso e Argento;Cavalieri Selvaggi
113779;Rosanna Coletti;0;Pantere Rosa;Rosa e Grigio;Pantere Fiere
113780;Simonetta Ayala;0;Fenici Rosse;Rosso e Arancione;Ali di Fuoco
113781;Assuntela Mussolini;0;Leoni Dorati;Giallo e Nero;Leoni Ruggenti
113782;Angelo Bucciero;0;Gatti Neri;Nero e Viola;
113783;Giulio Losurdo;0;Fulmini Verdi;Verde e Giallo;Lampi Verdi
113784;Marco Nespoli;0;Camaleonti Arcobaleno;Blu e Verde;Camaleonti Magici
113785;Rosario Magnalbo';0;Tigri Nere;Nero e Arancione;Tigri Infuocate
113786;Romano Pesco;0;Corvi della Tempesta;Grigio e Blu;Tempesta Oscura
113787;Rosario Coronella;0;Scorpioni Rossi;Giallo e Verde;Scorpioni d'Acciaio
113788;Vincenzo Maria Monacelli;0;Ippopotami Viola;Viola e Oro;
113789;Antonio Gianfranco Follini;0;Elefanti Grigi;Nero e Bianco;Elefanti Titanici
113790;Tilde Trentacoste;0;Corvi della Tempesta;Grigio e Blu;Tempesta Oscura
113791;Sebastiano Mennuni;0;Lupi del Nord;Bianco e Grigio;Ululati del Nord
113792;Renato Rescaglio;0;Coccodrilli Verdi;Verde e Marrone;Coccodrilli d'Acciaio
113793;Francesco Paolo Rotondo;0;Dragoni Rossi;Rosso e Nero;Fiamme Rosse
113794;Mario Perrone;0;Tigri Nere;Nero e Arancione;Tigri Infuocate
113795;Dario Tosato;0;Elefanti Grigi;Nero e Bianco;Elefanti Titanici
113796;Aurelio Giuseppe Grassi;0;Camaleonti Arcobaleno;Blu e Verde;Camaleonti Magici
113797;Enzo Giorgio Secondo Lomuti;0;Cavalli Selvaggi;Rosso e Argento;Cavalieri Selvaggi
113798;Eugenio Mario Aiello;0;Scorpioni Rossi;Giallo e Verde;Scorpioni d'Acciaio
113799;Mauro Antonio Donato D'ali';0;Tigri Nere;Nero e Arancione;Tigri Infuocate
113800;Daniele Sigismondi;0;Corvi della Tempesta;Grigio e Blu;Tempesta Oscura
113801;Giuseppe Maria Chiurazzi;0;Orsi Polari;Bianco e Blu;
113802;Rossella Piccoli;0;Zebre Striate;Bianco e Rosso;Zebre Elettriche
113803;Hans Co';0;Cavalli Selvaggi;Rosso e Argento;Cavalieri Selvaggi
113804;Rosa Maria Tesei;0;Corvi della Tempesta;Grigio e Blu;Tempesta Oscura
113805;Danila Pastore;0;Lupi del Nord;Bianco e Grigio;Ululati del Nord
113806;Tana Bellini;0;Zebre Striate;Bianco e Rosso;Zebre Elettriche
113807;Salvatore Tito Galardi;0;Rinoceronti Blu;Verde e Argento;Rino Blu
113808;Daniela Silvestri;0;Aquile Reali;Blu e Oro;Reali del Cielo
113809;Aldo Minniti;0;Coccodrilli Verdi;Verde e Marrone;Coccodrilli d'Acciaio
113810;Lavinia Staniscia;0;Tigri Nere;Nero e Arancione;Tigri Infuocate
113811;Pamela Giacoma Giovanna Di Piazza;0;Scorpioni Rossi;Giallo e Verde;Scorpioni d'Acciaio
113812;Franca Pittella;0;Pinguini Polari;Bianco e Nero;
113813;Bianca Laura Davico;0;Coccodrilli Verdi;Verde e Marrone;Coccodrilli d'Acciaio
113814;Silvio Emilio Bocca;0;Serpenti Dorati;Oro e Rosso;Serpenti Dorati
113815;Alan Bosi;0;Aquile Blu;Blu e Bianco;Aquile Volanti
113816;Renato Guerino Fenu;0;Serpenti Dorati;Oro e Rosso;Serpenti Dorati
113817;Nicolo' Melchiorre;0;Elefanti Grigi;Nero e Bianco;Elefanti Titanici
113818;Gilberto Sarro;0;Aquile Reali;Blu e Oro;Reali del Cielo
113819;Giovanni Modena;0;Gatti Neri;Nero e Viola;
113820;Filippo Maria Lotito;0;Zebre Striate;Bianco e Rosso;Zebre Elettriche
113821;Erika Enriques;0;Aquile Blu;Blu e Bianco;Aquile Volanti
113822;Angelo Maria Maiorino;0;Ippopotami Viola;Viola e Oro;
113823;Bartolomeo Ceroni;0;Cinghiali Selvaggi;Marrone e Verde;Cinghiali Ruggenti
113824;Rocco Vito Tabladini;0;Tigri Nere;Nero e Arancione;Tigri Infuocate
113825;Carlo Favero;0;Aquile Blu;Blu e Bianco;Aquile Volanti
113826;Marinella Del Vecchio;0;Orsi Polari;Bianco e Blu;
113827;Loredana Cottarelli;0;Squali Azzurri;Azzurro e Bianco;Predatori del Mare
113828;Benedetto Cucca;0;Lupi del Nord;Bianco e Grigio;Ululati del Nord
113829;Benedetto Forcieri;0;Orsi Polari;Bianco e Blu;
113830;Costantino Boccia;0;Cinghiali Selvaggi;Marrone e Verde;Cinghiali Ruggenti
113831;Giorgio Biondi;0;Fulmini Verdi;Verde e Giallo;Lampi Verdi
113832;Aurora Donise;0;Cavalieri d'Argento;Argento e Blu;
113833;Rosellina Astore;0;Cavalieri d'Argento;Argento e Blu;
113834;Anna Cinzia Follini;0;Lupi del Nord;Bianco e Grigio;Ululati del Nord
113835;Dario Serena;0;Ippopotami Viola;Viola e Oro;
113836;Giuliomaria Bonifazi;0;Cavalli Selvaggi;Rosso e Argento;Cavalieri Selvaggi
113837;Aleandro Mineo;0;Cavalieri d'Argento;Argento e Blu;
113838;Aniello Provera;0;Falchi Grigi;Grigio e Nero;Falchi del Vento
113839;Dario Meduri;0;Aquile Blu;Blu e Bianco;Aquile Volanti
113840;Cristina Vita;0;Ippopotami Viola;Viola e Oro;
113841;Rosaria Maffoni;0;Pavoni Reali;Oro e Viola;Ali Reali
113842;Fabrizio Maconi;0;Zebre Striate;Bianco e Rosso;Zebre Elettriche
113843;Luis Alberto Iannuzzi;0;Aquile Reali;Blu e Oro;Reali del Cielo
113844;Egidio Luigi Chiti;0;Leoni Dorati;Giallo e Nero;Leoni Ruggenti
113845;Giuliomaria Aracri;0;Ippopotami Viola;Viola e Oro;
113846;Antonino Vitali;0;Cavalieri d'Argento;Argento e Blu;
113847;Salvo Cortiana;0;Pantere Rosa;Rosa e Grigio;Pantere Fiere
113848;Manfred Berardi;0;Serpenti Dorati;Oro e Rosso;Serpenti Dorati
113849;Giusy Formisano;0;Squali Azzurri;Azzurro e Bianco;Predatori del Mare
113850;Enrico Vetrella;0;Fulmini Verdi;Verde e Giallo;Lampi Verdi
113851;Urania Giulia Rosina Milio;0;Dragoni Rossi;Rosso e Nero;Fiamme Rosse
113852;Lara Malentacchi;0;Gufi Notturni;Viola e Grigio;Occhi nella Notte
113853;Antonio Salvatore Serafini;0;Lupi del Nord;Bianco e Grigio;Ululati del Nord
113854;Elidio Marcenaro;0;Leoni Dorati;Giallo e Nero;Leoni Ruggenti
113855;Vasco Licastro Scardino;0;Zebre Striate;Bianco e Rosso;Zebre Elettriche
113856;Nedo Lorenzo Viespoli;0;Dragoni Rossi;Rosso e Nero;Fiamme Rosse
113857;Aldo Cortiana;0;Pantere Rosa;Rosa e Grigio;Pantere Fiere
113858;Franca Stiffoni;0;Leoni Dorati;Giallo e Nero;Leoni Ruggenti
113859;Flavio Camerini;0;Scorpioni Rossi;Giallo e Verde;Scorpioni d'Acciaio
113860;William Cesaro;0;Gatti Neri;Nero e Viola;
113861;Felice D'alfonso;0;Rinoceronti Blu;Verde e Argento;Rino Blu
113862;Matteo Di Giacomo;0;Gufi Notturni;Viola e Grigio;Occhi nella Notte
113863;Aurelio Giuseppe Zanoni;0;Pinguini Polari;Bianco e Nero;
113864;Agazio Minzolini;0;Serpenti Dorati;Oro e Rosso;Serpenti Dorati
113865;Camilla Pieroni;0;Pavoni Reali;Oro e Viola;Ali Reali
113866;Cataldo Libe';0;Falchi Grigi;Grigio e Nero;Falchi del Vento
113867;Loredana Montalbano;0;Cinghiali Selvaggi;Marrone e Verde;Cinghiali Ruggenti
113868;Gianluca Consolo;0;Ippopotami Viola;Viola e Oro;
113869;Luca Pasinato;0;Aquile Reali;Blu e Oro;Reali del Cielo
113870;Cristina Bitonci;0;Pantere Rosa;Rosa e Grigio;Pantere Fiere
113871;Pamela Giacoma Giovanna Bonatesta;0;Volpi del Bosco;Blu e Rosso;Volpi Veloci
113872;Celestino Laus;0;Aquile Reali;Blu e Oro;Reali del Cielo
113873;Linda Dal Mas;0;Serpenti Dorati;Oro e Rosso;Serpenti Dorati
113874;Antonino Campus;0;Aquile Blu;Blu e Bianco;Aquile Volanti
113875;Michele Pisani;0;Dragoni Rossi;Rosso e Nero;Fiamme Rosse
113876;Euprepio Gruosso;0;Camaleonti Arcobaleno;Blu e Verde;Camaleonti Magici
113877;Gian Marco Buemi;0;Fulmini Verdi;Verde e Giallo;Lampi Verdi
113878;Ivo Filograna;0;Scorpioni Rossi;Giallo e Verde;Scorpioni d'Acciaio
113879;Cristiano Roilo;0;Fenici Rosse;Rosso e Arancione;Ali di Fuoco
113880;Patrizio Giacomo Bonfietti;0;Orsi Polari;Bianco e Blu;
113881;Fausto Casini;0;Falchi Grigi;Grigio e Nero;Falchi del Vento
113882;Emilio Cirinna';0;Squali Azzurri;Azzurro e Bianco;Predatori del Mare
113883;Simone Patton;0;Aquile Reali;Blu e Oro;Reali del Cielo
113884;Magda Paroli;0;Zebre Striate;Bianco e Rosso;Zebre Elettriche
113885;Mauro Speroni;0;Ippopotami Viola;Viola e Oro;
113886;Cristiano Caprili;0;Aquile Blu;Blu e Bianco;Aquile Volanti
113887;Antonio Franco Caponi;0;Fulmini Verdi;Verde e Giallo;Lampi Verdi
113888;Pietro Sacconi;0;Delfini Argentati;Argento e Nero;Onde Argentate
113889;Marina Cazzaro;0;Falchi Grigi;Grigio e Nero;Falchi del Vento
113890;Meinhard Bastico;0;Pinguini Polari;Bianco e Nero;
113891;Tamara Modica;0;Serpenti Dorati;Oro e Rosso;Serpenti Dorati
113892;Vincenzo Ruggero Zanone;0;Fenici Rosse;Rosso e Arancione;Ali di Fuoco
113893;Ettore Antonio Esposito;0;Aquile Reali;Blu e Oro;Reali del Cielo
113894;Anna Rita Fusillo;0;Pantere Rosa;Rosa e Grigio;Pantere Fiere
113895;Sante Puppato;0;Coccodrilli Verdi;Verde e Marrone;Coccodrilli d'Acciaio
113896;Vincenza Molinari;0;Cavalli Selvaggi;Rosso e Argento;Cavalieri Selvaggi
113897;Filadelfio Guido Zizza;0;Scorpioni Rossi;Giallo e Verde;Scorpioni d'Acciaio
113898;Raffaella Serra;0;Coccodrilli Verdi;Verde e Marrone;Coccodrilli d'Acciaio
113899;Maria Grazia Laforgia;0;Elefanti Grigi;Nero e Bianco;Elefanti Titanici
113900;Cosimo Budin;0;Rinoceronti Blu;Verde e Argento;Rino Blu
113901;Manuela Squarcialupi;0;Cavalli Selvaggi;Rosso e Argento;Cavalieri Selvaggi
113902;Maria Alessandra De Lucia;0;Pantere Rosa;Rosa e Grigio;Pantere Fiere
113903;Vito Fede;0;Serpenti Dorati;Oro e Rosso;Serpenti Dorati
113904;Oscar Luigi Repetti;0;Orsi Polari;Bianco e Blu;
113905;Orietta Boccia;0;Lupi del Nord;Bianco e Grigio;Ululati del Nord
113906;Stefania Gabriella Anastasia Cuffaro;0;Cinghiali Selvaggi;Marrone e Verde;Cinghiali Ruggenti
113907;Albert Monti;0;Aquile Blu;Blu e Bianco;Aquile Volanti
113908;Donato Tommaso Peruzzotti;0;Serpenti Dorati;Oro e Rosso;Serpenti Dorati
113909;Fosco Toffanin;0;Fulmini Verdi;Verde e Giallo;Lampi Verdi
113910;Ciro Visentin;0;Cavalieri d'Argento;Argento e Blu;
113911;Donatella Pucciarelli;0;Zebre Striate;Bianco e Rosso;Zebre Elettriche
113912;Aniello Dato;0;Elefanti Grigi;Nero e Bianco;Elefanti Titanici
113913;Alessandro Maninetti;0;Corvi della Tempesta;Grigio e Blu;Tempesta Oscura
113914;Adolfo Caliendo;0;Lupi del Nord;Bianco e Grigio;Ululati del Nord
113915;Alberto Adalgisio Baldassarri;0;Squali Azzurri;Azzurro e Bianco;Predatori del Mare
113916;Saverio Salvatore Maninetti;0;Aquile Blu;Blu e Bianco;Aquile Volanti
113917;Ylenia Camusso;0;Fenici Rosse;Rosso e Arancione;Ali di Fuoco
113918;Antonino Scarpinato;0;Scorpioni Rossi;Giallo e Verde;Scorpioni d'Acciaio
113919;Doriano Lai;0;Tigri Nere;Nero e Arancione;Tigri Infuocate
113920;Gianmarco Randazzo;0;Squali Azzurri;Azzurro e Bianco;Predatori del Mare
113921;Sergio Baccini;0;Pinguini Polari;Bianco e Nero;
113922;Gabriele Stiffoni;0;Orsi Polari;Bianco e Blu;
113923;Cataldo Biscardini;0;Dragoni Rossi;Rosso e Nero;Fiamme Rosse
113924;Tony Chike Murelli;0;Pantere Rosa;Rosa e Grigio;Pantere Fiere
113925;Dafne Fantola;0;Tigri Nere;Nero e Arancione;Tigri Infuocate
113926;Maria Paola Crema;0;Tigri Nere;Nero e Arancione;Tigri Infuocate
113927;Sabrina Campagna;0;Fenici Rosse;Rosso e Arancione;Ali di Fuoco
113928;Emilio Li Gotti;0;Orsi Polari;Bianco e Blu;
113929;Gianvittorio Dini;0;Ippopotami Viola;Viola e Oro;
113930;Gaetano Steger;0;Corvi della Tempesta;Grigio e Blu;Tempesta Oscura
113931;Ortensio Vescovi;0;Cavalli Selvaggi;Rosso e Argento;Cavalieri Selvaggi
113932;Beatrice Ciriani;0;Scorpioni Rossi;Giallo e Verde;Scorpioni d'Acciaio
113933;Lionello Marco Bonfrisco;0;Falchi Grigi;Grigio e Nero;Falchi del Vento
113934;Daniele Gaetano Ucchielli;0;Aquile Reali;Blu e Oro;Reali del Cielo
113935;Loredana Longhi;0;Dragoni Rossi;Rosso e Nero;Fiamme Rosse
113936;Corrado Negri;0;Scorpioni Rossi;Giallo e Verde;Scorpioni d'Acciaio
113937;Natale Maria Alfonso Demasi;0;Cavalieri d'Argento;Argento e Blu;
113938;Niccolo' Pisa;0;Leoni Dorati;Giallo e Nero;Leoni Ruggenti
113939;Olimpia Minzolini;0;Aquile Blu;Blu e Bianco;Aquile Volanti
113940;Antonio Stefano Emprin Gilardini;0;Cavalli Selvaggi;Rosso e Argento;Cavalieri Selvaggi
113941;Rossana Vaccari;0;Squali Azzurri;Azzurro e Bianco;Predatori del Mare
113942;Carmelo Peruzzotti;0;Coccodrilli Verdi;Verde e Marrone;Coccodrilli d'Acciaio
113943;Giacomo Zanoni;0;Aquile Blu;Blu e Bianco;Aquile Volanti
113944;Maria Paola Biasco;0;Fenici Rosse;Rosso e Arancione;Ali di Fuoco
113945;Esterino Battistoni;0;Delfini Argentati;Argento e Nero;Onde Argentate
113946;Pamela Giacoma Giovanna Auddino;0;Scorpioni Rossi;Giallo e Verde;Scorpioni d'Acciaio
113947;Vittoria Francesca Maria Russo Spena;0;Squali Azzurri;Azzurro e Bianco;Predatori del Mare
113948;Giusy Fosson;0;Pavoni Reali;Oro e Viola;Ali Reali
113949;Willer Silvestroni;0;Aquile Blu;Blu e Bianco;Aquile Volanti
113950;Etelwardo Eufemi;0;Volpi del Bosco;Blu e Rosso;Volpi Veloci
113951;Nuccio Germana';0;Aquile Reali;Blu e Oro;Reali del Cielo
113952;Margherita Pavanelli;0;Coccodrilli Verdi;Verde e Marrone;Coccodrilli d'Acciaio
113953;Annamaria Conte;0;Coccodrilli Verdi;Verde e Marrone;Coccodrilli d'Acciaio
113954;Romano Sartori;0;Volpi del Bosco;Blu e Rosso;Volpi Veloci
113955;Jonny Toninelli;0;Volpi del Bosco;Blu e Rosso;Volpi Veloci
113956;Armin Saia;0;Zebre Striate;Bianco e Rosso;Zebre Elettriche
113957;Manuela Mantovano;0;Dragoni Rossi;Rosso e Nero;Fiamme Rosse
113958;Raffaella Fiormaria Conzatti;0;Pantere Rosa;Rosa e Grigio;Pantere Fiere
113959;Franca Coltorti;0;Cinghiali Selvaggi;Marrone e Verde;Cinghiali Ruggenti
113960;Bernabo' Mainardi;0;Cavalli Selvaggi;Rosso e Argento;Cavalieri Selvaggi
113961;Meinhard Caridi;0;Gatti Neri;Nero e Viola;
113962;Giampaolo Ventucci;0;Scorpioni Rossi;Giallo e Verde;Scorpioni d'Acciaio
113963;Graziano Auddino;0;Aquile Blu;Blu e Bianco;Aquile Volanti
113964;Pietro Donise;0;Falchi Grigi;Grigio e Nero;Falchi del Vento
113965;Nino Caruso;0;Ippopotami Viola;Viola e Oro;
113966;Ivo Passigli;0;Ippopotami Viola;Viola e Oro;
113967;Gavino Zanettin;0;Aquile Reali;Blu e Oro;Reali del Cielo
113968;Corradino Garraffa;0;Scorpioni Rossi;Giallo e Verde;Scorpioni d'Acciaio
113969;Primo Pessina;0;Orsi Polari;Bianco e Blu;
113970;Gavino Taricco;0;Scorpioni Rossi;Giallo e Verde;Scorpioni d'Acciaio
113971;Domenico Pagano;0;Lupi del Nord;Bianco e Grigio;Ululati del Nord
113972;Silvano Milo;0;Camaleonti Arcobaleno;Blu e Verde;Camaleonti Magici
113973;Silvia De Carlo;0;Pavoni Reali;Oro e Viola;Ali Reali
113974;Christian Vernetti;0;Squali Azzurri;Azzurro e Bianco;Predatori del Mare
113975;Lara Vicini;0;Gufi Notturni;Viola e Grigio;Occhi nella Notte
113976;Antonio Stefano Vanin;0;Falchi Grigi;Grigio e Nero;Falchi del Vento
113977;Maria Ida Rando;0;Serpenti Dorati;Oro e Rosso;Serpenti Dorati
113978;Enrico Piglionica;0;Cavalli Selvaggi;Rosso e Argento;Cavalieri Selvaggi
113979;Tony Chike Sudano;0;Gufi Notturni;Viola e Grigio;Occhi nella Notte
113980;Tatjana Puglisi;0;Volpi del Bosco;Blu e Rosso;Volpi Veloci
113981;Valentino Liuzzi;0;Corvi della Tempesta;Grigio e Blu;Tempesta Oscura
113982;Augusto Causin;0;Cavalieri d'Argento;Argento e Blu;
113983;Maria Paola De Falco;0;Elefanti Grigi;Nero e Bianco;Elefanti Titanici
113984;Esterino Massidda;0;Gatti Neri;Nero e Viola;
113985;Vladimiro Pagliari;0;Cinghiali Selvaggi;Marrone e Verde;Cinghiali Ruggenti
113986;Cristiano Cattaneo;0;Falchi Grigi;Grigio e Nero;Falchi del Vento
113987;Fausto Dal Mas;0;Pantere Rosa;Rosa e Grigio;Pantere Fiere
113988;Mariano Perosino;0;Tigri Nere;Nero e Arancione;Tigri Infuocate
113989;Tomaso Adduce;0;Pantere Rosa;Rosa e Grigio;Pantere Fiere
113990;Valentino Di Orio;0;Zebre Striate;Bianco e Rosso;Zebre Elettriche
113991;Riccardo Mungari;0;Ippopotami Viola;Viola e Oro;
113992;Albertina Mascitelli;0;Pantere Rosa;Rosa e Grigio;Pantere Fiere
113993;Mariapia Ricciardi;0;Fenici Rosse;Rosso e Arancione;Ali di Fuoco
113994;Maria Antonietta Zanda;0;Gufi Notturni;Viola e Grigio;Occhi nella Notte
113995;Nunzia Iovene;0;Pantere Rosa;Rosa e Grigio;Pantere Fiere
113996;Giuseppe Francesco Maria Vanin;0;Gufi Notturni;Viola e Grigio;Occhi nella Notte
113997;Gian Pietro Stradiotto;0;Camaleonti Arcobaleno;Blu e Verde;Camaleonti Magici
113998;Gianrico Ladu;0;Zebre Striate;Bianco e Rosso;Zebre Elettriche
113999;Iunio Valerio D'apuzzo;0;Tigri Nere;Nero e Arancione;Tigri Infuocate
114000;Agazio Campagna;0;Scorpioni Rossi;Giallo e Verde;Scorpioni d'Acciaio
114001;Luciana Marcheschi;0;Pantere Rosa;Rosa e Grigio;Pantere Fiere
114002;Rosario Giorgio Strano;0;Fulmini Verdi;Verde e Giallo;Lampi Verdi
114003;Furio Forte;0;Aquile Reali;Blu e Oro;Reali del Cielo
114004;Felicia Pollastri;0;Squali Azzurri;Azzurro e Bianco;Predatori del Mare
114005;Urania Giulia Rosina Musumeci;0;Tigri Nere;Nero e Arancione;Tigri Infuocate
114006;Angelo Michele Ferrari;0;Serpenti Dorati;Oro e Rosso;Serpenti Dorati
114007;Susy Astore;0;Delfini Argentati;Argento e Nero;Onde Argentate
114008;Roberto Baldini;0;Corvi della Tempesta;Grigio e Blu;Tempesta Oscura
114009;Margherita Vallardi;0;Pavoni Reali;Oro e Viola;Ali Reali
114010;Silvestro Giaretta;0;Aquile Reali;Blu e Oro;Reali del Cielo
114011;Gianni Di Piazza;0;Rinoceronti Blu;Verde e Argento;Rino Blu
114012;Cesarino Scalia;0;Zebre Striate;Bianco e Rosso;Zebre Elettriche
114013;Renato Cario;0;Gufi Notturni;Viola e Grigio;Occhi nella Notte
114014;Santo Cusimano;0;Gatti Neri;Nero e Viola;
114015;Stanislao Alessandro Iannone;0;Coccodrilli Verdi;Verde e Marrone;Coccodrilli d'Acciaio
114016;Stefano Carlino;0;Elefanti Grigi;Nero e Bianco;Elefanti Titanici
114017;Daria Marano;0;Aquile Blu;Blu e Bianco;Aquile Volanti
114018;Elio Ciampolillo;0;Zebre Striate;Bianco e Rosso;Zebre Elettriche
114019;Filippo Maria Sinisi;0;Fulmini Verdi;Verde e Giallo;Lampi Verdi
114020;Daisy Danieli;0;Orsi Polari;Bianco e Blu;
114021;Altero Menia;0;Pantere Rosa;Rosa e Grigio;Pantere Fiere
114022;Giampaolo Vittorio Elio Carpi;0;Elefanti Grigi;Nero e Bianco;Elefanti Titanici
114023;Antonio Gianfranco Donadi;0;Aquile Blu;Blu e Bianco;Aquile Volanti
114024;Fiorello Zizza;0;Coccodrilli Verdi;Verde e Marrone;Coccodrilli d'Acciaio
114025;Aurora Semeraro;0;Ippopotami Viola;Viola e Oro;
114026;Anna Rita Vetrella;0;Zebre Striate;Bianco e Rosso;Zebre Elettriche
114027;Celestino Perrone;0;Camaleonti Arcobaleno;Blu e Verde;Camaleonti Magici
114028;Nadia Zecchino;0;Cinghiali Selvaggi;Marrone e Verde;Cinghiali Ruggenti
114029;Giuseppe Onorato Benito Borghese;0;Cavalieri d'Argento;Argento e Blu;
114030;Bianca Maria Fede;0;Corvi della Tempesta;Grigio e Blu;Tempesta Oscura
114031;Amintore Di Piazza;0;Volpi del Bosco;Blu e Rosso;Volpi Veloci
114032;Ester La Russa;0;Serpenti Dorati;Oro e Rosso;Serpenti Dorati
114033;Albertino Morselli;0;Cavalli Selvaggi;Rosso e Argento;Cavalieri Selvaggi
114034;Linda Bencini;0;Gatti Neri;Nero e Viola;
114035;Patty Gallicchio;0;Tigri Nere;Nero e Arancione;Tigri Infuocate
114036;Lionello D'andrea;0;Aquile Reali;Blu e Oro;Reali del Cielo
114037;Fabiola Lotito;0;Orsi Polari;Bianco e Blu;
114038;Sandro Vegas;0;Cinghiali Selvaggi;Marrone e Verde;Cinghiali Ruggenti
114039;Nicoletta Sileri;0;Zebre Striate;Bianco e Rosso;Zebre Elettriche
114040;Michele Barelli;0;Cavalieri d'Argento;Argento e Blu;
114041;Vilma Malpezzi;0;Falchi Grigi;Grigio e Nero;Falchi del Vento
114042;Fausto Wilde;0;Ippopotami Viola;Viola e Oro;
114043;Michaela Mazzoni;0;Serpenti Dorati;Oro e Rosso;Serpenti Dorati
114044;Luigi Robol;0;Falchi Grigi;Grigio e Nero;Falchi del Vento
114045;Gian Giacomo Silvestri;0;Zebre Striate;Bianco e Rosso;Zebre Elettriche
114046;Giuseppe Luigi Salvatore Capelli;0;Lupi del Nord;Bianco e Grigio;Ululati del Nord
114047;Adele Piglionica;0;Squali Azzurri;Azzurro e Bianco;Predatori del Mare
114048;Elidio Lasagna;0;Elefanti Grigi;Nero e Bianco;Elefanti Titanici
114049;Mario Semenzato;0;Rinoceronti Blu;Verde e Argento;Rino Blu
114050;Ettore Fazio;0;Camaleonti Arcobaleno;Blu e Verde;Camaleonti Magici
114051;Gianni Lisei;0;Cavalieri d'Argento;Argento e Blu;
114052;Rosario Mattesini;0;Gufi Notturni;Viola e Grigio;Occhi nella Notte
114053;Lucrezia Bortolotto;0;Delfini Argentati;Argento e Nero;Onde Argentate
114054;Maria Paola Tancredi;0;Pavoni Reali;Oro e Viola;Ali Reali
114055;Leonardo Pasquini;0;Coccodrilli Verdi;Verde e Marrone;Coccodrilli d'Acciaio
114056;Alfonso Masini;0;Delfini Argentati;Argento e Nero;Onde Argentate
114057;Mariangela Magoni;0;Cinghiali Selvaggi;Marrone e Verde;Cinghiali Ruggenti
114058;Helga Provera;0;Volpi del Bosco;Blu e Rosso;Volpi Veloci
114059;Bernabo' Alfonzi;0;Volpi del Bosco;Blu e Rosso;Volpi Veloci
114060;Edoardo Franco;0;Lupi del Nord;Bianco e Grigio;Ululati del Nord
114061;Lucrezia Vetrella;0;Cavalli Selvaggi;Rosso e Argento;Cavalieri Selvaggi
114062;Ludovico Calandrini;0;Zebre Striate;Bianco e Rosso;Zebre Elettriche
114063;Felicia Mazzatorta;0;Serpenti Dorati;Oro e Rosso;Serpenti Dorati
114064;Lucia Puglisi;0;Corvi della Tempesta;Grigio e Blu;Tempesta Oscura
114065;Caterina Carbone;0;Volpi del Bosco;Blu e Rosso;Volpi Veloci
114066;Piero Iannuzzi;0;Orsi Polari;Bianco e Blu;
114067;Carlo Azeglio Daniele Galdi;0;Elefanti Grigi;Nero e Bianco;Elefanti Titanici
114068;Altero Rotondi;0;Pantere Rosa;Rosa e Grigio;Pantere Fiere
114069;Franco Costantino Bornacin;0;Corvi della Tempesta;Grigio e Blu;Tempesta Oscura
114070;Nitto Francesco Scalfarotto;0;Orsi Polari;Bianco e Blu;
114071;Gaspare Antonio Marano;0;Lupi del Nord;Bianco e Grigio;Ululati del Nord
114072;Nando Iannone;0;Scorpioni Rossi;Giallo e Verde;Scorpioni d'Acciaio
114073;Maria Cecilia Comincini;0;Fenici Rosse;Rosso e Arancione;Ali di Fuoco
114074;Marta Cabras;0;Leoni Dorati;Giallo e Nero;Leoni Ruggenti
114075;Calogero Caleo;0;Leoni Dorati;Giallo e Nero;Leoni Ruggenti
114076;Lorenzo Emilio Giordano;0;Lupi del Nord;Bianco e Grigio;Ululati del Nord
114077;Cesarino Cassinelli;0;Pantere Rosa;Rosa e Grigio;Pantere Fiere
114078;Marzia Meleleo;0;Cinghiali Selvaggi;Marrone e Verde;Cinghiali Ruggenti
114079;Grazia Barbato;0;Leoni Dorati;Giallo e Nero;Leoni Ruggenti
114080;Gianpaolo Consiglio;0;Lupi del Nord;Bianco e Grigio;Ululati del Nord
114081;Grazia Ricchiuti;0;Fenici Rosse;Rosso e Arancione;Ali di Fuoco
114082;Nicolo' Gentile;0;Rinoceronti Blu;Verde e Argento;Rino Blu
114083;Stelio Pittelli;0;Fenici Rosse;Rosso e Arancione;Ali di Fuoco
114084;Giuseppe Francesco Maria Stefano;0;Gatti Neri;Nero e Viola;
114085;Ersilia Casolati;0;Zebre Striate;Bianco e Rosso;Zebre Elettriche
114086;Lorenzo Emilio Cabras;0;Cinghiali Selvaggi;Marrone e Verde;Cinghiali Ruggenti
114087;Alessio Serra;0;Gatti Neri;Nero e Viola;
114088;Vittorio Poretti;0;Lupi del Nord;Bianco e Grigio;Ululati del Nord
114089;Aniello Maffioli;0;Zebre Striate;Bianco e Rosso;Zebre Elettriche
114090;Niccolo' Massucco;0;Aquile Blu;Blu e Bianco;Aquile Volanti
114091;Vidmer Mura;0;Scorpioni Rossi;Giallo e Verde;Scorpioni d'Acciaio
114092;Filomeno Biagio Florino;0;Cavalieri d'Argento;Argento e Blu;
114093;Elio Liuzzi;0;Pavoni Reali;Oro e Viola;Ali Reali
114094;Raffaela Cicolani;0;Dragoni Rossi;Rosso e Nero;Fiamme Rosse
114095;Maria Laura De Angelis;0;Camaleonti Arcobaleno;Blu e Verde;Camaleonti Magici
114096;Donato Sposetti;0;Falchi Grigi;Grigio e Nero;Falchi del Vento
114097;Guido Quintino Spilabotte;0;Pavoni Reali;Oro e Viola;Ali Reali
114098;Milziade Urraro;0;Delfini Argentati;Argento e Nero;Onde Argentate
114099;Marzia Magoni;0;Fulmini Verdi;Verde e Giallo;Lampi Verdi
114100;Gelsomina Libe';0;Dragoni Rossi;Rosso e Nero;Fiamme Rosse
114101;Michaela Nardini;0;Volpi del Bosco;Blu e Rosso;Volpi Veloci
114102;Rosellina Amorena;0;Fenici Rosse;Rosso e Arancione;Ali di Fuoco
114103;Milos Silvestri;0;Squali Azzurri;Azzurro e Bianco;Predatori del Mare
114104;Maria Claudia Magorno;0;Fenici Rosse;Rosso e Arancione;Ali di Fuoco
114105;Sauro Del Roio;0;Leoni Dorati;Giallo e Nero;Leoni Ruggenti
114106;Daniele Valditara;0;Cavalli Selvaggi;Rosso e Argento;Cavalieri Selvaggi
114107;Orietta Gaglione;0;Zebre Striate;Bianco e Rosso;Zebre Elettriche
114108;Rossana Serena;0;Pinguini Polari;Bianco e Nero;
114109;Michele Arcangelo Comincini;0;Gatti Neri;Nero e Viola;
114110;Guido Cesare Rossa;0;Coccodrilli Verdi;Verde e Marrone;Coccodrilli d'Acciaio
114111;Vittorio Tabladini;0;Pantere Rosa;Rosa e Grigio;Pantere Fiere
114112;Maria Cristina Thaler Ausserhofer;0;Ippopotami Viola;Viola e Oro;
114113;Cristina Cantalamessa;0;Orsi Polari;Bianco e Blu;
114114;Gian Piero Lo Moro;0;Cavalieri d'Argento;Argento e Blu;
114115;Guido Cesare Formigoni;0;Volpi del Bosco;Blu e Rosso;Volpi Veloci
114116;Antonio Salvatore Demasi;0;Gufi Notturni;Viola e Grigio;Occhi nella Notte
114117;Carlo Bernasconi;0;Volpi del Bosco;Blu e Rosso;Volpi Veloci
114118;Ilaria Boldrini;0;Delfini Argentati;Argento e Nero;Onde Argentate
114119;Pierpaolo Scoma;0;Gufi Notturni;Viola e Grigio;Occhi nella Notte
114120;Federico Lubrano Di Ricco;0;Falchi Grigi;Grigio e Nero;Falchi del Vento
114121;Ida Bianchi;0;Pantere Rosa;Rosa e Grigio;Pantere Fiere
114122;Ylenia La Russa;0;Aquile Reali;Blu e Oro;Reali del Cielo
114123;Virginia Bettini;0;Delfini Argentati;Argento e Nero;Onde Argentate
114124;Emma Vicari;0;Dragoni Rossi;Rosso e Nero;Fiamme Rosse
114125;Alfonso Milo;0;Cinghiali Selvaggi;Marrone e Verde;Cinghiali Ruggenti
114126;Leonzio D'ascola;0;Pantere Rosa;Rosa e Grigio;Pantere Fiere
114127;Tancredi Naturale;0;Pantere Rosa;Rosa e Grigio;Pantere Fiere
114128;Sandro Mautone;0;Fulmini Verdi;Verde e Giallo;Lampi Verdi
114129;Carlo Azeglio Lo Moro;0;Tigri Nere;Nero e Arancione;Tigri Infuocate
114130;Giorgio Latronico;0;Elefanti Grigi;Nero e Bianco;Elefanti Titanici
114131;Marinella Crisafulli;0;Aquile Reali;Blu e Oro;Reali del Cielo
114132;Elio Gamba;0;Tigri Nere;Nero e Arancione;Tigri Infuocate
114133;Ivo Conte;0;Orsi Polari;Bianco e Blu;
114134;Ada Parente;0;Aquile Blu;Blu e Bianco;Aquile Volanti
114135;Alessandra Storace;0;Orsi Polari;Bianco e Blu;
114136;Federico Maiorino;0;Elefanti Grigi;Nero e Bianco;Elefanti Titanici
114137;Nazario Murineddu;0;Aquile Blu;Blu e Bianco;Aquile Volanti
114138;Virginia Lisi;0;Cinghiali Selvaggi;Marrone e Verde;Cinghiali Ruggenti
114139;Susy Crescenzio;0;Squali Azzurri;Azzurro e Bianco;Predatori del Mare
114140;Ricardo Antonio Enriques;0;Cavalieri d'Argento;Argento e Blu;
114141;Rossano Caruso;0;Serpenti Dorati;Oro e Rosso;Serpenti Dorati
114142;Fabiola Tiraboschi;0;Pinguini Polari;Bianco e Nero;
114143;Armin Urraro;0;Rinoceronti Blu;Verde e Argento;Rino Blu
114144;Antonio Salvatore Rame;0;Rinoceronti Blu;Verde e Argento;Rino Blu
114145;Davide Betta;0;Leoni Dorati;Giallo e Nero;Leoni Ruggenti
114146;Ciro Pedrizzi;0;Orsi Polari;Bianco e Blu;
114147;Athos Maggiore;0;Scorpioni Rossi;Giallo e Verde;Scorpioni d'Acciaio
114148;Paolo Veltri;0;Squali Azzurri;Azzurro e Bianco;Predatori del Mare
114149;Ricardo Antonio Del Vecchio;0;Rinoceronti Blu;Verde e Argento;Rino Blu
114150;Orietta Agoni;0;Pinguini Polari;Bianco e Nero;
114151;Ferdinando Chiaromonte;0;Volpi del Bosco;Blu e Rosso;Volpi Veloci
114152;Nerina Mussolini;0;Ippopotami Viola;Viola e Oro;
114153;Bartolo Martelli;0;Gufi Notturni;Viola e Grigio;Occhi nella Notte
114154;Gavino Contestabile;0;Pavoni Reali;Oro e Viola;Ali Reali
114155;Alessandra Casini;0;Orsi Polari;Bianco e Blu;
114156;Sauro Carcarino;0;Pinguini Polari;Bianco e Nero;
114157;Lucia Bianconi;0;Aquile Blu;Blu e Bianco;Aquile Volanti
114158;Venera Pinzger;0;Delfini Argentati;Argento e Nero;Onde Argentate
114159;Alberto Pietro Maria Cambursano;0;Coccodrilli Verdi;Verde e Marrone;Coccodrilli d'Acciaio
114160;Vidmer Corti;0;Ippopotami Viola;Viola e Oro;
114161;Aleandro Giannuzzi;0;Pavoni Reali;Oro e Viola;Ali Reali
114162;Lorenzo Cardinali;0;Squali Azzurri;Azzurro e Bianco;Predatori del Mare
114163;Giuliano Ceruti;0;Cinghiali Selvaggi;Marrone e Verde;Cinghiali Ruggenti
114164;Mariano Camusso;0;Elefanti Grigi;Nero e Bianco;Elefanti Titanici
114165;Giacomo Nava;0;Camaleonti Arcobaleno;Blu e Verde;Camaleonti Magici
114166;Adele Naro;0;Volpi del Bosco;Blu e Rosso;Volpi Veloci
114167;Gianluigi Mancuso;0;Scorpioni Rossi;Giallo e Verde;Scorpioni d'Acciaio
114168;Enzo Giorgio Secondo Ciampolillo;0;Coccodrilli Verdi;Verde e Marrone;Coccodrilli d'Acciaio
114169;Fulvia Michela Parente;0;Falchi Grigi;Grigio e Nero;Falchi del Vento
114170;Sandro Palombo;0;Aquile Reali;Blu e Oro;Reali del Cielo
114171;William Alfieri;0;Aquile Blu;Blu e Bianco;Aquile Volanti
114172;Guido Quintino Rosso;0;Falchi Grigi;Grigio e Nero;Falchi del Vento
114173;Gelsomina Cossiga;0;Gatti Neri;Nero e Viola;
114174;Lara Azzollini;0;Pinguini Polari;Bianco e Nero;
114175;Maria Antonietta La Russa;0;Ippopotami Viola;Viola e Oro;
114176;Gennaro Valente;0;Scorpioni Rossi;Giallo e Verde;Scorpioni d'Acciaio
114177;Orfeo Palermo;0;Pinguini Polari;Bianco e Nero;
114178;Mariangela Barbaro;0;Squali Azzurri;Azzurro e Bianco;Predatori del Mare
114179;Leana Boco;0;Tigri Nere;Nero e Arancione;Tigri Infuocate
114180;Giovanni Corrado;0;Scorpioni Rossi;Giallo e Verde;Scorpioni d'Acciaio
114181;Susanna Lina Giulia Zilio;0;Leoni Dorati;Giallo e Nero;Leoni Ruggenti
114182;Mattia Ruta;0;Cavalli Selvaggi;Rosso e Argento;Cavalieri Selvaggi
114183;Rosa Maria Di Giorgi;0;Lupi del Nord;Bianco e Grigio;Ululati del Nord
114184;Giovanni Pietro Lunardi;0;Ippopotami Viola;Viola e Oro;
114185;Antonio Franco Biondelli;0;Pinguini Polari;Bianco e Nero;
114186;Giacinto Merlo;0;Aquile Reali;Blu e Oro;Reali del Cielo
114187;Gianrico Lumia;0;Leoni Dorati;Giallo e Nero;Leoni Ruggenti
114188;Vito Claudio Lombardi Satriani;0;Camaleonti Arcobaleno;Blu e Verde;Camaleonti Magici
114189;Angelo Matrisciano;0;Orsi Polari;Bianco e Blu;
114190;Ada Pagliari;0;Pantere Rosa;Rosa e Grigio;Pantere Fiere
114191;Domenica Pedrizzi;0;Volpi del Bosco;Blu e Rosso;Volpi Veloci
114192;Ilaria Centaro;0;Pantere Rosa;Rosa e Grigio;Pantere Fiere
114193;Bartolo Colombo;0;Corvi della Tempesta;Grigio e Blu;Tempesta Oscura
114194;Danila Giarrusso;0;Cavalieri d'Argento;Argento e Blu;
114195;Pierpaolo Briziarelli;0;Leoni Dorati;Giallo e Nero;Leoni Ruggenti
114196;Tatjana Mussolini;0;Fulmini Verdi;Verde e Giallo;Lampi Verdi
114197;Learco Repetti;0;Pinguini Polari;Bianco e Nero;
114198;Francesca Maria Marconi;0;Scorpioni Rossi;Giallo e Verde;Scorpioni d'Acciaio
114199;Cristiano Divella;0;Corvi della Tempesta;Grigio e Blu;Tempesta Oscura
114200;Stanislao Alessandro Crippa;0;Pinguini Polari;Bianco e Nero;
114201;Italo Pegorer;0;Fulmini Verdi;Verde e Giallo;Lampi Verdi
114202;Giovanna Sartori;0;Tigri Nere;Nero e Arancione;Tigri Infuocate
114203;Nuccio Pedrini;0;Cinghiali Selvaggi;Marrone e Verde;Cinghiali Ruggenti
114204;Monica Papania;0;Pavoni Reali;Oro e Viola;Ali Reali
114205;Nunziante Miglio;0;Lupi del Nord;Bianco e Grigio;Ululati del Nord
114206;Gian Giacomo Conte;0;Zebre Striate;Bianco e Rosso;Zebre Elettriche
114207;Alfredo Lusi;0;Leoni Dorati;Giallo e Nero;Leoni Ruggenti
114208;Irene Lo Giudice;0;Aquile Reali;Blu e Oro;Reali del Cielo
114209;Ferdinando Auddino;0;Pavoni Reali;Oro e Viola;Ali Reali
114210;Marina Liris;0;Tigri Nere;Nero e Arancione;Tigri Infuocate
114211;Liliana Bucci;0;Squali Azzurri;Azzurro e Bianco;Predatori del Mare
114212;Alberto Pietro Maria Boscetto;0;Pavoni Reali;Oro e Viola;Ali Reali
114213;Oreste Centaro;0;Cavalli Selvaggi;Rosso e Argento;Cavalieri Selvaggi
114214;Nunzia Gasparri;0;Squali Azzurri;Azzurro e Bianco;Predatori del Mare
114215;Adolfo Mugnai;0;Dragoni Rossi;Rosso e Nero;Fiamme Rosse
114216;Maria Virginia Biasco;0;Coccodrilli Verdi;Verde e Marrone;Coccodrilli d'Acciaio
114217;Bianca Maria Granato;0;Volpi del Bosco;Blu e Rosso;Volpi Veloci
114218;Maria Ida Dolazza;0;Squali Azzurri;Azzurro e Bianco;Predatori del Mare
114219;Massimo Vittorio Cardinali;0;Dragoni Rossi;Rosso e Nero;Fiamme Rosse
114220;Ivana Vacciano;0;Gatti Neri;Nero e Viola;
114221;Donato Tommaso Poretti;0;Pavoni Reali;Oro e Viola;Ali Reali
114222;Norberto Saggese;0;Aquile Reali;Blu e Oro;Reali del Cielo
114223;Pietro Divella;0;Delfini Argentati;Argento e Nero;Onde Argentate
114224;Cecilia Brunale;0;Orsi Polari;Bianco e Blu;
114225;Marino Germano Lauria;0;Serpenti Dorati;Oro e Rosso;Serpenti Dorati
114226;Gianmarco Cantini;0;Tigri Nere;Nero e Arancione;Tigri Infuocate
114227;Licia Gubetti;0;Cinghiali Selvaggi;Marrone e Verde;Cinghiali Ruggenti
114228;Corradino Bilardi;0;Orsi Polari;Bianco e Blu;
114229;Giuseppe De Eccher;0;Dragoni Rossi;Rosso e Nero;Fiamme Rosse
114230;Giovanni Pietro Zambrino;0;Elefanti Grigi;Nero e Bianco;Elefanti Titanici
114231;Adelaide Cottarelli;0;Cinghiali Selvaggi;Marrone e Verde;Cinghiali Ruggenti
114232;Julia Scarpetti;0;Aquile Reali;Blu e Oro;Reali del Cielo
114233;Gian Carlo Segre;0;Rinoceronti Blu;Verde e Argento;Rino Blu
114234;Alessandro Gasbarri;0;Tigri Nere;Nero e Arancione;Tigri Infuocate
114235;Gabriele Provera;0;Camaleonti Arcobaleno;Blu e Verde;Camaleonti Magici
114236;Loredana Casoli;0;Aquile Blu;Blu e Bianco;Aquile Volanti
114237;Enzo Giorgio Secondo Nicita;0;Serpenti Dorati;Oro e Rosso;Serpenti Dorati
114238;Remigio Moscardelli;0;Squali Azzurri;Azzurro e Bianco;Predatori del Mare
114239;Stelio Ginetti;0;Dragoni Rossi;Rosso e Nero;Fiamme Rosse
114240;Rosario Villari;0;Rinoceronti Blu;Verde e Argento;Rino Blu
114241;Elia Brignone;0;Fulmini Verdi;Verde e Giallo;Lampi Verdi
114242;Angela Anna Bruna De Priamo;0;Camaleonti Arcobaleno;Blu e Verde;Camaleonti Magici
114243;Corrado Giordano;0;Elefanti Grigi;Nero e Bianco;Elefanti Titanici
114244;Lanfranco Bertoni;0;Elefanti Grigi;Nero e Bianco;Elefanti Titanici
114245;Nazario Della Seta;0;Gufi Notturni;Viola e Grigio;Occhi nella Notte
114246;Demetrio Stracquadanio;0;Rinoceronti Blu;Verde e Argento;Rino Blu
114247;Gian Pietro Fantetti;0;Corvi della Tempesta;Grigio e Blu;Tempesta Oscura
114248;Maria Luisa Manca;0;Tigri Nere;Nero e Arancione;Tigri Infuocate
114249;Ricardo Antonio Marti;0;Orsi Polari;Bianco e Blu;
114250;Dino Antolini;0;Rinoceronti Blu;Verde e Argento;Rino Blu
114251;Gilberto Mauro;0;Scorpioni Rossi;Giallo e Verde;Scorpioni d'Acciaio
114252;Mauro Maria Bratina;0;Lupi del Nord;Bianco e Grigio;Ululati del Nord
114253;Pamela Giacoma Giovanna Speziali;0;Volpi del Bosco;Blu e Rosso;Volpi Veloci
114254;Beppe Luzi;0;Coccodrilli Verdi;Verde e Marrone;Coccodrilli d'Acciaio
114255;Giampaolo Vittorio Elio Fazzolari;0;Cinghiali Selvaggi;Marrone e Verde;Cinghiali Ruggenti
114256;Francesca Pedrazzini;0;Lupi del Nord;Bianco e Grigio;Ululati del Nord
114257;Beppe Malvano;0;Rinoceronti Blu;Verde e Argento;Rino Blu
114258;Doriano Lombardi Satriani;0;Squali Azzurri;Azzurro e Bianco;Predatori del Mare
114259;Eva Piatti;0;Pantere Rosa;Rosa e Grigio;Pantere Fiere
114260;Oscar Luigi Salerno;0;Pavoni Reali;Oro e Viola;Ali Reali
114261;Valerio Langella;0;Cavalli Selvaggi;Rosso e Argento;Cavalieri Selvaggi
114262;Martino Borgonzoni;0;Dragoni Rossi;Rosso e Nero;Fiamme Rosse
114263;Lorenzo Guidi;0;Gatti Neri;Nero e Viola;
114264;Valentino Selva;0;Falchi Grigi;Grigio e Nero;Falchi del Vento
114265;Meinhard Greco;0;Cavalieri d'Argento;Argento e Blu;
114266;Graziano Casolati;0;Serpenti Dorati;Oro e Rosso;Serpenti Dorati
114267;Gianclaudio Bonadonna;0;Tigri Nere;Nero e Arancione;Tigri Infuocate
114268;Elvira Lucia Digilio;0;Serpenti Dorati;Oro e Rosso;Serpenti Dorati
114269;Rosanna Saia;0;Gatti Neri;Nero e Viola;
114270;Lodovico Nicita;0;Zebre Striate;Bianco e Rosso;Zebre Elettriche
114271;Sebastiano Fumagalli Carulli;0;Serpenti Dorati;Oro e Rosso;Serpenti Dorati
114272;Alessia Stanca;0;Fenici Rosse;Rosso e Arancione;Ali di Fuoco
114273;Alessandrina Maiorino;0;Rinoceronti Blu;Verde e Argento;Rino Blu
114274;Margherita Tronti;0;Aquile Reali;Blu e Oro;Reali del Cielo
114275;Pasquale Endrizzi;0;Dragoni Rossi;Rosso e Nero;Fiamme Rosse
114276;Bernabo' Manis;0;Scorpioni Rossi;Giallo e Verde;Scorpioni d'Acciaio
114277;Rossano Pardini;0;Orsi Polari;Bianco e Blu;
114278;Vasco Serena;0;Leoni Dorati;Giallo e Nero;Leoni Ruggenti
114279;Angela Bizzotto;0;Tigri Nere;Nero e Arancione;Tigri Infuocate
114280;Luciano Zeller;0;Gufi Notturni;Viola e Grigio;Occhi nella Notte
114281;Ylenia D'onofrio;0;Tigri Nere;Nero e Arancione;Tigri Infuocate
114282;Enzo Giorgio Secondo Leddi;0;Aquile Blu;Blu e Bianco;Aquile Volanti
114283;Vincenzo Maria Baldini;0;Gufi Notturni;Viola e Grigio;Occhi nella Notte
114284;Gian Carlo Cucchi;0;Coccodrilli Verdi;Verde e Marrone;Coccodrilli d'Acciaio
114285;Marcello Follieri;0;Gatti Neri;Nero e Viola;
114286;Achille Lunesu;0;Delfini Argentati;Argento e Nero;Onde Argentate
114287;Ferdinando Riccardi;0;Cinghiali Selvaggi;Marrone e Verde;Cinghiali Ruggenti
114288;Ludovico Giai;0;Fenici Rosse;Rosso e Arancione;Ali di Fuoco
114289;Gino Sarro;0;Coccodrilli Verdi;Verde e Marrone;Coccodrilli d'Acciaio
114290;Tullio Pepe;0;Fenici Rosse;Rosso e Arancione;Ali di Fuoco
114291;Candido Bocca;0;Orsi Polari;Bianco e Blu;
114292;Gavino Pirro;0;Zebre Striate;Bianco e Rosso;Zebre Elettriche
114293;Hans Padua;0;Ippopotami Viola;Viola e Oro;
114294;Romualdo Vittorio Fusillo;0;Volpi del Bosco;Blu e Rosso;Volpi Veloci
114295;Vincenza Ricciardi;0;Gatti Neri;Nero e Viola;
114296;Monica Orru';0;Fenici Rosse;Rosso e Arancione;Ali di Fuoco
114297;Pierluigi Borea;0;Falchi Grigi;Grigio e Nero;Falchi del Vento
114298;Nunzia Cotti;0;Rinoceronti Blu;Verde e Argento;Rino Blu
114299;Angelo Maria Minuto;0;Gufi Notturni;Viola e Grigio;Occhi nella Notte
114300;Carlo Luigi Serafini;0;Scorpioni Rossi;Giallo e Verde;Scorpioni d'Acciaio
114301;Rocco Bugnano;0;Cavalieri d'Argento;Argento e Blu;
114302;Livia Sollo;0;Squali Azzurri;Azzurro e Bianco;Predatori del Mare
114303;Mariarosaria Cucca;0;Aquile Reali;Blu e Oro;Reali del Cielo
114304;Maria Fortuna Gaudiano;0;Elefanti Grigi;Nero e Bianco;Elefanti Titanici
114305;Antonio Stefano Maiorino;0;Serpenti Dorati;Oro e Rosso;Serpenti Dorati
114306;Ulisse De Vecchis;0;Lupi del Nord;Bianco e Grigio;Ululati del Nord
114307;Marina De Eccher;0;Camaleonti Arcobaleno;Blu e Verde;Camaleonti Magici
114308;Cinzia Maria Marilotti;0;Ippopotami Viola;Viola e Oro;
114309;Bianca Laura Sciascia;0;Zebre Striate;Bianco e Rosso;Zebre Elettriche
114310;Agostino D'elia;0;Cavalieri d'Argento;Argento e Blu;
114311;Ciro Santini;0;Squali Azzurri;Azzurro e Bianco;Predatori del Mare
114312;Tino Strano;0;Zebre Striate;Bianco e Rosso;Zebre Elettriche
114313;Vittoria Scarpinato;0;Tigri Nere;Nero e Arancione;Tigri Infuocate
114314;Angela Anna Bruna Leone;0;Corvi della Tempesta;Grigio e Blu;Tempesta Oscura
114315;Fabio Mangili;0;Aquile Reali;Blu e Oro;Reali del Cielo
114316;Candido De Paoli;0;Aquile Blu;Blu e Bianco;Aquile Volanti
114317;Gabriele Marconi;0;Pinguini Polari;Bianco e Nero;
114318;Venera Bruno Ganeri;0;Rinoceronti Blu;Verde e Argento;Rino Blu
114319;Armando Vigevani;0;Aquile Reali;Blu e Oro;Reali del Cielo
114320;Anna Cinzia Pinto;0;Camaleonti Arcobaleno;Blu e Verde;Camaleonti Magici
114321;Manfred Tecce;0;Elefanti Grigi;Nero e Bianco;Elefanti Titanici
114322;Ettore Larizza;0;Camaleonti Arcobaleno;Blu e Verde;Camaleonti Magici
114323;Vincenzo Ruggero Mancini;0;Delfini Argentati;Argento e Nero;Onde Argentate
114324;Diana Mantovano;0;Pavoni Reali;Oro e Viola;Ali Reali
114325;Alfredo Bergonzi;0;Dragoni Rossi;Rosso e Nero;Fiamme Rosse
114326;Oscar Luigi Volcic;0;Elefanti Grigi;Nero e Bianco;Elefanti Titanici
114327;Donato Fuda;0;Pavoni Reali;Oro e Viola;Ali Reali
114328;Raffaella Borroni;0;Rinoceronti Blu;Verde e Argento;Rino Blu
114329;Nunziante Cardinali;0;Pinguini Polari;Bianco e Nero;
114330;Lidia Tunis;0;Pantere Rosa;Rosa e Grigio;Pantere Fiere
114331;Felice Carlo Chiurazzi;0;Dragoni Rossi;Rosso e Nero;Fiamme Rosse
114332;Esteban Juan Ruggeri;0;Cinghiali Selvaggi;Marrone e Verde;Cinghiali Ruggenti
114333;Fernando Caligiuri;0;Fulmini Verdi;Verde e Giallo;Lampi Verdi
114334;Corradino Righetti;0;Dragoni Rossi;Rosso e Nero;Fiamme Rosse
114335;Nazario D'adda;0;Falchi Grigi;Grigio e Nero;Falchi del Vento
114336;Pierluigi Bugnano;0;Rinoceronti Blu;Verde e Argento;Rino Blu
114337;Maria Grazia De Zulueta;0;Zebre Striate;Bianco e Rosso;Zebre Elettriche
114338;Fiorello Bastianoni;0;Pinguini Polari;Bianco e Nero;
114339;Bianca Maria Tarolli;0;Ippopotami Viola;Viola e Oro;
114340;Fausto Manis;0;Lupi del Nord;Bianco e Grigio;Ululati del Nord
114341;Olimpia Corbetta;0;Aquile Blu;Blu e Bianco;Aquile Volanti
114342;Pippo Ceroni;0;Gufi Notturni;Viola e Grigio;Occhi nella Notte
114343;Dolores Sallemi;0;Gatti Neri;Nero e Viola;
114344;Andrea Carmine Crescenzio;0;Volpi del Bosco;Blu e Rosso;Volpi Veloci
114345;Martino Livi Bacci;0;Cavalieri d'Argento;Argento e Blu;
114346;Daniela Della Monica;0;Tigri Nere;Nero e Arancione;Tigri Infuocate
114347;Maria Domenica Rognoni;0;Lupi del Nord;Bianco e Grigio;Ululati del Nord
114348;Maria Cecilia Loreto;0;Cavalli Selvaggi;Rosso e Argento;Cavalieri Selvaggi
114349;Sebastiano Salvini;0;Lupi del Nord;Bianco e Grigio;Ululati del Nord
114350;Pierantonio Rescaglio;0;Scorpioni Rossi;Giallo e Verde;Scorpioni d'Acciaio
114351;Raffaella Fiormaria Mennuni;0;Dragoni Rossi;Rosso e Nero;Fiamme Rosse
114352;Ombretta Marcucci;0;Squali Azzurri;Azzurro e Bianco;Predatori del Mare
114353;Dolores Salvini;0;Elefanti Grigi;Nero e Bianco;Elefanti Titanici
114354;Agostino Zanda;0;Cavalli Selvaggi;Rosso e Argento;Cavalieri Selvaggi
114355;Gabriele Giro;0;Squali Azzurri;Azzurro e Bianco;Predatori del Mare
114356;Fulvia Michela Aderenti;0;Rinoceronti Blu;Verde e Argento;Rino Blu
114357;Gabriella Ostellari;0;Aquile Reali;Blu e Oro;Reali del Cielo
114358;Raffaella Fiormaria Casson;0;Aquile Blu;Blu e Bianco;Aquile Volanti
114359;Maurizio Garnero Santanche';0;Dragoni Rossi;Rosso e Nero;Fiamme Rosse
114360;Nerina Guerzoni;0;Cavalieri d'Argento;Argento e Blu;
114361;Filippo Maria Barelli;0;Falchi Grigi;Grigio e Nero;Falchi del Vento
114362;Anna Maria Richetti;0;Aquile Reali;Blu e Oro;Reali del Cielo
114363;Maria Manunza;0;Serpenti Dorati;Oro e Rosso;Serpenti Dorati
114364;Ornella Bedin;0;Delfini Argentati;Argento e Nero;Onde Argentate
114365;Agostino Giaretta;0;Coccodrilli Verdi;Verde e Marrone;Coccodrilli d'Acciaio
114366;Antonio Michele Pesco;0;Gufi Notturni;Viola e Grigio;Occhi nella Notte
114367;Eugenio Caruso;0;Gatti Neri;Nero e Viola;
114368;Leopoldo Senese;0;Tigri Nere;Nero e Arancione;Tigri Infuocate
114369;Maria Antonietta Stradiotto;0;Cavalieri d'Argento;Argento e Blu;
114370;Manuel Robol;0;Gatti Neri;Nero e Viola;
114371;Lorenzo Emilio Pardini;0;Gatti Neri;Nero e Viola;
114372;Luciana Valpiana;0;Pinguini Polari;Bianco e Nero;
114373;Luca Camber;0;Cavalli Selvaggi;Rosso e Argento;Cavalieri Selvaggi
114374;Ester Storace;0;Orsi Polari;Bianco e Blu;
114375;Jas Veronesi;0;Zebre Striate;Bianco e Rosso;Zebre Elettriche
114376;Gianrico Colombo;0;Rinoceronti Blu;Verde e Argento;Rino Blu
114377;Maria Paola Spelgatti;0;Scorpioni Rossi;Giallo e Verde;Scorpioni d'Acciaio
114378;Vanni Zangrillo;0;Ippopotami Viola;Viola e Oro;
114379;Filippo Maria Falomi;0;Fulmini Verdi;Verde e Giallo;Lampi Verdi
114380;Renzo Borghesi;0;Lupi del Nord;Bianco e Grigio;Ululati del Nord
114381;Gaetano Barba;0;Cavalieri d'Argento;Argento e Blu;
114382;Maria Cecilia Fattori;0;Pinguini Polari;Bianco e Nero;
114383;Tamara Michelini;0;Dragoni Rossi;Rosso e Nero;Fiamme Rosse
114384;Silvia Tredese;0;Aquile Reali;Blu e Oro;Reali del Cielo
114385;Rita Mantovano;0;Corvi della Tempesta;Grigio e Blu;Tempesta Oscura
114386;Maria Luisa Vegas;0;Orsi Polari;Bianco e Blu;
114387;Leonardo Alfonzi;0;Cinghiali Selvaggi;Marrone e Verde;Cinghiali Ruggenti
114388;Tana Puglia;0;Orsi Polari;Bianco e Blu;
114389;Sandro Mario Treu;0;Pavoni Reali;Oro e Viola;Ali Reali
114390;Patrizia Saia;0;Aquile Blu;Blu e Bianco;Aquile Volanti
114391;Euprepio Donno;0;Cavalli Selvaggi;Rosso e Argento;Cavalieri Selvaggi
114392;Cataldo Castiello;0;Cavalli Selvaggi;Rosso e Argento;Cavalieri Selvaggi
114393;Tino Perosino;0;Tigri Nere;Nero e Arancione;Tigri Infuocate
114394;Alessia Micciche';0;Coccodrilli Verdi;Verde e Marrone;Coccodrilli d'Acciaio
114395;Laura Colli;0;Squali Azzurri;Azzurro e Bianco;Predatori del Mare
114396;Fiammetta Sircana;0;Cinghiali Selvaggi;Marrone e Verde;Cinghiali Ruggenti
114397;Stanislao Albertini;0;Gatti Neri;Nero e Viola;
114398;Vittoria Francesca Maria Gabana;0;Serpenti Dorati;Oro e Rosso;Serpenti Dorati
114399;Marcello D'ascola;0;Corvi della Tempesta;Grigio e Blu;Tempesta Oscura
114400;Fedele Palmizio;0;Pantere Rosa;Rosa e Grigio;Pantere Fiere
114401;Raffaele Dondeynaz;0;Leoni Dorati;Giallo e Nero;Leoni Ruggenti
114402;Luciana Florino;0;Delfini Argentati;Argento e Nero;Onde Argentate
114403;Albert Vano;0;Volpi del Bosco;Blu e Rosso;Volpi Veloci
114404;Giacinto Cerno;0;Pinguini Polari;Bianco e Nero;
114405;Sauro Fosson;0;Falchi Grigi;Grigio e Nero;Falchi del Vento
114406;Ivan Castellani;0;Cavalli Selvaggi;Rosso e Argento;Cavalieri Selvaggi
114407;Elvira Lucia Lombardi Satriani;0;Gatti Neri;Nero e Viola;
114408;Rosaria Scoma;0;Scorpioni Rossi;Giallo e Verde;Scorpioni d'Acciaio
114409;Licia Gallone;0;Scorpioni Rossi;Giallo e Verde;Scorpioni d'Acciaio
114410;Elio Flammia;0;Fenici Rosse;Rosso e Arancione;Ali di Fuoco
114411;Irene Valdinosi;0;Pantere Rosa;Rosa e Grigio;Pantere Fiere
114412;Mariapia Barbaro;0;Rinoceronti Blu;Verde e Argento;Rino Blu
114413;Sara Ruvolo;0;Fulmini Verdi;Verde e Giallo;Lampi Verdi
114414;Franco Agostinelli;0;Gatti Neri;Nero e Viola;
114415;Fiorenza Antolini;0;Elefanti Grigi;Nero e Bianco;Elefanti Titanici
114416;Daisy Piloni;0;Coccodrilli Verdi;Verde e Marrone;Coccodrilli d'Acciaio
114417;Vincenzo Maria Uras;0;Rinoceronti Blu;Verde e Argento;Rino Blu
114418;Loris Giuseppe Parrini;0;Scorpioni Rossi;Giallo e Verde;Scorpioni d'Acciaio
114419;Mauro Maria Testor;0;Lupi del Nord;Bianco e Grigio;Ululati del Nord
114420;Lorenzo Emilio Carbone;0;Dragoni Rossi;Rosso e Nero;Fiamme Rosse
114421;Pamela Giacoma Giovanna Livi Bacci;0;Gatti Neri;Nero e Viola;
114422;Annalisa Saggese;0;Camaleonti Arcobaleno;Blu e Verde;Camaleonti Magici
114423;Tomaso Verducci;0;Rinoceronti Blu;Verde e Argento;Rino Blu
114424;Giulio Mario Licheri;0;Squali Azzurri;Azzurro e Bianco;Predatori del Mare
114425;Ada Susta;0;Gufi Notturni;Viola e Grigio;Occhi nella Notte
114426;Ombretta Maria Bizzotto;0;Camaleonti Arcobaleno;Blu e Verde;Camaleonti Magici
114427;Susanna Donatella Cotti;0;Falchi Grigi;Grigio e Nero;Falchi del Vento
114428;Maurizio Bernini;0;Rinoceronti Blu;Verde e Argento;Rino Blu
114429;Vita Maria Azzollini;0;Cavalli Selvaggi;Rosso e Argento;Cavalieri Selvaggi
114430;Hans Valdinosi;0;Elefanti Grigi;Nero e Bianco;Elefanti Titanici
114431;Baldassare Toia;0;Pavoni Reali;Oro e Viola;Ali Reali
114432;Nello Cortelloni;0;Rinoceronti Blu;Verde e Argento;Rino Blu
114433;Carlo Taviani;0;Pinguini Polari;Bianco e Nero;
114434;Lavinia Buccarella;0;Leoni Dorati;Giallo e Nero;Leoni Ruggenti
114435;Domenico Besostri;0;Rinoceronti Blu;Verde e Argento;Rino Blu
114436;Ugo Mazzatorta;0;Rinoceronti Blu;Verde e Argento;Rino Blu
114437;Tiziana Carmela Rosaria Pianetta;0;Rinoceronti Blu;Verde e Argento;Rino Blu
114438;Nicodemo Francesco Orellana;0;Serpenti Dorati;Oro e Rosso;Serpenti Dorati
114439;Armando Colla;0;Delfini Argentati;Argento e Nero;Onde Argentate
114440;Giuliomaria Pittelli;0;Ippopotami Viola;Viola e Oro;
114441;Ilaria Milone;0;Corvi della Tempesta;Grigio e Blu;Tempesta Oscura
114442;Assuntela Massucco;0;Pinguini Polari;Bianco e Nero;
114443;Alberto Adalgisio De Rigo;0;Gufi Notturni;Viola e Grigio;Occhi nella Notte
114444;Ida Orsomarso;0;Cavalli Selvaggi;Rosso e Argento;Cavalieri Selvaggi
114445;Carlo Azeglio Spagnolli;0;Cavalli Selvaggi;Rosso e Argento;Cavalieri Selvaggi
114446;Dafne Gruosso;0;Delfini Argentati;Argento e Nero;Onde Argentate
114447;Donella Allegrini;0;Ippopotami Viola;Viola e Oro;
114448;Mauro Antonio Donato Camerini;0;Gufi Notturni;Viola e Grigio;Occhi nella Notte
114449;Mariano Chiurazzi;0;Scorpioni Rossi;Giallo e Verde;Scorpioni d'Acciaio
114450;Maria Celeste Borghesi;0;Ippopotami Viola;Viola e Oro;
114451;Carmelo De Angelis;0;Cavalli Selvaggi;Rosso e Argento;Cavalieri Selvaggi
114452;Linda Ulivi;0;Falchi Grigi;Grigio e Nero;Falchi del Vento
114453;Alessio Mininno;0;Cinghiali Selvaggi;Marrone e Verde;Cinghiali Ruggenti
114454;Elidio Antonione;0;Ippopotami Viola;Viola e Oro;
114455;Agazio Pedrini;0;Cinghiali Selvaggi;Marrone e Verde;Cinghiali Ruggenti
114456;Gian Pietro Candiani;0;Pinguini Polari;Bianco e Nero;
114457;Ferdinando Sangalli;0;Falchi Grigi;Grigio e Nero;Falchi del Vento
114458;Gianluigi Pezzopane;0;Lupi del Nord;Bianco e Grigio;Ululati del Nord
114459;Adriana Maraventano;0;Camaleonti Arcobaleno;Blu e Verde;Camaleonti Magici
114460;Leonardo Guerra;0;Elefanti Grigi;Nero e Bianco;Elefanti Titanici
114461;Liborio Bonatesta;0;Gatti Neri;Nero e Viola;
114462;Tommaso Cantu';0;Aquile Blu;Blu e Bianco;Aquile Volanti
114463;Giuseppe Luigi Salvatore De Carlo;0;Serpenti Dorati;Oro e Rosso;Serpenti Dorati
114464;Celestino Dentamaro;0;Gufi Notturni;Viola e Grigio;Occhi nella Notte
114465;Francesco Maria Bitonci;0;Aquile Reali;Blu e Oro;Reali del Cielo
114466;Arturo Mario Ventucci;0;Fulmini Verdi;Verde e Giallo;Lampi Verdi
114467;Oscar Luigi Fausti;0;Dragoni Rossi;Rosso e Nero;Fiamme Rosse
114468;Manuel Bodega;0;Leoni Dorati;Giallo e Nero;Leoni Ruggenti
114469;Doris Iwobi;0;Ippopotami Viola;Viola e Oro;
114470;Eva Orsi;0;Pinguini Polari;Bianco e Nero;
114471;Renato Guerino Mazzarello;0;Squali Azzurri;Azzurro e Bianco;Predatori del Mare
114472;Roberta Rufa;0;Falchi Grigi;Grigio e Nero;Falchi del Vento
114473;Guido Cesare La Russa;0;Elefanti Grigi;Nero e Bianco;Elefanti Titanici
114474;Stelio Giorgis;0;Aquile Reali;Blu e Oro;Reali del Cielo
114475;Etelwardo Stucchi;0;Pavoni Reali;Oro e Viola;Ali Reali
114476;Riccardo Mancuso;0;Cavalieri d'Argento;Argento e Blu;
114477;Giulia Storace;0;Corvi della Tempesta;Grigio e Blu;Tempesta Oscura
114478;Daniele Cirinna';0;Pantere Rosa;Rosa e Grigio;Pantere Fiere
114479;Rossana Stabile;0;Zebre Striate;Bianco e Rosso;Zebre Elettriche
114480;Simona Nunzia Pieroni;0;Delfini Argentati;Argento e Nero;Onde Argentate
114481;Maria Antonietta Marchetti;0;Scorpioni Rossi;Giallo e Verde;Scorpioni d'Acciaio
114482;Giuseppe Camusso;0;Squali Azzurri;Azzurro e Bianco;Predatori del Mare
114483;Lionello Marco Mancino;0;Dragoni Rossi;Rosso e Nero;Fiamme Rosse
114484;Ernesto Toffanin;0;Coccodrilli Verdi;Verde e Marrone;Coccodrilli d'Acciaio
114485;Valeria Fontana;0;Camaleonti Arcobaleno;Blu e Verde;Camaleonti Magici
114486;Sara Tomaselli;0;Elefanti Grigi;Nero e Bianco;Elefanti Titanici
114487;Vincenzo Maria Roilo;0;Squali Azzurri;Azzurro e Bianco;Predatori del Mare
114488;Edoardo Rossomando;0;Pinguini Polari;Bianco e Nero;
114489;Giuseppe Fosson;0;Fenici Rosse;Rosso e Arancione;Ali di Fuoco
114490;Gianpaolo Di Nicola;0;Cavalieri d'Argento;Argento e Blu;
114491;Aldo Saporito;0;Fenici Rosse;Rosso e Arancione;Ali di Fuoco
114492;Massimo Vittorio Mangialavori;0;Falchi Grigi;Grigio e Nero;Falchi del Vento
114493;Manfredi Agogliati;0;Corvi della Tempesta;Grigio e Blu;Tempesta Oscura
114494;Giovanna Germontani;0;Pantere Rosa;Rosa e Grigio;Pantere Fiere
114495;Mariastella Boldrini;0;Squali Azzurri;Azzurro e Bianco;Predatori del Mare
114496;Gianmauro Corsini;0;Lupi del Nord;Bianco e Grigio;Ululati del Nord
114497;Erika Bocca;0;Cavalieri d'Argento;Argento e Blu;
114498;Claudio Lupo;0;Tigri Nere;Nero e Arancione;Tigri Infuocate
114499;Aventino Demasi;0;Fenici Rosse;Rosso e Arancione;Ali di Fuoco
114500;Vito Rosario Giorgianni;0;Fulmini Verdi;Verde e Giallo;Lampi Verdi
114501;Lorenzo Uras;0;Coccodrilli Verdi;Verde e Marrone;Coccodrilli d'Acciaio
114502;Guido Quintino Maceratini;0;Orsi Polari;Bianco e Blu;
114503;Leana Meluzzi;0;Pantere Rosa;Rosa e Grigio;Pantere Fiere
114504;Lidia Nave;0;Dragoni Rossi;Rosso e Nero;Fiamme Rosse
114505;Sandro Mario Lusi;0;Falchi Grigi;Grigio e Nero;Falchi del Vento
114506;Pier Ferdinando Taverna;0;Falchi Grigi;Grigio e Nero;Falchi del Vento
114507;Filippo Maria Leonardi;0;Dragoni Rossi;Rosso e Nero;Fiamme Rosse
114508;Ivo Biondelli;0;Scorpioni Rossi;Giallo e Verde;Scorpioni d'Acciaio
114509;Enzo Giorgio Secondo Montagnino;0;Scorpioni Rossi;Giallo e Verde;Scorpioni d'Acciaio
114510;Marcello Tibaldi;0;Aquile Blu;Blu e Bianco;Aquile Volanti
114511;Maurizio De Zulueta;0;Fulmini Verdi;Verde e Giallo;Lampi Verdi
114512;Donato Tommaso Meduri;0;Volpi del Bosco;Blu e Rosso;Volpi Veloci
114513;Lucia Bonifazi;0;Aquile Blu;Blu e Bianco;Aquile Volanti
114514;Luciana Pininfarina;0;Falchi Grigi;Grigio e Nero;Falchi del Vento
114515;Willer Ferrara;0;Zebre Striate;Bianco e Rosso;Zebre Elettriche
114516;Pamela Giacoma Giovanna Ronchi;0;Volpi del Bosco;Blu e Rosso;Volpi Veloci
114517;Giampaolo Brunale;0;Delfini Argentati;Argento e Nero;Onde Argentate
114518;Helga Zizza;0;Serpenti Dorati;Oro e Rosso;Serpenti Dorati
114519;Elena Berardi;0;Delfini Argentati;Argento e Nero;Onde Argentate
114520;Enrico Patuanelli;0;Dragoni Rossi;Rosso e Nero;Fiamme Rosse
114521;Tino Cioffi;0;Squali Azzurri;Azzurro e Bianco;Predatori del Mare
114522;Miguel Bondi;0;Gatti Neri;Nero e Viola;
114523;Pietro Mundi;0;Coccodrilli Verdi;Verde e Marrone;Coccodrilli d'Acciaio
114524;Pippo Guerra;0;Orsi Polari;Bianco e Blu;
114525;Pierpaolo Besostri;0;Zebre Striate;Bianco e Rosso;Zebre Elettriche
114526;Maria Giuseppa Scalia;0;Zebre Striate;Bianco e Rosso;Zebre Elettriche
114527;Gian Guido Mazzaracchio;0;Tigri Nere;Nero e Arancione;Tigri Infuocate
114528;Gaetano Antonio Bonadonna;0;Camaleonti Arcobaleno;Blu e Verde;Camaleonti Magici
114529;Marina Rognoni;0;Cavalieri d'Argento;Argento e Blu;
114530;Fabrizio Capelli;0;Orsi Polari;Bianco e Blu;
114531;Rosaria Mancuso;0;Volpi del Bosco;Blu e Rosso;Volpi Veloci
114532;Erika Nicita;0;Tigri Nere;Nero e Arancione;Tigri Infuocate
114533;Maria Agostina Campari;0;Scorpioni Rossi;Giallo e Verde;Scorpioni d'Acciaio
114534;Manfredi Pettinato;0;Dragoni Rossi;Rosso e Nero;Fiamme Rosse
114535;Amedeo Benedetti Valentini;0;Dragoni Rossi;Rosso e Nero;Fiamme Rosse
114536;Gianpietro Battista;0;Cavalieri d'Argento;Argento e Blu;
114537;Francesco La Pietra;0;Coccodrilli Verdi;Verde e Marrone;Coccodrilli d'Acciaio
114538;Stefania Gabriella Anastasia Berger;0;Aquile Blu;Blu e Bianco;Aquile Volanti
114539;Rosanna Bergamo;0;Pavoni Reali;Oro e Viola;Ali Reali
114540;Irene Petrucci;0;Pantere Rosa;Rosa e Grigio;Pantere Fiere
114541;Emiddio Bobbio;0;Pavoni Reali;Oro e Viola;Ali Reali
114542;Milos De Angelis;0;Cinghiali Selvaggi;Marrone e Verde;Cinghiali Ruggenti
114543;Elisa Gasbarri;0;Cavalieri d'Argento;Argento e Blu;
114544;Marco Besostri;0;Aquile Reali;Blu e Oro;Reali del Cielo
114545;Iunio Valerio Anastasi;0;Zebre Striate;Bianco e Rosso;Zebre Elettriche
114546;Manfredi Boco;0;Serpenti Dorati;Oro e Rosso;Serpenti Dorati
114547;Jose' Luiz Vono;0;Squali Azzurri;Azzurro e Bianco;Predatori del Mare
114548;Santo Bertoni;0;Delfini Argentati;Argento e Nero;Onde Argentate
114549;Emilio Milana;0;Tigri Nere;Nero e Arancione;Tigri Infuocate
114550;Tiziana Carmela Rosaria Martini;0;Cavalieri d'Argento;Argento e Blu;
114551;Maria Luisa Zullo;0;Delfini Argentati;Argento e Nero;Onde Argentate
114552;Gino Occhipinti;0;Serpenti Dorati;Oro e Rosso;Serpenti Dorati
114553;Carlo Luigi Casolati;0;Orsi Polari;Bianco e Blu;
114554;Serenella Licastro Scardino;0;Coccodrilli Verdi;Verde e Marrone;Coccodrilli d'Acciaio
114555;Peppe Bo;0;Zebre Striate;Bianco e Rosso;Zebre Elettriche
114556;Fausto Lauricella;0;Coccodrilli Verdi;Verde e Marrone;Coccodrilli d'Acciaio
114557;Maria Elisabetta Serafini;0;Corvi della Tempesta;Grigio e Blu;Tempesta Oscura
114558;Gian Guido Lepri;0;Pantere Rosa;Rosa e Grigio;Pantere Fiere
114559;Laura Endrizzi;0;Corvi della Tempesta;Grigio e Blu;Tempesta Oscura
114560;Paolo De Bertoldi;0;Leoni Dorati;Giallo e Nero;Leoni Ruggenti
114561;Achille Ortis;0;Zebre Striate;Bianco e Rosso;Zebre Elettriche
114562;Silvia Alfonzi;0;Aquile Reali;Blu e Oro;Reali del Cielo
114563;Concetta Saia;0;Squali Azzurri;Azzurro e Bianco;Predatori del Mare
114564;Guido Cesare Cappelletti;0;Aquile Blu;Blu e Bianco;Aquile Volanti
114565;Lello Lombardo;0;Aquile Blu;Blu e Bianco;Aquile Volanti
114566;Sebastiano Gawronski;0;Serpenti Dorati;Oro e Rosso;Serpenti Dorati
114567;Ada Lombardo;0;Delfini Argentati;Argento e Nero;Onde Argentate
114568;Leonzio Bodega;0;Falchi Grigi;Grigio e Nero;Falchi del Vento
114569;Giampaolo Vittorio Elio Latronico;0;Falchi Grigi;Grigio e Nero;Falchi del Vento
114570;Davide Valente;0;Pantere Rosa;Rosa e Grigio;Pantere Fiere
114571;Alfredo Martinat;0;Pavoni Reali;Oro e Viola;Ali Reali
114572;Lavinia Castiglione;0;Serpenti Dorati;Oro e Rosso;Serpenti Dorati
114573;Ida Maria Castiello;0;Cinghiali Selvaggi;Marrone e Verde;Cinghiali Ruggenti
114574;Renato Possa;0;Cavalieri d'Argento;Argento e Blu;
114575;Davide Collino;0;Pavoni Reali;Oro e Viola;Ali Reali
114576;Lamberto Carofiglio;0;Serpenti Dorati;Oro e Rosso;Serpenti Dorati
114577;Nunzia Tancredi;0;Zebre Striate;Bianco e Rosso;Zebre Elettriche
114578;Vito Claudio Bedin;0;Tigri Nere;Nero e Arancione;Tigri Infuocate
114579;Luciana Crino';0;Rinoceronti Blu;Verde e Argento;Rino Blu
114580;Gian Marco Marcheschi;0;Cavalli Selvaggi;Rosso e Argento;Cavalieri Selvaggi
114581;Gian Carlo Garavini;0;Cavalli Selvaggi;Rosso e Argento;Cavalieri Selvaggi
114582;Sauro Cherchi;0;Falchi Grigi;Grigio e Nero;Falchi del Vento
114583;Raffaela Drago;0;Gufi Notturni;Viola e Grigio;Occhi nella Notte
114584;Bianca Laura Gramazio;0;Rinoceronti Blu;Verde e Argento;Rino Blu
114585;Emiddio Caprili;0;Lupi del Nord;Bianco e Grigio;Ululati del Nord
114586;Virginia Iervolino;0;Dragoni Rossi;Rosso e Nero;Fiamme Rosse
114587;Oreste Benedetti Valentini;0;Pinguini Polari;Bianco e Nero;
114588;Antonello Bizzotto;0;Scorpioni Rossi;Giallo e Verde;Scorpioni d'Acciaio
114589;Maria Luisa Fiorillo;0;Elefanti Grigi;Nero e Bianco;Elefanti Titanici
114590;Armin Cucchi;0;Squali Azzurri;Azzurro e Bianco;Predatori del Mare
114591;Gianclaudio Zeller;0;Camaleonti Arcobaleno;Blu e Verde;Camaleonti Magici
114592;Nicolo' Tato';0;Zebre Striate;Bianco e Rosso;Zebre Elettriche
114593;Nunzia D'urso;0;Camaleonti Arcobaleno;Blu e Verde;Camaleonti Magici
114594;Nello Girotto;0;Volpi del Bosco;Blu e Rosso;Volpi Veloci
114595;Giuseppe Francesco Maria Cucca;0;Leoni Dorati;Giallo e Nero;Leoni Ruggenti
114596;Pier Ferdinando Borghi;0;Fenici Rosse;Rosso e Arancione;Ali di Fuoco
114597;Gerardo Rossomando;0;Elefanti Grigi;Nero e Bianco;Elefanti Titanici
114598;Leonardo De Sena;0;Pinguini Polari;Bianco e Nero;
114599;Orietta Auddino;0;Fulmini Verdi;Verde e Giallo;Lampi Verdi
114600;Michaela Ferrara;0;Aquile Blu;Blu e Bianco;Aquile Volanti
114601;Lucrezia Occhipinti;0;Corvi della Tempesta;Grigio e Blu;Tempesta Oscura
114602;Alfonso Scalia;0;Scorpioni Rossi;Giallo e Verde;Scorpioni d'Acciaio
114603;Alberto Adalgisio Poli;0;Aquile Blu;Blu e Bianco;Aquile Volanti
114604;Ylenia Moro;0;Volpi del Bosco;Blu e Rosso;Volpi Veloci
114605;Marino Germano Matteoli;0;Tigri Nere;Nero e Arancione;Tigri Infuocate
114606;Assuntela Calenda;0;Aquile Blu;Blu e Bianco;Aquile Volanti
114607;Achille Ostellari;0;Camaleonti Arcobaleno;Blu e Verde;Camaleonti Magici
114608;Saverio Salvatore Legnini;0;Camaleonti Arcobaleno;Blu e Verde;Camaleonti Magici
114609;Costantino Centinaio;0;Cavalieri d'Argento;Argento e Blu;
114610;Pamela Giacoma Giovanna De Priamo;0;Elefanti Grigi;Nero e Bianco;Elefanti Titanici
114611;Pietro Boldrini;0;Fulmini Verdi;Verde e Giallo;Lampi Verdi
114612;Giulio Patuanelli;0;Cavalieri d'Argento;Argento e Blu;
114613;Rosetta Enza Del Roio;0;Leoni Dorati;Giallo e Nero;Leoni Ruggenti
114614;Margherita Razzi;0;Corvi della Tempesta;Grigio e Blu;Tempesta Oscura
114615;Gianmarco Tarquinio;0;Gufi Notturni;Viola e Grigio;Occhi nella Notte
114616;Natale Di Giacomo;0;Squali Azzurri;Azzurro e Bianco;Predatori del Mare
114617;Lionello Mussini;0;Corvi della Tempesta;Grigio e Blu;Tempesta Oscura
114618;Magda Angela Tibaldi;0;Cinghiali Selvaggi;Marrone e Verde;Cinghiali Ruggenti
114619;Jose' Luiz Maffioli;0;Aquile Blu;Blu e Bianco;Aquile Volanti
114620;Tony Chike Lo Curzio;0;Squali Azzurri;Azzurro e Bianco;Predatori del Mare
114621;Vincenza Bongiorno;0;Orsi Polari;Bianco e Blu;
114622;Serenella Nisini;0;Leoni Dorati;Giallo e Nero;Leoni Ruggenti
114623;Walter Ragno;0;Orsi Polari;Bianco e Blu;
114624;Patrizia Berger;0;Aquile Blu;Blu e Bianco;Aquile Volanti
114625;Silvano Toniolli;0;Zebre Striate;Bianco e Rosso;Zebre Elettriche
114626;Guido Quintino Ferrara;0;Delfini Argentati;Argento e Nero;Onde Argentate
114627;Raffaella Durigon;0;Coccodrilli Verdi;Verde e Marrone;Coccodrilli d'Acciaio
114628;Alberto Adalgisio Zanone;0;Serpenti Dorati;Oro e Rosso;Serpenti Dorati
114629;Meinhard Garraffa;0;Gatti Neri;Nero e Viola;
114630;Ricardo Antonio Vaccari;0;Lupi del Nord;Bianco e Grigio;Ululati del Nord
114631;Roberta Milana;0;Volpi del Bosco;Blu e Rosso;Volpi Veloci
114632;Alfredo Scarpetti;0;Gatti Neri;Nero e Viola;
114633;Maria Agostina Lauria;0;Serpenti Dorati;Oro e Rosso;Serpenti Dorati
114634;Carla Palermo;0;Volpi del Bosco;Blu e Rosso;Volpi Veloci
114635;Donato Stancanelli;0;Corvi della Tempesta;Grigio e Blu;Tempesta Oscura
114636;Elidio Trevisi;0;Cavalli Selvaggi;Rosso e Argento;Cavalieri Selvaggi
114637;Colomba Galli;0;Corvi della Tempesta;Grigio e Blu;Tempesta Oscura
114638;Tana Barbolini;0;Rinoceronti Blu;Verde e Argento;Rino Blu
114639;Franco Costantino Valdinosi;0;Fulmini Verdi;Verde e Giallo;Lampi Verdi
114640;Carlo Luigi Perrin;0;Zebre Striate;Bianco e Rosso;Zebre Elettriche
114641;Gabriele Fruscio;0;Orsi Polari;Bianco e Blu;
114642;Maria Elisabetta Tato';0;Tigri Nere;Nero e Arancione;Tigri Infuocate
114643;Angelo Staniscia;0;Volpi del Bosco;Blu e Rosso;Volpi Veloci
114644;Simone Gambaro;0;Orsi Polari;Bianco e Blu;
114645;Vincenza Saro;0;Orsi Polari;Bianco e Blu;
114646;Rosaria Ronchi;0;Aquile Reali;Blu e Oro;Reali del Cielo
114647;Gian Carlo Trematerra;0;Aquile Reali;Blu e Oro;Reali del Cielo
114648;Rosetta Enza Sallemi;0;Fenici Rosse;Rosso e Arancione;Ali di Fuoco
114649;Lara Angius;0;Gatti Neri;Nero e Viola;
114650;Fabiola Borghesi;0;Falchi Grigi;Grigio e Nero;Falchi del Vento
114651;Severino Ricchiuti;0;Dragoni Rossi;Rosso e Nero;Fiamme Rosse
114652;Carlo Luigi Mallegni;0;Cinghiali Selvaggi;Marrone e Verde;Cinghiali Ruggenti
114653;Gianluigi D'ippolito Vitale;0;Fenici Rosse;Rosso e Arancione;Ali di Fuoco
114654;Enzo Giorgio Secondo D'urso;0;Fenici Rosse;Rosso e Arancione;Ali di Fuoco
114655;Josefa Augussori;0;Coccodrilli Verdi;Verde e Marrone;Coccodrilli d'Acciaio
114656;Roberto Maria Ferdinando Ruvolo;0;Fenici Rosse;Rosso e Arancione;Ali di Fuoco
114657;Raffaela Digilio;0;Tigri Nere;Nero e Arancione;Tigri Infuocate
114658;Giancarlo Pininfarina;0;Coccodrilli Verdi;Verde e Marrone;Coccodrilli d'Acciaio
114659;Palmiro Bruzzone;0;Volpi del Bosco;Blu e Rosso;Volpi Veloci
114660;Francesco Enrico Stradiotto;0;Lupi del Nord;Bianco e Grigio;Ululati del Nord
114661;Gennaro Capacchione;0;Coccodrilli Verdi;Verde e Marrone;Coccodrilli d'Acciaio
114662;Nerina Bettini;0;Lupi del Nord;Bianco e Grigio;Ululati del Nord
114663;Luis Alberto Zin;0;Serpenti Dorati;Oro e Rosso;Serpenti Dorati
114664;Hans Bisinella;0;Squali Azzurri;Azzurro e Bianco;Predatori del Mare
114665;Stefania Gabriella Anastasia Nastri;0;Corvi della Tempesta;Grigio e Blu;Tempesta Oscura
114666;Agnese Pinzger;0;Aquile Blu;Blu e Bianco;Aquile Volanti
114667;Loris Giuseppe Della Porta;0;Gatti Neri;Nero e Viola;
114668;Paolo Zeller;0;Aquile Reali;Blu e Oro;Reali del Cielo
114669;Tony Chike Follini;0;Corvi della Tempesta;Grigio e Blu;Tempesta Oscura
114670;Andrea Carmine Bonaiuti;0;Gatti Neri;Nero e Viola;
114671;Jas Sileri;0;Cavalli Selvaggi;Rosso e Argento;Cavalieri Selvaggi
114672;Domenica Razzi;0;Pinguini Polari;Bianco e Nero;
114673;Albertino Castelli;0;Zebre Striate;Bianco e Rosso;Zebre Elettriche
114674;Pierluigi Nardini;0;Pavoni Reali;Oro e Viola;Ali Reali
114675;Maria Virginia Vigevani;0;Zebre Striate;Bianco e Rosso;Zebre Elettriche
114676;Assuntela Cabras;0;Cavalieri d'Argento;Argento e Blu;
114677;Alfredo Quarto;0;Orsi Polari;Bianco e Blu;
114678;Bianca Maria Rollandin;0;Fulmini Verdi;Verde e Giallo;Lampi Verdi
114679;Milziade Barani;0;Dragoni Rossi;Rosso e Nero;Fiamme Rosse
114680;Susy Causin;0;Delfini Argentati;Argento e Nero;Onde Argentate
114681;Lorenzo Emilio Cottarelli;0;Lupi del Nord;Bianco e Grigio;Ululati del Nord
114682;Eugenio Parente;0;Zebre Striate;Bianco e Rosso;Zebre Elettriche
114683;Ersilia Biancofiore;0;Cavalli Selvaggi;Rosso e Argento;Cavalieri Selvaggi
114684;Diodato (darko) Mazzarello;0;Gufi Notturni;Viola e Grigio;Occhi nella Notte
114685;Rocco Vito Palumbo;0;Aquile Blu;Blu e Bianco;Aquile Volanti
114686;Carlo Luigi Carofiglio;0;Falchi Grigi;Grigio e Nero;Falchi del Vento
114687;Maurizio Melchiorre;0;Gatti Neri;Nero e Viola;
114688;Rosario Giorgio Michelini;0;Orsi Polari;Bianco e Blu;
114689;Gianmauro Morgoni;0;Cavalieri d'Argento;Argento e Blu;
114690;Angelo Michele De Monte;0;Squali Azzurri;Azzurro e Bianco;Predatori del Mare
114691;Ornella Monacelli;0;Coccodrilli Verdi;Verde e Marrone;Coccodrilli d'Acciaio
114692;Lavinia Sanzarello;0;Zebre Striate;Bianco e Rosso;Zebre Elettriche
114693;Esteban Juan Moronese;0;Lupi del Nord;Bianco e Grigio;Ululati del Nord
114694;Antonio Franco Tredese;0;Volpi del Bosco;Blu e Rosso;Volpi Veloci
114695;Gian Giacomo Napolitano;0;Scorpioni Rossi;Giallo e Verde;Scorpioni d'Acciaio
114696;Caterina Tomassini;0;Falchi Grigi;Grigio e Nero;Falchi del Vento
114697;Ignazio Tomaselli;0;Pinguini Polari;Bianco e Nero;
114698;Martino Piccoli;0;Volpi del Bosco;Blu e Rosso;Volpi Veloci
114699;Adele Rizzotti;0;Serpenti Dorati;Oro e Rosso;Serpenti Dorati
114700;Aurelio Giuseppe Massidda;0;Pantere Rosa;Rosa e Grigio;Pantere Fiere
114701;Antonello Mantovani;0;Ippopotami Viola;Viola e Oro;
114702;Costanzo Pontone;0;Cavalli Selvaggi;Rosso e Argento;Cavalieri Selvaggi
114703;Celestino Leddi;0;Gufi Notturni;Viola e Grigio;Occhi nella Notte
114704;Rita Grillo;0;Leoni Dorati;Giallo e Nero;Leoni Ruggenti
114705;Baldassare Barcaiuolo;0;Falchi Grigi;Grigio e Nero;Falchi del Vento
114706;Valeria Occhiuto;0;Orsi Polari;Bianco e Blu;
114707;Lanfranco Bosello;0;Fulmini Verdi;Verde e Giallo;Lampi Verdi
114708;Gianrico Alberti Casellati;0;Fulmini Verdi;Verde e Giallo;Lampi Verdi
114709;Mario Biondelli;0;Serpenti Dorati;Oro e Rosso;Serpenti Dorati
114710;William Patriarca;0;Aquile Reali;Blu e Oro;Reali del Cielo
114711;Rosa Cantini;0;Aquile Blu;Blu e Bianco;Aquile Volanti
114712;Gian Pietro Salvitti;0;Coccodrilli Verdi;Verde e Marrone;Coccodrilli d'Acciaio
114713;Salvatore Malentacchi;0;Rinoceronti Blu;Verde e Argento;Rino Blu
114714;Adriana Rojc;0;Corvi della Tempesta;Grigio e Blu;Tempesta Oscura
114715;Armin Malan;0;Falchi Grigi;Grigio e Nero;Falchi del Vento
114716;Alessia Palermo;0;Fenici Rosse;Rosso e Arancione;Ali di Fuoco
114717;Riccardo Centinaio;0;Pantere Rosa;Rosa e Grigio;Pantere Fiere
114718;Pierluigi Stucchi;0;Pinguini Polari;Bianco e Nero;
114719;Tommaso Pezzopane;0;Volpi del Bosco;Blu e Rosso;Volpi Veloci
114720;Pier Ferdinando Saporito;0;Zebre Striate;Bianco e Rosso;Zebre Elettriche
114721;Carmine Viviani;0;Aquile Blu;Blu e Bianco;Aquile Volanti
114722;Pasqualino Lorenzo Rotondi;0;Coccodrilli Verdi;Verde e Marrone;Coccodrilli d'Acciaio
114723;Gerardo Iovene;0;Leoni Dorati;Giallo e Nero;Leoni Ruggenti
114724;Olimpia Semenzato;0;Lupi del Nord;Bianco e Grigio;Ululati del Nord
114725;Gilberto Bordon;0;Squali Azzurri;Azzurro e Bianco;Predatori del Mare
114726;Kristalia Rachele Brutti;0;Lupi del Nord;Bianco e Grigio;Ululati del Nord
114727;Carlo Bruno Ganeri;0;Pantere Rosa;Rosa e Grigio;Pantere Fiere
114728;Gianfranco Allegrini;0;Gatti Neri;Nero e Viola;
114729;Achille Petrucci;0;Lupi del Nord;Bianco e Grigio;Ululati del Nord
114730;Piergiorgio Basso;0;Pavoni Reali;Oro e Viola;Ali Reali
114731;Francesco Ragno;0;Aquile Reali;Blu e Oro;Reali del Cielo
114732;Donato Tommaso Camber;0;Ippopotami Viola;Viola e Oro;
114733;Vito Girotto;0;Orsi Polari;Bianco e Blu;
114734;Gelsomina Fisichella;0;Tigri Nere;Nero e Arancione;Tigri Infuocate
114735;Rosario Amoruso;0;Cinghiali Selvaggi;Marrone e Verde;Cinghiali Ruggenti
114736;Adriana Stefani;0;Pavoni Reali;Oro e Viola;Ali Reali
114737;Angelica Perrin;0;Squali Azzurri;Azzurro e Bianco;Predatori del Mare
114738;Primo Turroni;0;Leoni Dorati;Giallo e Nero;Leoni Ruggenti
114739;Cesarino Garavaglia;0;Serpenti Dorati;Oro e Rosso;Serpenti Dorati
114740;Cecilia Camo;0;Serpenti Dorati;Oro e Rosso;Serpenti Dorati
114741;Enrico Della Seta;0;Serpenti Dorati;Oro e Rosso;Serpenti Dorati
114742;Aurelio Giuseppe Gagliardi;0;Ippopotami Viola;Viola e Oro;
114743;Eugenio Mario Padua;0;Camaleonti Arcobaleno;Blu e Verde;Camaleonti Magici
114744;Giusy Durnwalder;0;Leoni Dorati;Giallo e Nero;Leoni Ruggenti
114745;Cristano Camerini;0;Cavalieri d'Argento;Argento e Blu;
114746;Dolores Doria;0;Cavalieri d'Argento;Argento e Blu;
114747;Antonio Stefano Fina;0;Squali Azzurri;Azzurro e Bianco;Predatori del Mare
114748;Maria Ida Astorre;0;Cavalli Selvaggi;Rosso e Argento;Cavalieri Selvaggi
114749;Alfredo Blazina;0;Dragoni Rossi;Rosso e Nero;Fiamme Rosse
114750;Maria Paola Cucchi;0;Cinghiali Selvaggi;Marrone e Verde;Cinghiali Ruggenti
114751;Remigio Centinaio;0;Tigri Nere;Nero e Arancione;Tigri Infuocate
114752;Gianrico Castelli;0;Aquile Blu;Blu e Bianco;Aquile Volanti
114753;Mario Michele Comincini;0;Elefanti Grigi;Nero e Bianco;Elefanti Titanici
114754;Gianni Lai;0;Elefanti Grigi;Nero e Bianco;Elefanti Titanici
114755;Diana Burgaretta Aparo;0;Lupi del Nord;Bianco e Grigio;Ululati del Nord
114756;Silvana Flammia;0;Pinguini Polari;Bianco e Nero;
114757;Giampaolo Malpezzi;0;Volpi del Bosco;Blu e Rosso;Volpi Veloci
114758;Angelo Michele Legnini;0;Dragoni Rossi;Rosso e Nero;Fiamme Rosse
114759;Giuseppe Maria Randazzo;0;Delfini Argentati;Argento e Nero;Onde Argentate
114760;Edo Misserville;0;Cinghiali Selvaggi;Marrone e Verde;Cinghiali Ruggenti
114761;Gianvittore Sanzarello;0;Rinoceronti Blu;Verde e Argento;Rino Blu
114762;Monica Speranzon;0;Squali Azzurri;Azzurro e Bianco;Predatori del Mare
114763;Isabella Battaglia;0;Lupi del Nord;Bianco e Grigio;Ululati del Nord
114764;Accursio Bossi;0;Cinghiali Selvaggi;Marrone e Verde;Cinghiali Ruggenti
114765;Fosco Garavini;0;Volpi del Bosco;Blu e Rosso;Volpi Veloci
114766;Piero De Monte;0;Ippopotami Viola;Viola e Oro;
114767;Federica Grasso;0;Lupi del Nord;Bianco e Grigio;Ululati del Nord
114768;Ester Barachini;0;Cavalli Selvaggi;Rosso e Argento;Cavalieri Selvaggi
114769;Angelo Michele Tabladini;0;Leoni Dorati;Giallo e Nero;Leoni Ruggenti
114770;Rosetta Enza Ferrara;0;Orsi Polari;Bianco e Blu;
114771;Maria Grazia Mattesini;0;Delfini Argentati;Argento e Nero;Onde Argentate
114772;Mario Alejandro Ayala;0;Serpenti Dorati;Oro e Rosso;Serpenti Dorati
114773;Liborio Alderisi;0;Gatti Neri;Nero e Viola;
114774;Costanzo Di Micco;0;Aquile Reali;Blu e Oro;Reali del Cielo
114775;Laura Castiello;0;Pinguini Polari;Bianco e Nero;
114776;Grazia Girotto;0;Cavalli Selvaggi;Rosso e Argento;Cavalieri Selvaggi
114777;Alessia Sbrollini;0;Orsi Polari;Bianco e Blu;
114778;Carla Iervolino;0;Falchi Grigi;Grigio e Nero;Falchi del Vento
114779;Egidio Enrico Lezzi;0;Cavalieri d'Argento;Argento e Blu;
114780;Licia Tirelli;0;Ippopotami Viola;Viola e Oro;
114781;Pamela Giacoma Giovanna Caprili;0;Volpi del Bosco;Blu e Rosso;Volpi Veloci
114782;Meinhard Steger;0;Serpenti Dorati;Oro e Rosso;Serpenti Dorati
114783;Anna Cinzia Causin;0;Pinguini Polari;Bianco e Nero;
114784;Pierantonio Bubbico;0;Camaleonti Arcobaleno;Blu e Verde;Camaleonti Magici
114785;Loris Giuseppe Sisler;0;Gatti Neri;Nero e Viola;
114786;Sergio Pezzopane;0;Squali Azzurri;Azzurro e Bianco;Predatori del Mare
114787;Albertino Rossa;0;Scorpioni Rossi;Giallo e Verde;Scorpioni d'Acciaio
114788;Ciro Ioannucci;0;Cavalieri d'Argento;Argento e Blu;
114789;Angela De Falco;0;Scorpioni Rossi;Giallo e Verde;Scorpioni d'Acciaio
114790;Nadia Marano;0;Cinghiali Selvaggi;Marrone e Verde;Cinghiali Ruggenti
114791;Fabio Debenedetti;0;Cavalli Selvaggi;Rosso e Argento;Cavalieri Selvaggi
114792;Alfonso Bilardi;0;Pinguini Polari;Bianco e Nero;
114793;Giovanni Vittorio Ferrazzi;0;Aquile Blu;Blu e Bianco;Aquile Volanti
114794;Maurizio Agostini;0;Orsi Polari;Bianco e Blu;
114795;Rosa Angela Gotor;0;Scorpioni Rossi;Giallo e Verde;Scorpioni d'Acciaio
114796;Costanzo Scivoletto;0;Orsi Polari;Bianco e Blu;
114797;Daisy Cesaro;0;Pavoni Reali;Oro e Viola;Ali Reali
114798;Mauro Antonio Donato Maggiore;0;Delfini Argentati;Argento e Nero;Onde Argentate
114799;Gianpiero Carlo Giacobbe;0;Volpi del Bosco;Blu e Rosso;Volpi Veloci
114800;Sabina Iuliano;0;Delfini Argentati;Argento e Nero;Onde Argentate
114801;Federica Rapani;0;Zebre Striate;Bianco e Rosso;Zebre Elettriche
114802;Gianmarco Miglio;0;Tigri Nere;Nero e Arancione;Tigri Infuocate
114803;Cristina Camusso;0;Aquile Blu;Blu e Bianco;Aquile Volanti
114804;Enrico Carpi;0;Squali Azzurri;Azzurro e Bianco;Predatori del Mare
114805;Antonio Adolfo Maria Del Turco;0;Pantere Rosa;Rosa e Grigio;Pantere Fiere
114806;Pierantonio Peterlini;0;Volpi del Bosco;Blu e Rosso;Volpi Veloci
114807;Sergio Grimani;0;Tigri Nere;Nero e Arancione;Tigri Infuocate
114808;Francesco Maria Vano;0;Gatti Neri;Nero e Viola;
114809;Valeria Berlinguer;0;Tigri Nere;Nero e Arancione;Tigri Infuocate
114810;Vita Maria Fuda;0;Serpenti Dorati;Oro e Rosso;Serpenti Dorati
114811;Cesarino Borghi;0;Cavalieri d'Argento;Argento e Blu;
114812;Raffaela Marton;0;Pantere Rosa;Rosa e Grigio;Pantere Fiere
114813;Rossana Pasquini;0;Dragoni Rossi;Rosso e Nero;Fiamme Rosse
114814;Domenica Sposetti;0;Lupi del Nord;Bianco e Grigio;Ululati del Nord
114815;Gianpiero Di Micco;0;Gatti Neri;Nero e Viola;
114816;Vito De Cristofaro;0;Gufi Notturni;Viola e Grigio;Occhi nella Notte
114817;Sergio Bevilacqua;0;Cavalli Selvaggi;Rosso e Argento;Cavalieri Selvaggi
114818;Vincenzo Maria Girotto;0;Lupi del Nord;Bianco e Grigio;Ululati del Nord
114819;Nadia D'ubaldo;0;Fenici Rosse;Rosso e Arancione;Ali di Fuoco
114820;Lucrezia Piano;0;Cavalli Selvaggi;Rosso e Argento;Cavalieri Selvaggi
114821;Vidmer Fruscio;0;Zebre Striate;Bianco e Rosso;Zebre Elettriche
114822;Dafne Fallucchi;0;Coccodrilli Verdi;Verde e Marrone;Coccodrilli d'Acciaio
114823;Carlo Palmizio;0;Zebre Striate;Bianco e Rosso;Zebre Elettriche
114824;Mauro Maria Aloisio;0;Tigri Nere;Nero e Arancione;Tigri Infuocate
114825;Claudio Franceschelli;0;Rinoceronti Blu;Verde e Argento;Rino Blu
114826;Sara Licastro Scardino;0;Rinoceronti Blu;Verde e Argento;Rino Blu
114827;Magda Dell'olio;0;Lupi del Nord;Bianco e Grigio;Ululati del Nord
114828;Laura Campus;0;Fulmini Verdi;Verde e Giallo;Lampi Verdi
114829;Tony Chike Zin;0;Coccodrilli Verdi;Verde e Marrone;Coccodrilli d'Acciaio
114830;Nazario Legnini;0;Pinguini Polari;Bianco e Nero;
114831;Giampaolo Marcucci;0;Leoni Dorati;Giallo e Nero;Leoni Ruggenti
114832;Cesare Spadoni Urbani;0;Corvi della Tempesta;Grigio e Blu;Tempesta Oscura
114833;William Campus;0;Cinghiali Selvaggi;Marrone e Verde;Cinghiali Ruggenti
114834;Nitto Francesco Donati;0;Cavalieri d'Argento;Argento e Blu;
114835;Pierfrancesco Emilio Romano Livi Bacci;0;Coccodrilli Verdi;Verde e Marrone;Coccodrilli d'Acciaio
114836;Linda Agogliati;0;Gufi Notturni;Viola e Grigio;Occhi nella Notte
114837;Achille Vicari;0;Cinghiali Selvaggi;Marrone e Verde;Cinghiali Ruggenti
114838;Rosario Sonego;0;Pantere Rosa;Rosa e Grigio;Pantere Fiere
114839;Ferdinando Sollo;0;Fulmini Verdi;Verde e Giallo;Lampi Verdi
114840;Giancarlo Torri;0;Cavalieri d'Argento;Argento e Blu;
114841;Giuseppe Onorato Benito Donno;0;Aquile Blu;Blu e Bianco;Aquile Volanti
114842;Guido Walter Cesare Agnelli;0;Fenici Rosse;Rosso e Arancione;Ali di Fuoco
114843;Oscar Luigi Santangelo;0;Cinghiali Selvaggi;Marrone e Verde;Cinghiali Ruggenti
114844;Gianluca Cappelletti;0;Serpenti Dorati;Oro e Rosso;Serpenti Dorati
114845;Ludovico Valli;0;Cinghiali Selvaggi;Marrone e Verde;Cinghiali Ruggenti
114846;Claudio Palmizio;0;Leoni Dorati;Giallo e Nero;Leoni Ruggenti
114847;Giovanni Vittorio Nava;0;Rinoceronti Blu;Verde e Argento;Rino Blu
114848;Vannino Lisei;0;Squali Azzurri;Azzurro e Bianco;Predatori del Mare
114849;Franca Molinari;0;Cavalli Selvaggi;Rosso e Argento;Cavalieri Selvaggi
114850;Cesarino Elia;0;Gufi Notturni;Viola e Grigio;Occhi nella Notte
114851;Vita Maria Giaretta;0;Orsi Polari;Bianco e Blu;
114852;Giampaolo Vittorio Elio Bortolotto;0;Zebre Striate;Bianco e Rosso;Zebre Elettriche
114853;Celestino Taverna;0;Pinguini Polari;Bianco e Nero;
114854;Nico Alicata;0;Fenici Rosse;Rosso e Arancione;Ali di Fuoco
114855;Filadelfio Guido Piccinelli;0;Elefanti Grigi;Nero e Bianco;Elefanti Titanici
114856;Laura D'ippolito Vitale;0;Cinghiali Selvaggi;Marrone e Verde;Cinghiali Ruggenti
114857;Emanuela Casson;0;Fenici Rosse;Rosso e Arancione;Ali di Fuoco
114858;Livia Casolati;0;Tigri Nere;Nero e Arancione;Tigri Infuocate
114859;Laura Della Vedova;0;Zebre Striate;Bianco e Rosso;Zebre Elettriche
114860;Primo Presutto;0;Squali Azzurri;Azzurro e Bianco;Predatori del Mare
114861;Sebastiano Pisani;0;Orsi Polari;Bianco e Blu;
114862;Armando Baratella;0;Lupi del Nord;Bianco e Grigio;Ululati del Nord
114863;Josefa Fusillo;0;Pinguini Polari;Bianco e Nero;
114864;Ludovico Formigoni;0;Gufi Notturni;Viola e Grigio;Occhi nella Notte
114865;Maria Luisa Magnalbo';0;Pinguini Polari;Bianco e Nero;
114866;Erika Girfatti;0;Fulmini Verdi;Verde e Giallo;Lampi Verdi
114867;Marco Castelli;0;Delfini Argentati;Argento e Nero;Onde Argentate
114868;Alfredo Moles;0;Coccodrilli Verdi;Verde e Marrone;Coccodrilli d'Acciaio
114869;Alessandro Andreotti;0;Pavoni Reali;Oro e Viola;Ali Reali
114870;Gian Guido Smuraglia;0;Squali Azzurri;Azzurro e Bianco;Predatori del Mare
114871;Bachisio Silvio Mazzuca Poggiolini;0;Delfini Argentati;Argento e Nero;Onde Argentate
114872;Dieter Rebuzzi;0;Fenici Rosse;Rosso e Arancione;Ali di Fuoco
114873;Laura Battista;0;Rinoceronti Blu;Verde e Argento;Rino Blu
114874;Rita Cirami;0;Cinghiali Selvaggi;Marrone e Verde;Cinghiali Ruggenti
114875;Giancarlo Marin;0;Leoni Dorati;Giallo e Nero;Leoni Ruggenti
114876;Donato Asciutti;0;Pantere Rosa;Rosa e Grigio;Pantere Fiere
114877;Lavinia Villari;0;Zebre Striate;Bianco e Rosso;Zebre Elettriche
114878;Cecilia Buccico;0;Falchi Grigi;Grigio e Nero;Falchi del Vento
114879;Rosaria Tesei;0;Serpenti Dorati;Oro e Rosso;Serpenti Dorati
114880;Fiorenza Borea;0;Tigri Nere;Nero e Arancione;Tigri Infuocate
114881;Ida Maria Spadoni Urbani;0;Delfini Argentati;Argento e Nero;Onde Argentate
114882;Leonardo Bonfrisco;0;Delfini Argentati;Argento e Nero;Onde Argentate
114883;Athos Balboni;0;Delfini Argentati;Argento e Nero;Onde Argentate
114884;Gian Piero Laforgia;0;Cavalli Selvaggi;Rosso e Argento;Cavalieri Selvaggi
114885;Maurizio Sanna;0;Gufi Notturni;Viola e Grigio;Occhi nella Notte
114886;Nando Pisanu;0;Cinghiali Selvaggi;Marrone e Verde;Cinghiali Ruggenti
114887;Maurizio Idem;0;Leoni Dorati;Giallo e Nero;Leoni Ruggenti
114888;Elia Licheri;0;Ippopotami Viola;Viola e Oro;
114889;Maria Chiara Danzi;0;Coccodrilli Verdi;Verde e Marrone;Coccodrilli d'Acciaio
114890;Christian Trematerra;0;Fulmini Verdi;Verde e Giallo;Lampi Verdi
114891;Piero Volpi;0;Aquile Reali;Blu e Oro;Reali del Cielo
114892;Leonzio Coronella;0;Fenici Rosse;Rosso e Arancione;Ali di Fuoco
114893;Mattia Collino;0;Zebre Striate;Bianco e Rosso;Zebre Elettriche
114894;Gianclaudio Cantini;0;Serpenti Dorati;Oro e Rosso;Serpenti Dorati
114895;Elena Scarabosio;0;Aquile Reali;Blu e Oro;Reali del Cielo
114896;Dieter Bodini;0;Fenici Rosse;Rosso e Arancione;Ali di Fuoco
114897;Concetto Erroi;0;Corvi della Tempesta;Grigio e Blu;Tempesta Oscura
114898;Anna Rita Chirilli;0;Fenici Rosse;Rosso e Arancione;Ali di Fuoco
114899;Elia Morri;0;Volpi del Bosco;Blu e Rosso;Volpi Veloci
114900;Diana Schifani;0;Corvi della Tempesta;Grigio e Blu;Tempesta Oscura
114901;Vito Rosario Alberti Casellati;0;Corvi della Tempesta;Grigio e Blu;Tempesta Oscura
114902;Giovanni Follini;0;Squali Azzurri;Azzurro e Bianco;Predatori del Mare
114903;Nicodemo Francesco Nencini;0;Gatti Neri;Nero e Viola;
114904;Athos Bilotti;0;Coccodrilli Verdi;Verde e Marrone;Coccodrilli d'Acciaio
114905;Isabella Scarpetti;0;Gatti Neri;Nero e Viola;
114906;Enzo Giorgio Secondo Ciccanti;0;Aquile Reali;Blu e Oro;Reali del Cielo
114907;Salvatore Fenu;0;Fenici Rosse;Rosso e Arancione;Ali di Fuoco
114908;Natale Testor;0;Pinguini Polari;Bianco e Nero;
114909;Ilaria Fazzolari;0;Orsi Polari;Bianco e Blu;
114910;Ornella Puglisi;0;Corvi della Tempesta;Grigio e Blu;Tempesta Oscura
114911;Cristiano Confalonieri;0;Camaleonti Arcobaleno;Blu e Verde;Camaleonti Magici
114912;Patrizia Pillon;0;Gufi Notturni;Viola e Grigio;Occhi nella Notte
114913;Angela Anna Bruna Biscardi;0;Rinoceronti Blu;Verde e Argento;Rino Blu
114914;Bartolo Verro;0;Lupi del Nord;Bianco e Grigio;Ululati del Nord
114915;Aniello Toia;0;Lupi del Nord;Bianco e Grigio;Ululati del Nord
114916;Daniele Gaetano Sciascia;0;Squali Azzurri;Azzurro e Bianco;Predatori del Mare
114917;Gaetano Mazzaracchio;0;Volpi del Bosco;Blu e Rosso;Volpi Veloci
114918;Celestino Fisichella;0;Orsi Polari;Bianco e Blu;
114919;Michele Arcangelo Di Giacomo;0;Aquile Blu;Blu e Bianco;Aquile Volanti
114920;Ombretta Marinello;0;Gufi Notturni;Viola e Grigio;Occhi nella Notte
114921;Euprepio Rossomando;0;Falchi Grigi;Grigio e Nero;Falchi del Vento
114922;Maria Paola Misiani;0;Corvi della Tempesta;Grigio e Blu;Tempesta Oscura
114923;Ettore Pietro Romani;0;Falchi Grigi;Grigio e Nero;Falchi del Vento
114924;Annalisa Spinello;0;Lupi del Nord;Bianco e Grigio;Ululati del Nord
114925;Franca Bobba;0;Cavalieri d'Argento;Argento e Blu;
114926;Carlo Luigi Treu;0;Cinghiali Selvaggi;Marrone e Verde;Cinghiali Ruggenti
114927;Ettore Murineddu;0;Aquile Blu;Blu e Bianco;Aquile Volanti
114928;Luisa Follini;0;Gufi Notturni;Viola e Grigio;Occhi nella Notte
114929;Vittorio Micheloni;0;Ippopotami Viola;Viola e Oro;
114930;Grazia Mazzaracchio;0;Falchi Grigi;Grigio e Nero;Falchi del Vento
114931;Agnese Bosello;0;Rinoceronti Blu;Verde e Argento;Rino Blu
114932;Guido Walter Cesare Mallegni;0;Zebre Striate;Bianco e Rosso;Zebre Elettriche
114933;Ludovico Sileri;0;Fenici Rosse;Rosso e Arancione;Ali di Fuoco
114934;Candido Germana';0;Gatti Neri;Nero e Viola;
114935;Maria Alessandra Cervellini;0;Fulmini Verdi;Verde e Giallo;Lampi Verdi
114936;Fulvio Polito;0;Gatti Neri;Nero e Viola;
114937;Dieter Iannuzzi;0;Aquile Blu;Blu e Bianco;Aquile Volanti
114938;Jas Ghigo;0;Pinguini Polari;Bianco e Nero;
114939;Augusto Musumeci;0;Camaleonti Arcobaleno;Blu e Verde;Camaleonti Magici
114940;Lido Malpezzi;0;Elefanti Grigi;Nero e Bianco;Elefanti Titanici
114941;Carmela Cioni;0;Rinoceronti Blu;Verde e Argento;Rino Blu
114942;Raffaella Fiormaria Bressa;0;Fulmini Verdi;Verde e Giallo;Lampi Verdi
114943;Carmine Grimani;0;Tigri Nere;Nero e Arancione;Tigri Infuocate
114944;Arnaldo Taverna;0;Pavoni Reali;Oro e Viola;Ali Reali
114945;Domenica Tirelli;0;Aquile Reali;Blu e Oro;Reali del Cielo
114946;Ottaviano Munerato;0;Delfini Argentati;Argento e Nero;Onde Argentate
114947;Maria Agostina Bonavita;0;Rinoceronti Blu;Verde e Argento;Rino Blu
114948;Alberto Scarpinato;0;Cavalieri d'Argento;Argento e Blu;
114949;Cinzia Maria Tomaselli;0;Serpenti Dorati;Oro e Rosso;Serpenti Dorati
114950;Gisella Botto;0;Fenici Rosse;Rosso e Arancione;Ali di Fuoco
114951;Irene Piscitelli;0;Gufi Notturni;Viola e Grigio;Occhi nella Notte
114952;Angelo Pistorio;0;Dragoni Rossi;Rosso e Nero;Fiamme Rosse
114953;Liliana De Paoli;0;Ippopotami Viola;Viola e Oro;
114954;Oscar Luigi Crippa;0;Rinoceronti Blu;Verde e Argento;Rino Blu
114955;Andrea Nardini;0;Falchi Grigi;Grigio e Nero;Falchi del Vento
114956;Nazario De Bertoldi;0;Pinguini Polari;Bianco e Nero;
114957;Nadia Quarto;0;Ippopotami Viola;Viola e Oro;
114958;Fulvio Crescenzio;0;Gatti Neri;Nero e Viola;
114959;Bachisio Silvio Bornacin;0;Leoni Dorati;Giallo e Nero;Leoni Ruggenti
114960;Rosario Barbato;0;Zebre Striate;Bianco e Rosso;Zebre Elettriche
114961;Patrizia Brisca Menapace;0;Serpenti Dorati;Oro e Rosso;Serpenti Dorati
114962;Nedo Lorenzo Rauti;0;Corvi della Tempesta;Grigio e Blu;Tempesta Oscura
114963;Franco Scanu;0;Rinoceronti Blu;Verde e Argento;Rino Blu
114964;Francesco Maria Sposetti;0;Gufi Notturni;Viola e Grigio;Occhi nella Notte
114965;Gianpiero Carlo Marcucci;0;Fulmini Verdi;Verde e Giallo;Lampi Verdi
114966;Simona Nunzia Forlani;0;Corvi della Tempesta;Grigio e Blu;Tempesta Oscura
114967;Costantino Caprili;0;Delfini Argentati;Argento e Nero;Onde Argentate
114968;Paola Di Maggio;0;Pantere Rosa;Rosa e Grigio;Pantere Fiere
114969;Maria Rosaria Favero;0;Pinguini Polari;Bianco e Nero;
114970;Gian Guido Gambini;0;Gufi Notturni;Viola e Grigio;Occhi nella Notte
114971;Natale Maria Alfonso Padua;0;Serpenti Dorati;Oro e Rosso;Serpenti Dorati
114972;Ombretta Melchiorre;0;Dragoni Rossi;Rosso e Nero;Fiamme Rosse
114973;Vittorio Davico;0;Camaleonti Arcobaleno;Blu e Verde;Camaleonti Magici
114974;Santo Scalia;0;Scorpioni Rossi;Giallo e Verde;Scorpioni d'Acciaio
114975;Marilena Uras;0;Scorpioni Rossi;Giallo e Verde;Scorpioni d'Acciaio
114976;Ester Azzollini;0;Serpenti Dorati;Oro e Rosso;Serpenti Dorati
114977;Corradino Salerno;0;Pavoni Reali;Oro e Viola;Ali Reali
114978;Bianca Laura Cirami;0;Delfini Argentati;Argento e Nero;Onde Argentate
114979;Lucio Alessio Farolfi;0;Orsi Polari;Bianco e Blu;
114980;Ersilia Licheri;0;Tigri Nere;Nero e Arancione;Tigri Infuocate
114981;Ilaria Lunardi;0;Pantere Rosa;Rosa e Grigio;Pantere Fiere
114982;Eugenio Mario Leonardi;0;Fulmini Verdi;Verde e Giallo;Lampi Verdi
114983;Ida Fasano;0;Aquile Blu;Blu e Bianco;Aquile Volanti
114984;Costanzo Buttiglione;0;Cavalli Selvaggi;Rosso e Argento;Cavalieri Selvaggi
114985;Simona Nunzia Coronella;0;Rinoceronti Blu;Verde e Argento;Rino Blu
114986;Oreste Pagliarulo;0;Elefanti Grigi;Nero e Bianco;Elefanti Titanici
114987;Cecilia Conte;0;Aquile Blu;Blu e Bianco;Aquile Volanti
114988;Remigio Cagnin;0;Gatti Neri;Nero e Viola;
114989;Gian Pietro Ancorotti;0;Lupi del Nord;Bianco e Grigio;Ululati del Nord
114990;Ester Castaldi;0;Corvi della Tempesta;Grigio e Blu;Tempesta Oscura
114991;Guido Quintino Mautone;0;Gatti Neri;Nero e Viola;
114992;Rosaria Di Stefano;0;Rinoceronti Blu;Verde e Argento;Rino Blu
114993;Danila Mazzatorta;0;Pinguini Polari;Bianco e Nero;
114994;Aldo Specchia;0;Coccodrilli Verdi;Verde e Marrone;Coccodrilli d'Acciaio
114995;Roberto Enriques;0;Gufi Notturni;Viola e Grigio;Occhi nella Notte
114996;Vera Liliana De Poli;0;Lupi del Nord;Bianco e Grigio;Ululati del Nord
114997;Francesco Paolo Gaglione;0;Cavalli Selvaggi;Rosso e Argento;Cavalieri Selvaggi
114998;Maria Luisa Giorgis;0;Aquile Blu;Blu e Bianco;Aquile Volanti
114999;Amedeo Martini;0;Cavalli Selvaggi;Rosso e Argento;Cavalieri Selvaggi
115000;Orietta Blundo;0;Aquile Blu;Blu e Bianco;Aquile Volanti
115001;Alessandra Malpezzi;0;Dragoni Rossi;Rosso e Nero;Fiamme Rosse
115002;Raffaela Schifani;0;Squali Azzurri;Azzurro e Bianco;Predatori del Mare
115003;Raffaela Turci;0;Scorpioni Rossi;Giallo e Verde;Scorpioni d'Acciaio
115004;Natale Forlani;0;Serpenti Dorati;Oro e Rosso;Serpenti Dorati
115005;Antonio Michele Saccone;0;Volpi del Bosco;Blu e Rosso;Volpi Veloci
115006;Ivana Pasinato;0;Cavalli Selvaggi;Rosso e Argento;Cavalieri Selvaggi
115007;Fiorenza Giovanelli;0;Coccodrilli Verdi;Verde e Marrone;Coccodrilli d'Acciaio
115008;Maria Cristina D'alia;0;Aquile Blu;Blu e Bianco;Aquile Volanti
115009;Luca Lisi;0;Ippopotami Viola;Viola e Oro;
115010;Valeria Rossa;0;Corvi della Tempesta;Grigio e Blu;Tempesta Oscura
115011;Basilio Fosson;0;Aquile Reali;Blu e Oro;Reali del Cielo
115012;Raoul Siliquini;0;Delfini Argentati;Argento e Nero;Onde Argentate
115013;Eva Bonino;0;Volpi del Bosco;Blu e Rosso;Volpi Veloci
115014;Dafne Tubetti;0;Volpi del Bosco;Blu e Rosso;Volpi Veloci
115015;Nazario Loreto;0;Delfini Argentati;Argento e Nero;Onde Argentate
115016;Gian Pietro Iurlaro;0;Cinghiali Selvaggi;Marrone e Verde;Cinghiali Ruggenti
115017;Meinhard Gelmetti;0;Gatti Neri;Nero e Viola;
115018;Maria Agostina De Carolis;0;Pavoni Reali;Oro e Viola;Ali Reali
115019;Concetta Micciche';0;Fenici Rosse;Rosso e Arancione;Ali di Fuoco
115020;Vito Rosario Piloni;0;Pantere Rosa;Rosa e Grigio;Pantere Fiere
115021;Lamberto Donise;0;Dragoni Rossi;Rosso e Nero;Fiamme Rosse
115022;Oreste Carraro;0;Corvi della Tempesta;Grigio e Blu;Tempesta Oscura
115023;Gian Piero Vizzini;0;Squali Azzurri;Azzurro e Bianco;Predatori del Mare
115024;Caterina Aderenti;0;Lupi del Nord;Bianco e Grigio;Ululati del Nord
115025;Donato Milone;0;Volpi del Bosco;Blu e Rosso;Volpi Veloci
115026;Antonella Di Orio;0;Cavalieri d'Argento;Argento e Blu;
115027;Francesco Enrico Tedesco;0;Gatti Neri;Nero e Viola;
115028;Ciro Saltamartini;0;Gufi Notturni;Viola e Grigio;Occhi nella Notte
115029;Giulio Brienza;0;Pavoni Reali;Oro e Viola;Ali Reali
115030;Anna Carmela Besostri;0;Ippopotami Viola;Viola e Oro;
115031;Tommaso Verducci;0;Camaleonti Arcobaleno;Blu e Verde;Camaleonti Magici
115032;Tatjana Mineo;0;Serpenti Dorati;Oro e Rosso;Serpenti Dorati
115033;Riccardo Bucalo;0;Squali Azzurri;Azzurro e Bianco;Predatori del Mare
115034;Amintore D'ubaldo;0;Cinghiali Selvaggi;Marrone e Verde;Cinghiali Ruggenti
115035;Athos Bassoli;0;Fulmini Verdi;Verde e Giallo;Lampi Verdi
115036;Santo Maccanico;0;Cavalli Selvaggi;Rosso e Argento;Cavalieri Selvaggi
115037;Ettore Antonio Ferrante;0;Fenici Rosse;Rosso e Arancione;Ali di Fuoco
115038;Vanni Moles;0;Elefanti Grigi;Nero e Bianco;Elefanti Titanici
115039;Stelio Carbone;0;Aquile Reali;Blu e Oro;Reali del Cielo
115040;Rosaria Lai;0;Delfini Argentati;Argento e Nero;Onde Argentate
115041;Fiorenza Camo;0;Gufi Notturni;Viola e Grigio;Occhi nella Notte
115042;Guido Walter Cesare Tomaselli;0;Rinoceronti Blu;Verde e Argento;Rino Blu
115043;Sauro Compagna;0;Pantere Rosa;Rosa e Grigio;Pantere Fiere
115044;Sandra Contestabile;0;Fulmini Verdi;Verde e Giallo;Lampi Verdi
115045;Giuseppe Maria Piscitelli;0;Pantere Rosa;Rosa e Grigio;Pantere Fiere
115046;Silvio Diana;0;Delfini Argentati;Argento e Nero;Onde Argentate
115047;Gelsomina Ambrogio;0;Tigri Nere;Nero e Arancione;Tigri Infuocate
115048;Adriano Travaglia;0;Aquile Blu;Blu e Bianco;Aquile Volanti
115049;Donato Tommaso Federici;0;Leoni Dorati;Giallo e Nero;Leoni Ruggenti
115050;Mario De Luca;0;Falchi Grigi;Grigio e Nero;Falchi del Vento
115051;Mario Esposito;0;Orsi Polari;Bianco e Blu;
115052;Dario Vano;0;Falchi Grigi;Grigio e Nero;Falchi del Vento
115053;Giuseppe Milana;0;Aquile Reali;Blu e Oro;Reali del Cielo
115054;Mariapia Saporito;0;Falchi Grigi;Grigio e Nero;Falchi del Vento
115055;Antonello Comaroli;0;Lupi del Nord;Bianco e Grigio;Ululati del Nord
115056;Ignazio Tonini;0;Zebre Striate;Bianco e Rosso;Zebre Elettriche
115057;Lanfranco Scoma;0;Fenici Rosse;Rosso e Arancione;Ali di Fuoco
115058;Gianni Pietro Adduce;0;Serpenti Dorati;Oro e Rosso;Serpenti Dorati
115059;Erika Pisanu;0;Rinoceronti Blu;Verde e Argento;Rino Blu
115060;Vanna Minasi;0;Aquile Blu;Blu e Bianco;Aquile Volanti
115061;Etelwardo Bocca;0;Corvi della Tempesta;Grigio e Blu;Tempesta Oscura
115062;Luis Alberto Calderoli;0;Pantere Rosa;Rosa e Grigio;Pantere Fiere
115063;Mirella Massucco;0;Orsi Polari;Bianco e Blu;
115064;Gilberto Bergonzi;0;Lupi del Nord;Bianco e Grigio;Ululati del Nord
115065;Achille Scalera;0;Cinghiali Selvaggi;Marrone e Verde;Cinghiali Ruggenti
115066;Umberto Formigoni;0;Orsi Polari;Bianco e Blu;
115067;Ersilia Vallardi;0;Ippopotami Viola;Viola e Oro;
115068;Angelo Michele Margiotta;0;Tigri Nere;Nero e Arancione;Tigri Infuocate
115069;Edo Calderoli;0;Aquile Reali;Blu e Oro;Reali del Cielo
115070;Gianni Gagliardi;0;Cavalli Selvaggi;Rosso e Argento;Cavalieri Selvaggi
115071;Clemente Tiraboschi;0;Scorpioni Rossi;Giallo e Verde;Scorpioni d'Acciaio
115072;Emiddio Martelli;0;Rinoceronti Blu;Verde e Argento;Rino Blu
115073;Pamela Giacoma Giovanna Thaler Ausserhofer;0;Cavalieri d'Argento;Argento e Blu;
115074;Antonio Michele Nicita;0;Delfini Argentati;Argento e Nero;Onde Argentate
115075;Maria Agostina Puppato;0;Corvi della Tempesta;Grigio e Blu;Tempesta Oscura
115076;Dorina Ceruti;0;Scorpioni Rossi;Giallo e Verde;Scorpioni d'Acciaio
115077;Gilberto Borioli;0;Gatti Neri;Nero e Viola;
115078;Stefania Sartori;0;Dragoni Rossi;Rosso e Nero;Fiamme Rosse
115079;Margherita Sambin;0;Elefanti Grigi;Nero e Bianco;Elefanti Titanici
115080;Maria Claudia Agoni;0;Zebre Striate;Bianco e Rosso;Zebre Elettriche
115081;Silvana Andreina Mancini;0;Gatti Neri;Nero e Viola;
115082;Francesco Paolo Mussolini;0;Gatti Neri;Nero e Viola;
115083;Karl Bonfietti;0;Cavalieri d'Argento;Argento e Blu;
115084;Andrea Benedetti Valentini;0;Gufi Notturni;Viola e Grigio;Occhi nella Notte
115085;Vanni Mercatali;0;Squali Azzurri;Azzurro e Bianco;Predatori del Mare
115086;Gian Marco Bratina;0;Pavoni Reali;Oro e Viola;Ali Reali
115087;Franco Costantino Borioli;0;Aquile Reali;Blu e Oro;Reali del Cielo
115088;Antonio Michele Pasquali;0;Gatti Neri;Nero e Viola;
115089;Lionello D'ascola;0;Camaleonti Arcobaleno;Blu e Verde;Camaleonti Magici
